2026-05-05 21:58:52 | INFO     | pipeline.parsers.mw | MarketWatchParser: MW-ETF-04-Apr-2026.csv
2026-05-05 21:58:52 | INFO     | pipeline.parsers.mw | Index name: ETF
2026-05-05 21:58:52 | INFO     | pipeline.parsers.mw | MarketWatchParser result: 319 constituents
2026-05-05 21:58:52 | INFO     | pipeline.parsers.mw | MarketWatchParser: MW-ETF-06-Apr-2026.csv
2026-05-05 21:58:52 | INFO     | pipeline.parsers.mw | Index name: ETF
2026-05-05 21:58:52 | INFO     | pipeline.parsers.mw | MarketWatchParser result: 320 constituents
2026-05-05 21:58:52 | INFO     | pipeline.parsers.mw | MarketWatchParser: MW-ETF-07-Apr-2026.csv
2026-05-05 21:58:52 | INFO     | pipeline.parsers.mw | Index name: ETF
2026-05-05 21:58:52 | INFO     | pipeline.parsers.mw | MarketWatchParser result: 320 constituents
2026-05-05 21:58:52 | INFO     | pipeline.parsers.mw | MarketWatchParser: MW-ETF-09-Apr-2026 (1).csv
2026-05-05 21:58:52 | INFO     | pipeline.parsers.mw | Index name: ETF 09 Apr 2026 (1)
2026-05-05 21:58:53 | INFO     | pipeline.parsers.mw | MarketWatchParser result: 320 constituents
2026-05-05 21:58:53 | INFO     | pipeline.parsers.mw | MarketWatchParser: MW-ETF-09-Apr-2026.csv
2026-05-05 21:58:53 | INFO     | pipeline.parsers.mw | Index name: ETF
2026-05-05 21:58:53 | INFO     | pipeline.parsers.mw | MarketWatchParser result: 320 constituents
2026-05-05 21:58:53 | INFO     | pipeline.parsers.mw | MarketWatchParser: MW-ETF-10-Apr-2026.csv
2026-05-05 21:58:53 | INFO     | pipeline.parsers.mw | Index name: ETF
2026-05-05 21:58:53 | INFO     | pipeline.parsers.mw | MarketWatchParser result: 321 constituents
2026-05-05 21:58:53 | INFO     | pipeline.parsers.mw | MarketWatchParser: MW-ETF-15-Apr-2026.csv
2026-05-05 21:58:53 | INFO     | pipeline.parsers.mw | Index name: ETF
2026-05-05 21:58:53 | INFO     | pipeline.parsers.mw | MarketWatchParser result: 321 constituents
2026-05-05 21:58:53 | INFO     | pipeline.parsers.mw | MarketWatchParser: MW-ETF-16-Apr-2026.csv
2026-05-05 21:58:53 | INFO     | pipeline.parsers.mw | Index name: ETF
2026-05-05 21:58:53 | INFO     | pipeline.parsers.mw | MarketWatchParser result: 321 constituents
2026-05-05 21:58:53 | INFO     | pipeline.parsers.mw | MarketWatchParser: MW-ETF-17-Apr-2026.csv
2026-05-05 21:58:53 | INFO     | pipeline.parsers.mw | Index name: ETF
2026-05-05 21:58:53 | INFO     | pipeline.parsers.mw | MarketWatchParser result: 321 constituents
2026-05-05 21:58:53 | INFO     | pipeline.parsers.mw | MarketWatchParser: MW-ETF-20-Apr-2026.csv
2026-05-05 21:58:53 | INFO     | pipeline.parsers.mw | Index name: ETF
2026-05-05 21:58:53 | INFO     | pipeline.parsers.mw | MarketWatchParser result: 321 constituents
2026-05-05 21:58:53 | INFO     | pipeline.parsers.mw | MarketWatchParser: MW-ETF-21-Apr-2026.csv
2026-05-05 21:58:53 | INFO     | pipeline.parsers.mw | Index name: ETF
2026-05-05 21:58:53 | INFO     | pipeline.parsers.mw | MarketWatchParser result: 321 constituents
2026-05-05 21:58:53 | INFO     | pipeline.parsers.mw | MarketWatchParser: MW-ETF-22-Apr-2026.csv
2026-05-05 21:58:53 | INFO     | pipeline.parsers.mw | Index name: ETF
2026-05-05 21:58:53 | INFO     | pipeline.parsers.mw | MarketWatchParser result: 321 constituents
2026-05-05 21:58:53 | INFO     | pipeline.parsers.mw | MarketWatchParser: MW-ETF-24-Apr-2026.csv
2026-05-05 21:58:53 | INFO     | pipeline.parsers.mw | Index name: ETF
2026-05-05 21:58:54 | INFO     | pipeline.parsers.mw | MarketWatchParser result: 321 constituents
2026-05-05 21:58:54 | INFO     | pipeline.parsers.mw | MarketWatchParser: MW-ETF-24-Mar-2026.csv
2026-05-05 21:58:54 | INFO     | pipeline.parsers.mw | Index name: ETF
2026-05-05 21:58:54 | INFO     | pipeline.parsers.mw | MarketWatchParser result: 316 constituents
2026-05-05 21:58:54 | INFO     | pipeline.parsers.mw | MarketWatchParser: MW-ETF-27-Mar-2026.csv
2026-05-05 21:58:54 | INFO     | pipeline.parsers.mw | Index name: ETF
2026-05-05 21:58:54 | INFO     | pipeline.parsers.mw | MarketWatchParser result: 319 constituents
2026-05-05 21:58:54 | INFO     | pipeline.parsers.mw | MarketWatchParser: MW-ETF-28-Apr-2026.csv
2026-05-05 21:58:54 | INFO     | pipeline.parsers.mw | Index name: ETF
2026-05-05 21:58:54 | INFO     | pipeline.parsers.mw | MarketWatchParser result: 321 constituents
2026-05-05 21:58:54 | INFO     | pipeline.parsers.mw | MarketWatchParser: MW-ETF-30-Mar-2026.csv
2026-05-05 21:58:54 | INFO     | pipeline.parsers.mw | Index name: ETF
2026-05-05 21:58:54 | INFO     | pipeline.parsers.mw | MarketWatchParser result: 319 constituents
2026-05-05 22:11:53 | INFO     | pipeline.parsers.mw | MarketWatchParser: MW-ETF-04-Apr-2026.csv
2026-05-05 22:11:53 | INFO     | pipeline.parsers.mw | Index name: ETF
2026-05-05 22:11:53 | INFO     | pipeline.parsers.mw | MarketWatchParser result: 319 constituents
2026-05-05 22:11:53 | INFO     | pipeline.parsers.mw | MarketWatchParser: MW-ETF-06-Apr-2026.csv
2026-05-05 22:11:53 | INFO     | pipeline.parsers.mw | Index name: ETF
2026-05-05 22:11:53 | INFO     | pipeline.parsers.mw | MarketWatchParser result: 320 constituents
2026-05-05 22:11:53 | INFO     | pipeline.parsers.mw | MarketWatchParser: MW-ETF-07-Apr-2026.csv
2026-05-05 22:11:53 | INFO     | pipeline.parsers.mw | Index name: ETF
2026-05-05 22:11:53 | INFO     | pipeline.parsers.mw | MarketWatchParser result: 320 constituents
2026-05-05 22:11:53 | INFO     | pipeline.parsers.mw | MarketWatchParser: MW-ETF-09-Apr-2026 (1).csv
2026-05-05 22:11:53 | INFO     | pipeline.parsers.mw | Index name: ETF 09 Apr 2026 (1)
2026-05-05 22:11:53 | INFO     | pipeline.parsers.mw | MarketWatchParser result: 320 constituents
2026-05-05 22:11:53 | INFO     | pipeline.parsers.mw | MarketWatchParser: MW-ETF-09-Apr-2026.csv
2026-05-05 22:11:53 | INFO     | pipeline.parsers.mw | Index name: ETF
2026-05-05 22:11:53 | INFO     | pipeline.parsers.mw | MarketWatchParser result: 320 constituents
2026-05-05 22:11:53 | INFO     | pipeline.parsers.mw | MarketWatchParser: MW-ETF-10-Apr-2026.csv
2026-05-05 22:11:53 | INFO     | pipeline.parsers.mw | Index name: ETF
2026-05-05 22:11:53 | INFO     | pipeline.parsers.mw | MarketWatchParser result: 321 constituents
2026-05-05 22:11:53 | INFO     | pipeline.parsers.mw | MarketWatchParser: MW-ETF-15-Apr-2026.csv
2026-05-05 22:11:53 | INFO     | pipeline.parsers.mw | Index name: ETF
2026-05-05 22:11:53 | INFO     | pipeline.parsers.mw | MarketWatchParser result: 321 constituents
2026-05-05 22:11:53 | INFO     | pipeline.parsers.mw | MarketWatchParser: MW-ETF-16-Apr-2026.csv
2026-05-05 22:11:53 | INFO     | pipeline.parsers.mw | Index name: ETF
2026-05-05 22:11:53 | INFO     | pipeline.parsers.mw | MarketWatchParser result: 321 constituents
2026-05-05 22:11:53 | INFO     | pipeline.parsers.mw | MarketWatchParser: MW-ETF-17-Apr-2026.csv
2026-05-05 22:11:53 | INFO     | pipeline.parsers.mw | Index name: ETF
2026-05-05 22:11:53 | INFO     | pipeline.parsers.mw | MarketWatchParser result: 321 constituents
2026-05-05 22:11:53 | INFO     | pipeline.parsers.mw | MarketWatchParser: MW-ETF-20-Apr-2026.csv
2026-05-05 22:11:53 | INFO     | pipeline.parsers.mw | Index name: ETF
2026-05-05 22:11:53 | INFO     | pipeline.parsers.mw | MarketWatchParser result: 321 constituents
2026-05-05 22:11:53 | INFO     | pipeline.parsers.mw | MarketWatchParser: MW-ETF-21-Apr-2026.csv
2026-05-05 22:11:53 | INFO     | pipeline.parsers.mw | Index name: ETF
2026-05-05 22:11:54 | INFO     | pipeline.parsers.mw | MarketWatchParser result: 321 constituents
2026-05-05 22:11:54 | INFO     | pipeline.parsers.mw | MarketWatchParser: MW-ETF-22-Apr-2026.csv
2026-05-05 22:11:54 | INFO     | pipeline.parsers.mw | Index name: ETF
2026-05-05 22:11:54 | INFO     | pipeline.parsers.mw | MarketWatchParser result: 321 constituents
2026-05-05 22:11:54 | INFO     | pipeline.parsers.mw | MarketWatchParser: MW-ETF-24-Apr-2026.csv
2026-05-05 22:11:54 | INFO     | pipeline.parsers.mw | Index name: ETF
2026-05-05 22:11:54 | INFO     | pipeline.parsers.mw | MarketWatchParser result: 321 constituents
2026-05-05 22:11:54 | INFO     | pipeline.parsers.mw | MarketWatchParser: MW-ETF-24-Mar-2026.csv
2026-05-05 22:11:54 | INFO     | pipeline.parsers.mw | Index name: ETF
2026-05-05 22:11:54 | INFO     | pipeline.parsers.mw | MarketWatchParser result: 316 constituents
2026-05-05 22:11:54 | INFO     | pipeline.parsers.mw | MarketWatchParser: MW-ETF-27-Mar-2026.csv
2026-05-05 22:11:54 | INFO     | pipeline.parsers.mw | Index name: ETF
2026-05-05 22:11:54 | INFO     | pipeline.parsers.mw | MarketWatchParser result: 319 constituents
2026-05-05 22:11:54 | INFO     | pipeline.parsers.mw | MarketWatchParser: MW-ETF-28-Apr-2026.csv
2026-05-05 22:11:54 | INFO     | pipeline.parsers.mw | Index name: ETF
2026-05-05 22:11:54 | INFO     | pipeline.parsers.mw | MarketWatchParser result: 321 constituents
2026-05-05 22:11:54 | INFO     | pipeline.parsers.mw | MarketWatchParser: MW-ETF-30-Mar-2026.csv
2026-05-05 22:11:54 | INFO     | pipeline.parsers.mw | Index name: ETF
2026-05-05 22:11:54 | INFO     | pipeline.parsers.mw | MarketWatchParser result: 319 constituents
2026-05-05 22:45:07 | INFO     | pipeline.parsers.mw | MarketWatchParser: MW-NIFTY-CAPITAL-MARKETS-22-Apr-2026 (1).csv
2026-05-05 22:45:07 | INFO     | pipeline.parsers.mw | Index name: NIFTY CAPITAL MARKETS 22 Apr 2026 (1)
2026-05-05 22:45:07 | INFO     | pipeline.parsers.mw | MarketWatchParser result: 17 constituents
2026-05-05 22:45:07 | INFO     | pipeline.parsers.mw | MarketWatchParser: MW-NIFTY-CAPITAL-MARKETS-22-Apr-2026 (2).csv
2026-05-05 22:45:07 | INFO     | pipeline.parsers.mw | Index name: NIFTY CAPITAL MARKETS 22 Apr 2026 (2)
2026-05-05 22:45:07 | INFO     | pipeline.parsers.mw | MarketWatchParser result: 17 constituents
2026-05-05 22:45:07 | INFO     | pipeline.parsers.mw | MarketWatchParser: MW-NIFTY-CAPITAL-MARKETS-22-Apr-2026.csv
2026-05-05 22:45:07 | INFO     | pipeline.parsers.mw | Index name: NIFTY CAPITAL MARKETS
2026-05-05 22:45:07 | INFO     | pipeline.parsers.mw | MarketWatchParser result: 17 constituents
2026-05-05 22:45:07 | INFO     | pipeline.parsers.mw | MarketWatchParser: MW-NIFTY-CAPITAL-MARKETS-23-Apr-2026.csv
2026-05-05 22:45:07 | INFO     | pipeline.parsers.mw | Index name: NIFTY CAPITAL MARKETS
2026-05-05 22:45:07 | INFO     | pipeline.parsers.mw | MarketWatchParser result: 17 constituents
2026-05-05 22:45:07 | INFO     | pipeline.parsers.mw | MarketWatchParser: MW-NIFTY-CAPITAL-MARKETS-24-Apr-2026.csv
2026-05-05 22:45:07 | INFO     | pipeline.parsers.mw | Index name: NIFTY CAPITAL MARKETS
2026-05-05 22:45:07 | INFO     | pipeline.parsers.mw | MarketWatchParser result: 17 constituents
2026-05-05 22:45:07 | INFO     | pipeline.parsers.mw | MarketWatchParser: MW-NIFTY-CAPITAL-MARKETS-27-Apr-2026.csv
2026-05-05 22:45:07 | INFO     | pipeline.parsers.mw | Index name: NIFTY CAPITAL MARKETS
2026-05-05 22:45:07 | INFO     | pipeline.parsers.mw | MarketWatchParser result: 17 constituents
2026-05-05 22:45:07 | INFO     | pipeline.parsers.mw | MarketWatchParser: MW-NIFTY-CAPITAL-MARKETS-28-Apr-2026 (1).csv
2026-05-05 22:45:07 | INFO     | pipeline.parsers.mw | Index name: NIFTY CAPITAL MARKETS 28 Apr 2026 (1)
2026-05-05 22:45:07 | INFO     | pipeline.parsers.mw | MarketWatchParser result: 17 constituents
2026-05-05 22:45:07 | INFO     | pipeline.parsers.mw | MarketWatchParser: MW-NIFTY-CAPITAL-MARKETS-28-Apr-2026.csv
2026-05-05 22:45:07 | INFO     | pipeline.parsers.mw | Index name: NIFTY CAPITAL MARKETS
2026-05-05 22:45:07 | INFO     | pipeline.parsers.mw | MarketWatchParser result: 17 constituents
2026-05-05 22:45:07 | INFO     | pipeline.parsers.mw | MarketWatchParser: MW-NIFTY-CAPITAL-MARKETS-29-Apr-2026.csv
2026-05-05 22:45:07 | INFO     | pipeline.parsers.mw | Index name: NIFTY CAPITAL MARKETS
2026-05-05 22:45:07 | INFO     | pipeline.parsers.mw | MarketWatchParser result: 17 constituents
2026-05-05 22:45:07 | INFO     | pipeline.parsers.mw | MarketWatchParser: MW-NIFTY-INDIA-MANUFACTURING-22-Apr-2026 (1).csv
2026-05-05 22:45:07 | INFO     | pipeline.parsers.mw | Index name: NIFTY INDIA MANUFACTURING 22 Apr 2026 (1)
2026-05-05 22:45:07 | INFO     | pipeline.parsers.mw | MarketWatchParser result: 76 constituents
2026-05-05 22:45:07 | INFO     | pipeline.parsers.mw | MarketWatchParser: MW-NIFTY-INDIA-MANUFACTURING-22-Apr-2026.csv
2026-05-05 22:45:07 | INFO     | pipeline.parsers.mw | Index name: NIFTY INDIA MANUFACTURING
2026-05-05 22:45:08 | INFO     | pipeline.parsers.mw | MarketWatchParser result: 76 constituents
2026-05-05 22:45:08 | INFO     | pipeline.parsers.mw | MarketWatchParser: MW-NIFTY-INDIA-MANUFACTURING-23-Apr-2026.csv
2026-05-05 22:45:08 | INFO     | pipeline.parsers.mw | Index name: NIFTY INDIA MANUFACTURING
2026-05-05 22:45:08 | INFO     | pipeline.parsers.mw | MarketWatchParser result: 76 constituents
2026-05-05 22:45:08 | INFO     | pipeline.parsers.mw | MarketWatchParser: MW-NIFTY-INDIA-MANUFACTURING-24-Apr-2026.csv
2026-05-05 22:45:08 | INFO     | pipeline.parsers.mw | Index name: NIFTY INDIA MANUFACTURING
2026-05-05 22:45:08 | INFO     | pipeline.parsers.mw | MarketWatchParser result: 76 constituents
2026-05-05 22:45:08 | INFO     | pipeline.parsers.mw | MarketWatchParser: MW-NIFTY-INDIA-MANUFACTURING-27-Apr-2026.csv
2026-05-05 22:45:08 | INFO     | pipeline.parsers.mw | Index name: NIFTY INDIA MANUFACTURING
2026-05-05 22:45:08 | INFO     | pipeline.parsers.mw | MarketWatchParser result: 76 constituents
2026-05-05 22:45:08 | INFO     | pipeline.parsers.mw | MarketWatchParser: MW-NIFTY-INDIA-MANUFACTURING-28-Apr-2026.csv
2026-05-05 22:45:08 | INFO     | pipeline.parsers.mw | Index name: NIFTY INDIA MANUFACTURING
2026-05-05 22:45:08 | INFO     | pipeline.parsers.mw | MarketWatchParser result: 76 constituents
2026-05-05 22:45:08 | INFO     | pipeline.parsers.mw | MarketWatchParser: MW-NIFTY-INDIA-MANUFACTURING-29-Apr-2026.csv
2026-05-05 22:45:08 | INFO     | pipeline.parsers.mw | Index name: NIFTY INDIA MANUFACTURING
2026-05-05 22:45:08 | INFO     | pipeline.parsers.mw | MarketWatchParser result: 76 constituents
2026-05-05 22:45:08 | INFO     | pipeline.parsers.mw | MarketWatchParser: MW-NIFTY-MIDSMALL-FINANCIAL-SERVICES-21-Apr-2026.csv
2026-05-05 22:45:08 | INFO     | pipeline.parsers.mw | Index name: NIFTY MIDSMALL FINANCIAL SERVICES
2026-05-05 22:45:08 | INFO     | pipeline.parsers.mw | MarketWatchParser result: 30 constituents
2026-05-05 22:45:08 | INFO     | pipeline.parsers.mw | MarketWatchParser: MW-NIFTY-MIDSMALL-FINANCIAL-SERVICES-22-Apr-2026.csv
2026-05-05 22:45:08 | INFO     | pipeline.parsers.mw | Index name: NIFTY MIDSMALL FINANCIAL SERVICES
2026-05-05 22:45:08 | INFO     | pipeline.parsers.mw | MarketWatchParser result: 30 constituents
2026-05-05 22:45:08 | INFO     | pipeline.parsers.mw | MarketWatchParser: MW-NIFTY-MIDSMALL-FINANCIAL-SERVICES-23-Apr-2026.csv
2026-05-05 22:45:08 | INFO     | pipeline.parsers.mw | Index name: NIFTY MIDSMALL FINANCIAL SERVICES
2026-05-05 22:45:08 | INFO     | pipeline.parsers.mw | MarketWatchParser result: 30 constituents
2026-05-05 22:45:08 | INFO     | pipeline.parsers.mw | MarketWatchParser: MW-NIFTY-MIDSMALL-FINANCIAL-SERVICES-24-Apr-2026.csv
2026-05-05 22:45:08 | INFO     | pipeline.parsers.mw | Index name: NIFTY MIDSMALL FINANCIAL SERVICES
2026-05-05 22:45:08 | INFO     | pipeline.parsers.mw | MarketWatchParser result: 30 constituents
2026-05-05 22:45:08 | INFO     | pipeline.parsers.mw | MarketWatchParser: MW-NIFTY-MIDSMALL-FINANCIAL-SERVICES-27-Apr-2026.csv
2026-05-05 22:45:08 | INFO     | pipeline.parsers.mw | Index name: NIFTY MIDSMALL FINANCIAL SERVICES
2026-05-05 22:45:08 | INFO     | pipeline.parsers.mw | MarketWatchParser result: 30 constituents
2026-05-05 22:45:08 | INFO     | pipeline.parsers.mw | MarketWatchParser: MW-NIFTY-MIDSMALL-FINANCIAL-SERVICES-28-Apr-2026.csv
2026-05-05 22:45:08 | INFO     | pipeline.parsers.mw | Index name: NIFTY MIDSMALL FINANCIAL SERVICES
2026-05-05 22:45:08 | INFO     | pipeline.parsers.mw | MarketWatchParser result: 30 constituents
2026-05-05 22:45:08 | INFO     | pipeline.parsers.mw | MarketWatchParser: MW-NIFTY-MIDSMALL-FINANCIAL-SERVICES-29-Apr-2026.csv
2026-05-05 22:45:08 | INFO     | pipeline.parsers.mw | Index name: NIFTY MIDSMALL FINANCIAL SERVICES
2026-05-05 22:45:08 | INFO     | pipeline.parsers.mw | MarketWatchParser result: 30 constituents
2026-05-05 22:45:09 | INFO     | pipeline.parsers.mw | MarketWatchParser: MW-NIFTY-MIDSMALL-HEALTHCARE-21-Apr-2026.csv
2026-05-05 22:45:09 | INFO     | pipeline.parsers.mw | Index name: NIFTY MIDSMALL HEALTHCARE
2026-05-05 22:45:09 | INFO     | pipeline.parsers.mw | MarketWatchParser result: 30 constituents
2026-05-05 22:45:09 | INFO     | pipeline.parsers.mw | MarketWatchParser: MW-NIFTY-MIDSMALL-HEALTHCARE-22-Apr-2026.csv
2026-05-05 22:45:09 | INFO     | pipeline.parsers.mw | Index name: NIFTY MIDSMALL HEALTHCARE
2026-05-05 22:45:09 | INFO     | pipeline.parsers.mw | MarketWatchParser result: 30 constituents
2026-05-05 22:45:09 | INFO     | pipeline.parsers.mw | MarketWatchParser: MW-NIFTY-MIDSMALL-HEALTHCARE-23-Apr-2026.csv
2026-05-05 22:45:09 | INFO     | pipeline.parsers.mw | Index name: NIFTY MIDSMALL HEALTHCARE
2026-05-05 22:45:09 | INFO     | pipeline.parsers.mw | MarketWatchParser result: 30 constituents
2026-05-05 22:45:09 | INFO     | pipeline.parsers.mw | MarketWatchParser: MW-NIFTY-MIDSMALL-HEALTHCARE-24-Apr-2026.csv
2026-05-05 22:45:09 | INFO     | pipeline.parsers.mw | Index name: NIFTY MIDSMALL HEALTHCARE
2026-05-05 22:45:09 | INFO     | pipeline.parsers.mw | MarketWatchParser result: 30 constituents
2026-05-05 22:45:09 | INFO     | pipeline.parsers.mw | MarketWatchParser: MW-NIFTY-MIDSMALL-HEALTHCARE-27-Apr-2026.csv
2026-05-05 22:45:09 | INFO     | pipeline.parsers.mw | Index name: NIFTY MIDSMALL HEALTHCARE
2026-05-05 22:45:09 | INFO     | pipeline.parsers.mw | MarketWatchParser result: 30 constituents
2026-05-05 22:45:09 | INFO     | pipeline.parsers.mw | MarketWatchParser: MW-NIFTY-MIDSMALL-HEALTHCARE-28-Apr-2026.csv
2026-05-05 22:45:09 | INFO     | pipeline.parsers.mw | Index name: NIFTY MIDSMALL HEALTHCARE
2026-05-05 22:45:09 | INFO     | pipeline.parsers.mw | MarketWatchParser result: 30 constituents
2026-05-05 22:45:09 | INFO     | pipeline.parsers.mw | MarketWatchParser: MW-NIFTY-MIDSMALL-HEALTHCARE-29-Apr-2026.csv
2026-05-05 22:45:09 | INFO     | pipeline.parsers.mw | Index name: NIFTY MIDSMALL HEALTHCARE
2026-05-05 22:45:09 | INFO     | pipeline.parsers.mw | MarketWatchParser result: 30 constituents
2026-05-05 22:45:09 | INFO     | pipeline.parsers.mw | MarketWatchParser: MW-NIFTY-MIDSMALL-IT-&-TELECOM-21-Apr-2026.csv
2026-05-05 22:45:09 | INFO     | pipeline.parsers.mw | Index name: NIFTY MIDSMALL IT & TELECOM
2026-05-05 22:45:09 | INFO     | pipeline.parsers.mw | MarketWatchParser result: 20 constituents
2026-05-05 22:45:09 | INFO     | pipeline.parsers.mw | MarketWatchParser: MW-NIFTY-MIDSMALL-IT-&-TELECOM-22-Apr-2026.csv
2026-05-05 22:45:09 | INFO     | pipeline.parsers.mw | Index name: NIFTY MIDSMALL IT & TELECOM
2026-05-05 22:45:09 | INFO     | pipeline.parsers.mw | MarketWatchParser result: 20 constituents
2026-05-05 22:45:09 | INFO     | pipeline.parsers.mw | MarketWatchParser: MW-NIFTY-MIDSMALL-IT-&-TELECOM-23-Apr-2026.csv
2026-05-05 22:45:09 | INFO     | pipeline.parsers.mw | Index name: NIFTY MIDSMALL IT & TELECOM
2026-05-05 22:45:09 | INFO     | pipeline.parsers.mw | MarketWatchParser result: 20 constituents
2026-05-05 22:45:09 | INFO     | pipeline.parsers.mw | MarketWatchParser: MW-NIFTY-MIDSMALL-IT-&-TELECOM-24-Apr-2026.csv
2026-05-05 22:45:09 | INFO     | pipeline.parsers.mw | Index name: NIFTY MIDSMALL IT & TELECOM
2026-05-05 22:45:09 | INFO     | pipeline.parsers.mw | MarketWatchParser result: 20 constituents
2026-05-05 22:45:09 | INFO     | pipeline.parsers.mw | MarketWatchParser: MW-NIFTY-MIDSMALL-IT-&-TELECOM-27-Apr-2026.csv
2026-05-05 22:45:09 | INFO     | pipeline.parsers.mw | Index name: NIFTY MIDSMALL IT & TELECOM
2026-05-05 22:45:09 | INFO     | pipeline.parsers.mw | MarketWatchParser result: 20 constituents
2026-05-05 22:45:09 | INFO     | pipeline.parsers.mw | MarketWatchParser: MW-NIFTY-MIDSMALL-IT-&-TELECOM-28-Apr-2026.csv
2026-05-05 22:45:09 | INFO     | pipeline.parsers.mw | Index name: NIFTY MIDSMALL IT & TELECOM
2026-05-05 22:45:09 | INFO     | pipeline.parsers.mw | MarketWatchParser result: 20 constituents
2026-05-05 22:45:09 | INFO     | pipeline.parsers.mw | MarketWatchParser: MW-NIFTY-MIDSMALL-IT-&-TELECOM-29-Apr-2026.csv
2026-05-05 22:45:09 | INFO     | pipeline.parsers.mw | Index name: NIFTY MIDSMALL IT & TELECOM
2026-05-05 22:45:09 | INFO     | pipeline.parsers.mw | MarketWatchParser result: 20 constituents
2026-05-05 22:45:09 | INFO     | pipeline.parsers.mw | MarketWatchParser: MW-NIFTY-MIDSMALLCAP-400-21-Apr-2026 (1).csv
2026-05-05 22:45:09 | INFO     | pipeline.parsers.mw | Index name: NIFTY MIDSMALLCAP 400 21 Apr 2026 (1)
2026-05-05 22:45:09 | INFO     | pipeline.parsers.mw | MarketWatchParser result: 400 constituents
2026-05-05 22:45:10 | INFO     | pipeline.parsers.mw | MarketWatchParser: MW-NIFTY-MIDSMALLCAP-400-21-Apr-2026.csv
2026-05-05 22:45:10 | INFO     | pipeline.parsers.mw | Index name: NIFTY MIDSMALLCAP 400
2026-05-05 22:45:10 | INFO     | pipeline.parsers.mw | MarketWatchParser result: 400 constituents
2026-05-05 22:45:10 | INFO     | pipeline.parsers.mw | MarketWatchParser: MW-NIFTY-MIDSMALLCAP-400-22-Apr-2026.csv
2026-05-05 22:45:10 | INFO     | pipeline.parsers.mw | Index name: NIFTY MIDSMALLCAP 400
2026-05-05 22:45:10 | INFO     | pipeline.parsers.mw | MarketWatchParser result: 400 constituents
2026-05-05 22:45:10 | INFO     | pipeline.parsers.mw | MarketWatchParser: MW-NIFTY-MIDSMALLCAP-400-23-Apr-2026.csv
2026-05-05 22:45:10 | INFO     | pipeline.parsers.mw | Index name: NIFTY MIDSMALLCAP 400
2026-05-05 22:45:10 | INFO     | pipeline.parsers.mw | MarketWatchParser result: 400 constituents
2026-05-05 22:45:10 | INFO     | pipeline.parsers.mw | MarketWatchParser: MW-NIFTY-MIDSMALLCAP-400-24-Apr-2026.csv
2026-05-05 22:45:10 | INFO     | pipeline.parsers.mw | Index name: NIFTY MIDSMALLCAP 400
2026-05-05 22:45:10 | INFO     | pipeline.parsers.mw | MarketWatchParser result: 400 constituents
2026-05-05 22:45:10 | INFO     | pipeline.parsers.mw | MarketWatchParser: MW-NIFTY-MIDSMALLCAP-400-27-Apr-2026.csv
2026-05-05 22:45:10 | INFO     | pipeline.parsers.mw | Index name: NIFTY MIDSMALLCAP 400
2026-05-05 22:45:10 | INFO     | pipeline.parsers.mw | MarketWatchParser result: 400 constituents
2026-05-05 22:45:10 | INFO     | pipeline.parsers.mw | MarketWatchParser: MW-NIFTY-MIDSMALLCAP-400-28-Apr-2026.csv
2026-05-05 22:45:10 | INFO     | pipeline.parsers.mw | Index name: NIFTY MIDSMALLCAP 400
2026-05-05 22:45:10 | INFO     | pipeline.parsers.mw | MarketWatchParser result: 400 constituents
2026-05-05 22:45:10 | INFO     | pipeline.parsers.mw | MarketWatchParser: MW-NIFTY-MIDSMALLCAP-400-29-Apr-2026.csv
2026-05-05 22:45:10 | INFO     | pipeline.parsers.mw | Index name: NIFTY MIDSMALLCAP 400
2026-05-05 22:45:11 | INFO     | pipeline.parsers.mw | MarketWatchParser result: 400 constituents
2026-05-05 22:45:11 | INFO     | pipeline.parsers.mw | MarketWatchParser: MW-NIFTY-PHARMA-21-Apr-2026.csv
2026-05-05 22:45:11 | INFO     | pipeline.parsers.mw | Index name: NIFTY PHARMA
2026-05-05 22:45:11 | INFO     | pipeline.parsers.mw | MarketWatchParser result: 20 constituents
2026-05-05 22:45:11 | INFO     | pipeline.parsers.mw | MarketWatchParser: MW-NIFTY-PHARMA-22-Apr-2026.csv
2026-05-05 22:45:11 | INFO     | pipeline.parsers.mw | Index name: NIFTY PHARMA
2026-05-05 22:45:11 | INFO     | pipeline.parsers.mw | MarketWatchParser result: 20 constituents
2026-05-05 22:45:11 | INFO     | pipeline.parsers.mw | MarketWatchParser: MW-NIFTY-PHARMA-23-Apr-2026.csv
2026-05-05 22:45:11 | INFO     | pipeline.parsers.mw | Index name: NIFTY PHARMA
2026-05-05 22:45:11 | INFO     | pipeline.parsers.mw | MarketWatchParser result: 20 constituents
2026-05-05 22:45:11 | INFO     | pipeline.parsers.mw | MarketWatchParser: MW-NIFTY-PHARMA-24-Apr-2026.csv
2026-05-05 22:45:11 | INFO     | pipeline.parsers.mw | Index name: NIFTY PHARMA
2026-05-05 22:45:11 | INFO     | pipeline.parsers.mw | MarketWatchParser result: 20 constituents
2026-05-05 22:45:11 | INFO     | pipeline.parsers.mw | MarketWatchParser: MW-NIFTY-PHARMA-27-Apr-2026.csv
2026-05-05 22:45:11 | INFO     | pipeline.parsers.mw | Index name: NIFTY PHARMA
2026-05-05 22:45:11 | INFO     | pipeline.parsers.mw | MarketWatchParser result: 20 constituents
2026-05-05 22:45:11 | INFO     | pipeline.parsers.mw | MarketWatchParser: MW-NIFTY-PHARMA-28-Apr-2026.csv
2026-05-05 22:45:11 | INFO     | pipeline.parsers.mw | Index name: NIFTY PHARMA
2026-05-05 22:45:11 | INFO     | pipeline.parsers.mw | MarketWatchParser result: 20 constituents
2026-05-05 22:45:11 | INFO     | pipeline.parsers.mw | MarketWatchParser: MW-NIFTY-PHARMA-29-Apr-2026.csv
2026-05-05 22:45:11 | INFO     | pipeline.parsers.mw | Index name: NIFTY PHARMA
2026-05-05 22:45:11 | INFO     | pipeline.parsers.mw | MarketWatchParser result: 20 constituents
2026-05-05 22:45:11 | INFO     | pipeline.parsers.mw | MarketWatchParser: MW-NIFTY-SMALLCAP-100-21-Apr-2026 (1).csv
2026-05-05 22:45:11 | INFO     | pipeline.parsers.mw | Index name: NIFTY SMALLCAP 100 21 Apr 2026 (1)
2026-05-05 22:45:11 | INFO     | pipeline.parsers.mw | MarketWatchParser result: 100 constituents
2026-05-05 22:45:11 | INFO     | pipeline.parsers.mw | MarketWatchParser: MW-NIFTY-SMALLCAP-100-21-Apr-2026.csv
2026-05-05 22:45:11 | INFO     | pipeline.parsers.mw | Index name: NIFTY SMALLCAP 100
2026-05-05 22:45:11 | INFO     | pipeline.parsers.mw | MarketWatchParser result: 100 constituents
2026-05-05 22:45:11 | INFO     | pipeline.parsers.mw | MarketWatchParser: MW-NIFTY-SMALLCAP-100-22-Apr-2026.csv
2026-05-05 22:45:11 | INFO     | pipeline.parsers.mw | Index name: NIFTY SMALLCAP 100
2026-05-05 22:45:11 | INFO     | pipeline.parsers.mw | MarketWatchParser result: 100 constituents
2026-05-05 22:45:11 | INFO     | pipeline.parsers.mw | MarketWatchParser: MW-NIFTY-SMALLCAP-100-23-Apr-2026.csv
2026-05-05 22:45:11 | INFO     | pipeline.parsers.mw | Index name: NIFTY SMALLCAP 100
2026-05-05 22:45:11 | INFO     | pipeline.parsers.mw | MarketWatchParser result: 100 constituents
2026-05-05 22:45:11 | INFO     | pipeline.parsers.mw | MarketWatchParser: MW-NIFTY-SMALLCAP-100-24-Apr-2026.csv
2026-05-05 22:45:11 | INFO     | pipeline.parsers.mw | Index name: NIFTY SMALLCAP 100
2026-05-05 22:45:12 | INFO     | pipeline.parsers.mw | MarketWatchParser result: 100 constituents
2026-05-05 22:45:12 | INFO     | pipeline.parsers.mw | MarketWatchParser: MW-NIFTY-SMALLCAP-100-27-Apr-2026.csv
2026-05-05 22:45:12 | INFO     | pipeline.parsers.mw | Index name: NIFTY SMALLCAP 100
2026-05-05 22:45:12 | INFO     | pipeline.parsers.mw | MarketWatchParser result: 100 constituents
2026-05-05 22:45:12 | INFO     | pipeline.parsers.mw | MarketWatchParser: MW-NIFTY-SMALLCAP-100-28-Apr-2026.csv
2026-05-05 22:45:12 | INFO     | pipeline.parsers.mw | Index name: NIFTY SMALLCAP 100
2026-05-05 22:45:12 | INFO     | pipeline.parsers.mw | MarketWatchParser result: 100 constituents
2026-05-05 22:45:12 | INFO     | pipeline.parsers.mw | MarketWatchParser: MW-NIFTY-SMALLCAP-100-29-Apr-2026.csv
2026-05-05 22:45:12 | INFO     | pipeline.parsers.mw | Index name: NIFTY SMALLCAP 100
2026-05-05 22:45:12 | INFO     | pipeline.parsers.mw | MarketWatchParser result: 100 constituents
2026-05-05 22:45:12 | INFO     | pipeline.parsers.mw | MarketWatchParser: MW-NIFTY-SMALLCAP-250-21-Apr-2026.csv
2026-05-05 22:45:12 | INFO     | pipeline.parsers.mw | Index name: NIFTY SMALLCAP 250
2026-05-05 22:45:12 | INFO     | pipeline.parsers.mw | MarketWatchParser result: 250 constituents
2026-05-05 22:45:12 | INFO     | pipeline.parsers.mw | MarketWatchParser: MW-NIFTY-SMALLCAP-250-22-Apr-2026.csv
2026-05-05 22:45:12 | INFO     | pipeline.parsers.mw | Index name: NIFTY SMALLCAP 250
2026-05-05 22:45:12 | INFO     | pipeline.parsers.mw | MarketWatchParser result: 250 constituents
2026-05-05 22:45:12 | INFO     | pipeline.parsers.mw | MarketWatchParser: MW-NIFTY-SMALLCAP-250-23-Apr-2026.csv
2026-05-05 22:45:12 | INFO     | pipeline.parsers.mw | Index name: NIFTY SMALLCAP 250
2026-05-05 22:45:12 | INFO     | pipeline.parsers.mw | MarketWatchParser result: 250 constituents
2026-05-05 22:45:12 | INFO     | pipeline.parsers.mw | MarketWatchParser: MW-NIFTY-SMALLCAP-250-24-Apr-2026.csv
2026-05-05 22:45:12 | INFO     | pipeline.parsers.mw | Index name: NIFTY SMALLCAP 250
2026-05-05 22:45:12 | INFO     | pipeline.parsers.mw | MarketWatchParser result: 250 constituents
2026-05-05 22:45:12 | INFO     | pipeline.parsers.mw | MarketWatchParser: MW-NIFTY-SMALLCAP-250-27-Apr-2026.csv
2026-05-05 22:45:12 | INFO     | pipeline.parsers.mw | Index name: NIFTY SMALLCAP 250
2026-05-05 22:45:12 | INFO     | pipeline.parsers.mw | MarketWatchParser result: 250 constituents
2026-05-05 22:45:13 | INFO     | pipeline.parsers.mw | MarketWatchParser: MW-NIFTY-SMALLCAP-250-28-Apr-2026.csv
2026-05-05 22:45:13 | INFO     | pipeline.parsers.mw | Index name: NIFTY SMALLCAP 250
2026-05-05 22:45:13 | INFO     | pipeline.parsers.mw | MarketWatchParser result: 250 constituents
2026-05-05 22:45:13 | INFO     | pipeline.parsers.mw | MarketWatchParser: MW-NIFTY-SMALLCAP-250-29-Apr-2026.csv
2026-05-05 22:45:13 | INFO     | pipeline.parsers.mw | Index name: NIFTY SMALLCAP 250
2026-05-05 22:45:13 | INFO     | pipeline.parsers.mw | MarketWatchParser result: 250 constituents
2026-05-05 22:45:13 | INFO     | pipeline.parsers.mw | MarketWatchParser: MW-NIFTY-SMALLCAP-50-21-Apr-2026.csv
2026-05-05 22:45:13 | INFO     | pipeline.parsers.mw | Index name: NIFTY SMALLCAP 50
2026-05-05 22:45:13 | INFO     | pipeline.parsers.mw | MarketWatchParser result: 50 constituents
2026-05-05 22:45:13 | INFO     | pipeline.parsers.mw | MarketWatchParser: MW-NIFTY-SMALLCAP-50-22-Apr-2026.csv
2026-05-05 22:45:13 | INFO     | pipeline.parsers.mw | Index name: NIFTY SMALLCAP 50
2026-05-05 22:45:13 | INFO     | pipeline.parsers.mw | MarketWatchParser result: 50 constituents
2026-05-05 22:45:13 | INFO     | pipeline.parsers.mw | MarketWatchParser: MW-NIFTY-SMALLCAP-50-23-Apr-2026.csv
2026-05-05 22:45:13 | INFO     | pipeline.parsers.mw | Index name: NIFTY SMALLCAP 50
2026-05-05 22:45:13 | INFO     | pipeline.parsers.mw | MarketWatchParser result: 50 constituents
2026-05-05 22:45:13 | INFO     | pipeline.parsers.mw | MarketWatchParser: MW-NIFTY-SMALLCAP-50-24-Apr-2026.csv
2026-05-05 22:45:13 | INFO     | pipeline.parsers.mw | Index name: NIFTY SMALLCAP 50
2026-05-05 22:45:13 | INFO     | pipeline.parsers.mw | MarketWatchParser result: 50 constituents
2026-05-05 22:45:13 | INFO     | pipeline.parsers.mw | MarketWatchParser: MW-NIFTY-SMALLCAP-50-27-Apr-2026.csv
2026-05-05 22:45:13 | INFO     | pipeline.parsers.mw | Index name: NIFTY SMALLCAP 50
2026-05-05 22:45:13 | INFO     | pipeline.parsers.mw | MarketWatchParser result: 50 constituents
2026-05-05 22:45:13 | INFO     | pipeline.parsers.mw | MarketWatchParser: MW-NIFTY-SMALLCAP-50-28-Apr-2026.csv
2026-05-05 22:45:13 | INFO     | pipeline.parsers.mw | Index name: NIFTY SMALLCAP 50
2026-05-05 22:45:13 | INFO     | pipeline.parsers.mw | MarketWatchParser result: 50 constituents
2026-05-05 22:45:13 | INFO     | pipeline.parsers.mw | MarketWatchParser: MW-NIFTY-SMALLCAP-50-29-Apr-2026.csv
2026-05-05 22:45:13 | INFO     | pipeline.parsers.mw | Index name: NIFTY SMALLCAP 50
2026-05-05 22:45:13 | INFO     | pipeline.parsers.mw | MarketWatchParser result: 50 constituents
2026-05-05 22:45:13 | INFO     | pipeline.parsers.mw | MarketWatchParser: MW-NIFTY-TOTAL-MARKET-21-Apr-2026.csv
2026-05-05 22:45:13 | INFO     | pipeline.parsers.mw | Index name: NIFTY TOTAL MARKET
2026-05-05 22:45:13 | INFO     | pipeline.parsers.mw | MarketWatchParser result: 749 constituents
2026-05-05 22:45:13 | INFO     | pipeline.parsers.mw | MarketWatchParser: MW-NIFTY-TOTAL-MARKET-22-Apr-2026.csv
2026-05-05 22:45:13 | INFO     | pipeline.parsers.mw | Index name: NIFTY TOTAL MARKET
2026-05-05 22:45:13 | INFO     | pipeline.parsers.mw | MarketWatchParser result: 749 constituents
2026-05-05 22:45:14 | INFO     | pipeline.parsers.mw | MarketWatchParser: MW-NIFTY-TOTAL-MARKET-23-Apr-2026.csv
2026-05-05 22:45:14 | INFO     | pipeline.parsers.mw | Index name: NIFTY TOTAL MARKET
2026-05-05 22:45:14 | INFO     | pipeline.parsers.mw | MarketWatchParser result: 749 constituents
2026-05-05 22:45:14 | INFO     | pipeline.parsers.mw | MarketWatchParser: MW-NIFTY-TOTAL-MARKET-24-Apr-2026.csv
2026-05-05 22:45:14 | INFO     | pipeline.parsers.mw | Index name: NIFTY TOTAL MARKET
2026-05-05 22:45:14 | INFO     | pipeline.parsers.mw | MarketWatchParser result: 749 constituents
2026-05-05 22:45:14 | INFO     | pipeline.parsers.mw | MarketWatchParser: MW-NIFTY-TOTAL-MARKET-27-Apr-2026.csv
2026-05-05 22:45:14 | INFO     | pipeline.parsers.mw | Index name: NIFTY TOTAL MARKET
2026-05-05 22:45:14 | INFO     | pipeline.parsers.mw | MarketWatchParser result: 750 constituents
2026-05-05 22:45:14 | INFO     | pipeline.parsers.mw | MarketWatchParser: MW-NIFTY-TOTAL-MARKET-28-Apr-2026.csv
2026-05-05 22:45:14 | INFO     | pipeline.parsers.mw | Index name: NIFTY TOTAL MARKET
2026-05-05 22:45:14 | INFO     | pipeline.parsers.mw | MarketWatchParser result: 749 constituents
2026-05-05 22:45:14 | INFO     | pipeline.parsers.mw | MarketWatchParser: MW-NIFTY-TOTAL-MARKET-29-Apr-2026.csv
2026-05-05 22:45:14 | INFO     | pipeline.parsers.mw | Index name: NIFTY TOTAL MARKET
2026-05-05 22:45:14 | INFO     | pipeline.parsers.mw | MarketWatchParser result: 749 constituents
2026-05-05 22:45:14 | INFO     | pipeline.parsers.mw | MarketWatchParser: MW-NIFTY500-LARGEMIDSMALL-EQUAL-CAP-WEIGHTED-21-Apr-2026.csv
2026-05-05 22:45:14 | INFO     | pipeline.parsers.mw | Index name: NIFTY500 LARGEMIDSMALL EQUAL CAP WEIGHTED
2026-05-05 22:45:14 | INFO     | pipeline.parsers.mw | MarketWatchParser result: 500 constituents
2026-05-05 22:45:14 | INFO     | pipeline.parsers.mw | MarketWatchParser: MW-NIFTY500-LARGEMIDSMALL-EQUAL-CAP-WEIGHTED-22-Apr-2026.csv
2026-05-05 22:45:14 | INFO     | pipeline.parsers.mw | Index name: NIFTY500 LARGEMIDSMALL EQUAL CAP WEIGHTED
2026-05-05 22:45:15 | INFO     | pipeline.parsers.mw | MarketWatchParser result: 500 constituents
2026-05-05 22:45:15 | INFO     | pipeline.parsers.mw | MarketWatchParser: MW-NIFTY500-LARGEMIDSMALL-EQUAL-CAP-WEIGHTED-23-Apr-2026.csv
2026-05-05 22:45:15 | INFO     | pipeline.parsers.mw | Index name: NIFTY500 LARGEMIDSMALL EQUAL CAP WEIGHTED
2026-05-05 22:45:15 | INFO     | pipeline.parsers.mw | MarketWatchParser result: 500 constituents
2026-05-05 22:45:15 | INFO     | pipeline.parsers.mw | MarketWatchParser: MW-NIFTY500-LARGEMIDSMALL-EQUAL-CAP-WEIGHTED-24-Apr-2026.csv
2026-05-05 22:45:15 | INFO     | pipeline.parsers.mw | Index name: NIFTY500 LARGEMIDSMALL EQUAL CAP WEIGHTED
2026-05-05 22:45:15 | INFO     | pipeline.parsers.mw | MarketWatchParser result: 500 constituents
2026-05-05 22:45:15 | INFO     | pipeline.parsers.mw | MarketWatchParser: MW-NIFTY500-LARGEMIDSMALL-EQUAL-CAP-WEIGHTED-27-Apr-2026.csv
2026-05-05 22:45:15 | INFO     | pipeline.parsers.mw | Index name: NIFTY500 LARGEMIDSMALL EQUAL CAP WEIGHTED
2026-05-05 22:45:15 | INFO     | pipeline.parsers.mw | MarketWatchParser result: 500 constituents
2026-05-05 22:45:15 | INFO     | pipeline.parsers.mw | MarketWatchParser: MW-NIFTY500-LARGEMIDSMALL-EQUAL-CAP-WEIGHTED-28-Apr-2026.csv
2026-05-05 22:45:15 | INFO     | pipeline.parsers.mw | Index name: NIFTY500 LARGEMIDSMALL EQUAL CAP WEIGHTED
2026-05-05 22:45:15 | INFO     | pipeline.parsers.mw | MarketWatchParser result: 500 constituents
2026-05-05 22:45:15 | INFO     | pipeline.parsers.mw | MarketWatchParser: MW-NIFTY500-LARGEMIDSMALL-EQUAL-CAP-WEIGHTED-29-Apr-2026.csv
2026-05-05 22:45:15 | INFO     | pipeline.parsers.mw | Index name: NIFTY500 LARGEMIDSMALL EQUAL CAP WEIGHTED
2026-05-05 22:45:15 | INFO     | pipeline.parsers.mw | MarketWatchParser result: 500 constituents
2026-05-05 22:45:16 | INFO     | pipeline.parsers.mw | MarketWatchParser: MW-All-Indices-04-May-2026.csv
2026-05-05 22:45:16 | INFO     | pipeline.parsers.mw | Index name: All Indices
2026-05-05 22:45:16 | INFO     | pipeline.parsers.mw | MarketWatchParser: MW-All-Indices-06-Apr-2026.csv
2026-05-05 22:45:16 | INFO     | pipeline.parsers.mw | Index name: All Indices
2026-05-05 22:45:16 | INFO     | pipeline.parsers.mw | MarketWatchParser: MW-All-Indices-07-Apr-2026.csv
2026-05-05 22:45:16 | INFO     | pipeline.parsers.mw | Index name: All Indices
2026-05-05 22:45:16 | INFO     | pipeline.parsers.mw | MarketWatchParser: MW-All-Indices-09-Apr-2026 (1).csv
2026-05-05 22:45:16 | INFO     | pipeline.parsers.mw | Index name: All Indices 09 Apr 2026 (1)
2026-05-05 22:45:16 | INFO     | pipeline.parsers.mw | MarketWatchParser: MW-All-Indices-09-Apr-2026.csv
2026-05-05 22:45:16 | INFO     | pipeline.parsers.mw | Index name: All Indices
2026-05-05 22:45:16 | INFO     | pipeline.parsers.mw | MarketWatchParser: MW-All-Indices-10-Apr-2026.csv
2026-05-05 22:45:16 | INFO     | pipeline.parsers.mw | Index name: All Indices
2026-05-05 22:45:16 | INFO     | pipeline.parsers.mw | MarketWatchParser: MW-All-Indices-13-Apr-2026.csv
2026-05-05 22:45:16 | INFO     | pipeline.parsers.mw | Index name: All Indices
2026-05-05 22:45:16 | INFO     | pipeline.parsers.mw | MarketWatchParser: MW-All-Indices-15-Apr-2026.csv
2026-05-05 22:45:16 | INFO     | pipeline.parsers.mw | Index name: All Indices
2026-05-05 22:45:16 | INFO     | pipeline.parsers.mw | MarketWatchParser: MW-All-Indices-16-Apr-2026.csv
2026-05-05 22:45:16 | INFO     | pipeline.parsers.mw | Index name: All Indices
2026-05-05 22:45:16 | INFO     | pipeline.parsers.mw | MarketWatchParser: MW-All-Indices-17-Apr-2026.csv
2026-05-05 22:45:16 | INFO     | pipeline.parsers.mw | Index name: All Indices
2026-05-05 22:45:16 | INFO     | pipeline.parsers.mw | MarketWatchParser: MW-All-Indices-20-Apr-2026.csv
2026-05-05 22:45:16 | INFO     | pipeline.parsers.mw | Index name: All Indices
2026-05-05 22:45:17 | INFO     | pipeline.parsers.mw | MarketWatchParser: MW-All-Indices-21-Apr-2026.csv
2026-05-05 22:45:17 | INFO     | pipeline.parsers.mw | Index name: All Indices
2026-05-05 22:45:17 | INFO     | pipeline.parsers.mw | MarketWatchParser: MW-All-Indices-22-Apr-2026.csv
2026-05-05 22:45:17 | INFO     | pipeline.parsers.mw | Index name: All Indices
2026-05-05 22:45:17 | INFO     | pipeline.parsers.mw | MarketWatchParser: MW-All-Indices-24-Apr-2026.csv
2026-05-05 22:45:17 | INFO     | pipeline.parsers.mw | Index name: All Indices
2026-05-05 22:45:17 | INFO     | pipeline.parsers.mw | MarketWatchParser: MW-All-Indices-24-Mar-2026.csv
2026-05-05 22:45:17 | INFO     | pipeline.parsers.mw | Index name: All Indices
2026-05-05 22:45:17 | INFO     | pipeline.parsers.mw | MarketWatchParser: MW-All-Indices-27-Mar-2026.csv
2026-05-05 22:45:17 | INFO     | pipeline.parsers.mw | Index name: All Indices
2026-05-05 22:45:17 | INFO     | pipeline.parsers.mw | MarketWatchParser: MW-All-Indices-28-Apr-2026.csv
2026-05-05 22:45:17 | INFO     | pipeline.parsers.mw | Index name: All Indices
2026-05-05 22:45:17 | INFO     | pipeline.parsers.mw | MarketWatchParser: MW-All-Indices-30-Mar-2026.csv
2026-05-05 22:45:17 | INFO     | pipeline.parsers.mw | Index name: All Indices
2026-05-05 22:45:23 | INFO     | pipeline.parsers.mw | MarketWatchParser: MW-NIFTY-CAPITAL-MARKETS-03-Apr-2026.csv
2026-05-05 22:45:23 | INFO     | pipeline.parsers.mw | Index name: NIFTY CAPITAL MARKETS
2026-05-05 22:45:23 | INFO     | pipeline.parsers.mw | MarketWatchParser result: 17 constituents
2026-05-05 22:45:23 | INFO     | pipeline.parsers.mw | MarketWatchParser: MW-NIFTY-CAPITAL-MARKETS-06-Apr-2026.csv
2026-05-05 22:45:23 | INFO     | pipeline.parsers.mw | Index name: NIFTY CAPITAL MARKETS
2026-05-05 22:45:23 | INFO     | pipeline.parsers.mw | MarketWatchParser result: 17 constituents
2026-05-05 22:45:24 | INFO     | pipeline.parsers.mw | MarketWatchParser: MW-NIFTY-CAPITAL-MARKETS-07-Apr-2026.csv
2026-05-05 22:45:24 | INFO     | pipeline.parsers.mw | Index name: NIFTY CAPITAL MARKETS
2026-05-05 22:45:24 | INFO     | pipeline.parsers.mw | MarketWatchParser result: 17 constituents
2026-05-05 22:45:24 | INFO     | pipeline.parsers.mw | MarketWatchParser: MW-NIFTY-CAPITAL-MARKETS-08-Apr-2026.csv
2026-05-05 22:45:24 | INFO     | pipeline.parsers.mw | Index name: NIFTY CAPITAL MARKETS
2026-05-05 22:45:24 | INFO     | pipeline.parsers.mw | MarketWatchParser result: 17 constituents
2026-05-05 22:45:24 | INFO     | pipeline.parsers.mw | MarketWatchParser: MW-NIFTY-CAPITAL-MARKETS-09-Apr-2026.csv
2026-05-05 22:45:24 | INFO     | pipeline.parsers.mw | Index name: NIFTY CAPITAL MARKETS
2026-05-05 22:45:24 | INFO     | pipeline.parsers.mw | MarketWatchParser result: 17 constituents
2026-05-05 22:45:24 | INFO     | pipeline.parsers.mw | MarketWatchParser: MW-NIFTY-CAPITAL-MARKETS-10-Apr-2026.csv
2026-05-05 22:45:24 | INFO     | pipeline.parsers.mw | Index name: NIFTY CAPITAL MARKETS
2026-05-05 22:45:24 | INFO     | pipeline.parsers.mw | MarketWatchParser result: 17 constituents
2026-05-05 22:45:24 | INFO     | pipeline.parsers.mw | MarketWatchParser: MW-NIFTY-CAPITAL-MARKETS-14-Apr-2026.csv
2026-05-05 22:45:24 | INFO     | pipeline.parsers.mw | Index name: NIFTY CAPITAL MARKETS
2026-05-05 22:45:24 | INFO     | pipeline.parsers.mw | MarketWatchParser result: 17 constituents
2026-05-05 22:45:24 | INFO     | pipeline.parsers.mw | MarketWatchParser: MW-NIFTY-CAPITAL-MARKETS-15-Apr-2026.csv
2026-05-05 22:45:24 | INFO     | pipeline.parsers.mw | Index name: NIFTY CAPITAL MARKETS
2026-05-05 22:45:24 | INFO     | pipeline.parsers.mw | MarketWatchParser result: 17 constituents
2026-05-05 22:45:24 | INFO     | pipeline.parsers.mw | MarketWatchParser: MW-NIFTY-CAPITAL-MARKETS-16-Apr-2026.csv
2026-05-05 22:45:24 | INFO     | pipeline.parsers.mw | Index name: NIFTY CAPITAL MARKETS
2026-05-05 22:45:24 | INFO     | pipeline.parsers.mw | MarketWatchParser result: 17 constituents
2026-05-05 22:45:24 | INFO     | pipeline.parsers.mw | MarketWatchParser: MW-NIFTY-CAPITAL-MARKETS-17-Apr-2026.csv
2026-05-05 22:45:24 | INFO     | pipeline.parsers.mw | Index name: NIFTY CAPITAL MARKETS
2026-05-05 22:45:24 | INFO     | pipeline.parsers.mw | MarketWatchParser result: 17 constituents
2026-05-05 22:45:24 | INFO     | pipeline.parsers.mw | MarketWatchParser: MW-NIFTY-CAPITAL-MARKETS-18-Mar-2026.csv
2026-05-05 22:45:24 | INFO     | pipeline.parsers.mw | Index name: NIFTY CAPITAL MARKETS
2026-05-05 22:45:24 | INFO     | pipeline.parsers.mw | MarketWatchParser result: 15 constituents
2026-05-05 22:45:24 | INFO     | pipeline.parsers.mw | MarketWatchParser: MW-NIFTY-CAPITAL-MARKETS-19-Mar-2026.csv
2026-05-05 22:45:24 | INFO     | pipeline.parsers.mw | Index name: NIFTY CAPITAL MARKETS
2026-05-05 22:45:24 | INFO     | pipeline.parsers.mw | MarketWatchParser result: 15 constituents
2026-05-05 22:45:24 | INFO     | pipeline.parsers.mw | MarketWatchParser: MW-NIFTY-CAPITAL-MARKETS-20-Mar-2026.csv
2026-05-05 22:45:24 | INFO     | pipeline.parsers.mw | Index name: NIFTY CAPITAL MARKETS
2026-05-05 22:45:24 | INFO     | pipeline.parsers.mw | MarketWatchParser result: 15 constituents
2026-05-05 22:45:24 | INFO     | pipeline.parsers.mw | MarketWatchParser: MW-NIFTY-CAPITAL-MARKETS-22-Apr-2026 (1).csv
2026-05-05 22:45:24 | INFO     | pipeline.parsers.mw | Index name: NIFTY CAPITAL MARKETS 22 Apr 2026 (1)
2026-05-05 22:45:24 | INFO     | pipeline.parsers.mw | MarketWatchParser result: 17 constituents
2026-05-05 22:45:24 | INFO     | pipeline.parsers.mw | MarketWatchParser: MW-NIFTY-CAPITAL-MARKETS-22-Apr-2026 (2).csv
2026-05-05 22:45:24 | INFO     | pipeline.parsers.mw | Index name: NIFTY CAPITAL MARKETS 22 Apr 2026 (2)
2026-05-05 22:45:24 | INFO     | pipeline.parsers.mw | MarketWatchParser result: 17 constituents
2026-05-05 22:45:24 | INFO     | pipeline.parsers.mw | MarketWatchParser: MW-NIFTY-CAPITAL-MARKETS-22-Apr-2026.csv
2026-05-05 22:45:24 | INFO     | pipeline.parsers.mw | Index name: NIFTY CAPITAL MARKETS
2026-05-05 22:45:24 | INFO     | pipeline.parsers.mw | MarketWatchParser result: 17 constituents
2026-05-05 22:45:24 | INFO     | pipeline.parsers.mw | MarketWatchParser: MW-NIFTY-CAPITAL-MARKETS-23-Apr-2026.csv
2026-05-05 22:45:24 | INFO     | pipeline.parsers.mw | Index name: NIFTY CAPITAL MARKETS
2026-05-05 22:45:24 | INFO     | pipeline.parsers.mw | MarketWatchParser result: 17 constituents
2026-05-05 22:45:24 | INFO     | pipeline.parsers.mw | MarketWatchParser: MW-NIFTY-CAPITAL-MARKETS-23-Mar-2026.csv
2026-05-05 22:45:24 | INFO     | pipeline.parsers.mw | Index name: NIFTY CAPITAL MARKETS
2026-05-05 22:45:24 | INFO     | pipeline.parsers.mw | MarketWatchParser result: 15 constituents
2026-05-05 22:45:24 | INFO     | pipeline.parsers.mw | MarketWatchParser: MW-NIFTY-CAPITAL-MARKETS-24-Apr-2026.csv
2026-05-05 22:45:24 | INFO     | pipeline.parsers.mw | Index name: NIFTY CAPITAL MARKETS
2026-05-05 22:45:24 | INFO     | pipeline.parsers.mw | MarketWatchParser result: 17 constituents
2026-05-05 22:45:25 | INFO     | pipeline.parsers.mw | MarketWatchParser: MW-NIFTY-CAPITAL-MARKETS-24-Mar-2026.csv
2026-05-05 22:45:25 | INFO     | pipeline.parsers.mw | Index name: NIFTY CAPITAL MARKETS
2026-05-05 22:45:25 | INFO     | pipeline.parsers.mw | MarketWatchParser result: 15 constituents
2026-05-05 22:45:25 | INFO     | pipeline.parsers.mw | MarketWatchParser: MW-NIFTY-CAPITAL-MARKETS-27-Mar-2026.csv
2026-05-05 22:45:25 | INFO     | pipeline.parsers.mw | Index name: NIFTY CAPITAL MARKETS
2026-05-05 22:45:25 | INFO     | pipeline.parsers.mw | MarketWatchParser result: 15 constituents
2026-05-05 22:45:25 | INFO     | pipeline.parsers.mw | MarketWatchParser: MW-NIFTY-CAPITAL-MARKETS-30-Mar-2026.csv
2026-05-05 22:45:25 | INFO     | pipeline.parsers.mw | Index name: NIFTY CAPITAL MARKETS
2026-05-05 22:45:25 | INFO     | pipeline.parsers.mw | MarketWatchParser result: 15 constituents
2026-05-05 22:45:25 | INFO     | pipeline.parsers.mw | MarketWatchParser: MW-NIFTY-COMMODITIES-03-Apr-2026.csv
2026-05-05 22:45:25 | INFO     | pipeline.parsers.mw | Index name: NIFTY COMMODITIES
2026-05-05 22:45:25 | INFO     | pipeline.parsers.mw | MarketWatchParser result: 30 constituents
2026-05-05 22:45:25 | INFO     | pipeline.parsers.mw | MarketWatchParser: MW-NIFTY-COMMODITIES-06-Apr-2026.csv
2026-05-05 22:45:25 | INFO     | pipeline.parsers.mw | Index name: NIFTY COMMODITIES
2026-05-05 22:45:25 | INFO     | pipeline.parsers.mw | MarketWatchParser result: 30 constituents
2026-05-05 22:45:25 | INFO     | pipeline.parsers.mw | MarketWatchParser: MW-NIFTY-COMMODITIES-07-Apr-2026.csv
2026-05-05 22:45:25 | INFO     | pipeline.parsers.mw | Index name: NIFTY COMMODITIES
2026-05-05 22:45:25 | INFO     | pipeline.parsers.mw | MarketWatchParser result: 30 constituents
2026-05-05 22:45:25 | INFO     | pipeline.parsers.mw | MarketWatchParser: MW-NIFTY-COMMODITIES-08-Apr-2026.csv
2026-05-05 22:45:25 | INFO     | pipeline.parsers.mw | Index name: NIFTY COMMODITIES
2026-05-05 22:45:25 | INFO     | pipeline.parsers.mw | MarketWatchParser result: 30 constituents
2026-05-05 22:45:25 | INFO     | pipeline.parsers.mw | MarketWatchParser: MW-NIFTY-COMMODITIES-09-Apr-2026.csv
2026-05-05 22:45:25 | INFO     | pipeline.parsers.mw | Index name: NIFTY COMMODITIES
2026-05-05 22:45:25 | INFO     | pipeline.parsers.mw | MarketWatchParser result: 30 constituents
2026-05-05 22:45:25 | INFO     | pipeline.parsers.mw | MarketWatchParser: MW-NIFTY-COMMODITIES-10-Apr-2026.csv
2026-05-05 22:45:25 | INFO     | pipeline.parsers.mw | Index name: NIFTY COMMODITIES
2026-05-05 22:45:25 | INFO     | pipeline.parsers.mw | MarketWatchParser result: 30 constituents
2026-05-05 22:45:25 | INFO     | pipeline.parsers.mw | MarketWatchParser: MW-NIFTY-COMMODITIES-14-Apr-2026 (1).csv
2026-05-05 22:45:25 | INFO     | pipeline.parsers.mw | Index name: NIFTY COMMODITIES 14 Apr 2026 (1)
2026-05-05 22:45:25 | INFO     | pipeline.parsers.mw | MarketWatchParser result: 30 constituents
2026-05-05 22:45:25 | INFO     | pipeline.parsers.mw | MarketWatchParser: MW-NIFTY-COMMODITIES-14-Apr-2026.csv
2026-05-05 22:45:25 | INFO     | pipeline.parsers.mw | Index name: NIFTY COMMODITIES
2026-05-05 22:45:25 | INFO     | pipeline.parsers.mw | MarketWatchParser result: 30 constituents
2026-05-05 22:45:25 | INFO     | pipeline.parsers.mw | MarketWatchParser: MW-NIFTY-COMMODITIES-15-Apr-2026.csv
2026-05-05 22:45:25 | INFO     | pipeline.parsers.mw | Index name: NIFTY COMMODITIES
2026-05-05 22:45:25 | INFO     | pipeline.parsers.mw | MarketWatchParser result: 30 constituents
2026-05-05 22:45:25 | INFO     | pipeline.parsers.mw | MarketWatchParser: MW-NIFTY-COMMODITIES-16-Apr-2026.csv
2026-05-05 22:45:25 | INFO     | pipeline.parsers.mw | Index name: NIFTY COMMODITIES
2026-05-05 22:45:25 | INFO     | pipeline.parsers.mw | MarketWatchParser result: 30 constituents
2026-05-05 22:45:25 | INFO     | pipeline.parsers.mw | MarketWatchParser: MW-NIFTY-COMMODITIES-17-Apr-2026.csv
2026-05-05 22:45:25 | INFO     | pipeline.parsers.mw | Index name: NIFTY COMMODITIES
2026-05-05 22:45:25 | INFO     | pipeline.parsers.mw | MarketWatchParser result: 30 constituents
2026-05-05 22:45:25 | INFO     | pipeline.parsers.mw | MarketWatchParser: MW-NIFTY-COMMODITIES-22-Apr-2026 (1).csv
2026-05-05 22:45:25 | INFO     | pipeline.parsers.mw | Index name: NIFTY COMMODITIES 22 Apr 2026 (1)
2026-05-05 22:45:25 | INFO     | pipeline.parsers.mw | MarketWatchParser result: 30 constituents
2026-05-05 22:45:25 | INFO     | pipeline.parsers.mw | MarketWatchParser: MW-NIFTY-COMMODITIES-22-Apr-2026.csv
2026-05-05 22:45:25 | INFO     | pipeline.parsers.mw | Index name: NIFTY COMMODITIES
2026-05-05 22:45:25 | INFO     | pipeline.parsers.mw | MarketWatchParser result: 30 constituents
2026-05-05 22:45:25 | INFO     | pipeline.parsers.mw | MarketWatchParser: MW-NIFTY-COMMODITIES-23-Apr-2026.csv
2026-05-05 22:45:25 | INFO     | pipeline.parsers.mw | Index name: NIFTY COMMODITIES
2026-05-05 22:45:26 | INFO     | pipeline.parsers.mw | MarketWatchParser result: 30 constituents
2026-05-05 22:45:26 | INFO     | pipeline.parsers.mw | MarketWatchParser: MW-NIFTY-COMMODITIES-23-Mar-2026.csv
2026-05-05 22:45:26 | INFO     | pipeline.parsers.mw | Index name: NIFTY COMMODITIES
2026-05-05 22:45:26 | INFO     | pipeline.parsers.mw | MarketWatchParser result: 30 constituents
2026-05-05 22:45:26 | INFO     | pipeline.parsers.mw | MarketWatchParser: MW-NIFTY-COMMODITIES-24-Apr-2026.csv
2026-05-05 22:45:26 | INFO     | pipeline.parsers.mw | Index name: NIFTY COMMODITIES
2026-05-05 22:45:26 | INFO     | pipeline.parsers.mw | MarketWatchParser result: 30 constituents
2026-05-05 22:45:26 | INFO     | pipeline.parsers.mw | MarketWatchParser: MW-NIFTY-COMMODITIES-24-Mar-2026.csv
2026-05-05 22:45:26 | INFO     | pipeline.parsers.mw | Index name: NIFTY COMMODITIES
2026-05-05 22:45:26 | INFO     | pipeline.parsers.mw | MarketWatchParser result: 30 constituents
2026-05-05 22:45:26 | INFO     | pipeline.parsers.mw | MarketWatchParser: MW-NIFTY-COMMODITIES-27-Apr-2026.csv
2026-05-05 22:45:26 | INFO     | pipeline.parsers.mw | Index name: NIFTY COMMODITIES
2026-05-05 22:45:26 | INFO     | pipeline.parsers.mw | MarketWatchParser result: 30 constituents
2026-05-05 22:45:26 | INFO     | pipeline.parsers.mw | MarketWatchParser: MW-NIFTY-COMMODITIES-27-Mar-2026.csv
2026-05-05 22:45:26 | INFO     | pipeline.parsers.mw | Index name: NIFTY COMMODITIES
2026-05-05 22:45:26 | INFO     | pipeline.parsers.mw | MarketWatchParser result: 30 constituents
2026-05-05 22:45:26 | INFO     | pipeline.parsers.mw | MarketWatchParser: MW-NIFTY-COMMODITIES-28-Apr-2026.csv
2026-05-05 22:45:26 | INFO     | pipeline.parsers.mw | Index name: NIFTY COMMODITIES
2026-05-05 22:45:26 | INFO     | pipeline.parsers.mw | MarketWatchParser result: 30 constituents
2026-05-05 22:45:26 | INFO     | pipeline.parsers.mw | MarketWatchParser: MW-NIFTY-COMMODITIES-29-Apr-2026.csv
2026-05-05 22:45:26 | INFO     | pipeline.parsers.mw | Index name: NIFTY COMMODITIES
2026-05-05 22:45:26 | INFO     | pipeline.parsers.mw | MarketWatchParser result: 30 constituents
2026-05-05 22:45:26 | INFO     | pipeline.parsers.mw | MarketWatchParser: MW-NIFTY-COMMODITIES-30-Mar-2026.csv
2026-05-05 22:45:26 | INFO     | pipeline.parsers.mw | Index name: NIFTY COMMODITIES
2026-05-05 22:45:26 | INFO     | pipeline.parsers.mw | MarketWatchParser result: 30 constituents
2026-05-05 22:45:26 | INFO     | pipeline.parsers.mw | MarketWatchParser: MW-NIFTY-CPSE-03-Apr-2026.csv
2026-05-05 22:45:26 | INFO     | pipeline.parsers.mw | Index name: NIFTY CPSE
2026-05-05 22:45:26 | INFO     | pipeline.parsers.mw | MarketWatchParser result: 11 constituents
2026-05-05 22:45:26 | INFO     | pipeline.parsers.mw | MarketWatchParser: MW-NIFTY-CPSE-06-Apr-2026.csv
2026-05-05 22:45:26 | INFO     | pipeline.parsers.mw | Index name: NIFTY CPSE
2026-05-05 22:45:26 | INFO     | pipeline.parsers.mw | MarketWatchParser result: 11 constituents
2026-05-05 22:45:26 | INFO     | pipeline.parsers.mw | MarketWatchParser: MW-NIFTY-CPSE-07-Apr-2026.csv
2026-05-05 22:45:26 | INFO     | pipeline.parsers.mw | Index name: NIFTY CPSE
2026-05-05 22:45:26 | INFO     | pipeline.parsers.mw | MarketWatchParser result: 11 constituents
2026-05-05 22:45:26 | INFO     | pipeline.parsers.mw | MarketWatchParser: MW-NIFTY-CPSE-08-Apr-2026.csv
2026-05-05 22:45:26 | INFO     | pipeline.parsers.mw | Index name: NIFTY CPSE
2026-05-05 22:45:26 | INFO     | pipeline.parsers.mw | MarketWatchParser result: 11 constituents
2026-05-05 22:45:26 | INFO     | pipeline.parsers.mw | MarketWatchParser: MW-NIFTY-CPSE-09-Apr-2026.csv
2026-05-05 22:45:26 | INFO     | pipeline.parsers.mw | Index name: NIFTY CPSE
2026-05-05 22:45:26 | INFO     | pipeline.parsers.mw | MarketWatchParser result: 11 constituents
2026-05-05 22:45:26 | INFO     | pipeline.parsers.mw | MarketWatchParser: MW-NIFTY-CPSE-10-Apr-2026.csv
2026-05-05 22:45:26 | INFO     | pipeline.parsers.mw | Index name: NIFTY CPSE
2026-05-05 22:45:26 | INFO     | pipeline.parsers.mw | MarketWatchParser result: 11 constituents
2026-05-05 22:45:26 | INFO     | pipeline.parsers.mw | MarketWatchParser: MW-NIFTY-CPSE-14-Apr-2026.csv
2026-05-05 22:45:26 | INFO     | pipeline.parsers.mw | Index name: NIFTY CPSE
2026-05-05 22:45:26 | INFO     | pipeline.parsers.mw | MarketWatchParser result: 11 constituents
2026-05-05 22:45:26 | INFO     | pipeline.parsers.mw | MarketWatchParser: MW-NIFTY-CPSE-15-Apr-2026.csv
2026-05-05 22:45:26 | INFO     | pipeline.parsers.mw | Index name: NIFTY CPSE
2026-05-05 22:45:26 | INFO     | pipeline.parsers.mw | MarketWatchParser result: 11 constituents
2026-05-05 22:45:27 | INFO     | pipeline.parsers.mw | MarketWatchParser: MW-NIFTY-CPSE-16-Apr-2026.csv
2026-05-05 22:45:27 | INFO     | pipeline.parsers.mw | Index name: NIFTY CPSE
2026-05-05 22:45:27 | INFO     | pipeline.parsers.mw | MarketWatchParser result: 11 constituents
2026-05-05 22:45:27 | INFO     | pipeline.parsers.mw | MarketWatchParser: MW-NIFTY-CPSE-17-Apr-2026.csv
2026-05-05 22:45:27 | INFO     | pipeline.parsers.mw | Index name: NIFTY CPSE
2026-05-05 22:45:27 | INFO     | pipeline.parsers.mw | MarketWatchParser result: 11 constituents
2026-05-05 22:45:27 | INFO     | pipeline.parsers.mw | MarketWatchParser: MW-NIFTY-CPSE-22-Apr-2026 (1).csv
2026-05-05 22:45:27 | INFO     | pipeline.parsers.mw | Index name: NIFTY CPSE 22 Apr 2026 (1)
2026-05-05 22:45:27 | INFO     | pipeline.parsers.mw | MarketWatchParser result: 11 constituents
2026-05-05 22:45:27 | INFO     | pipeline.parsers.mw | MarketWatchParser: MW-NIFTY-CPSE-22-Apr-2026.csv
2026-05-05 22:45:27 | INFO     | pipeline.parsers.mw | Index name: NIFTY CPSE
2026-05-05 22:45:27 | INFO     | pipeline.parsers.mw | MarketWatchParser result: 11 constituents
2026-05-05 22:45:27 | INFO     | pipeline.parsers.mw | MarketWatchParser: MW-NIFTY-CPSE-23-Apr-2026.csv
2026-05-05 22:45:27 | INFO     | pipeline.parsers.mw | Index name: NIFTY CPSE
2026-05-05 22:45:27 | INFO     | pipeline.parsers.mw | MarketWatchParser result: 11 constituents
2026-05-05 22:45:27 | INFO     | pipeline.parsers.mw | MarketWatchParser: MW-NIFTY-CPSE-24-Apr-2026.csv
2026-05-05 22:45:27 | INFO     | pipeline.parsers.mw | Index name: NIFTY CPSE
2026-05-05 22:45:27 | INFO     | pipeline.parsers.mw | MarketWatchParser result: 11 constituents
2026-05-05 22:45:27 | INFO     | pipeline.parsers.mw | MarketWatchParser: MW-NIFTY-CPSE-24-Mar-2026.csv
2026-05-05 22:45:27 | INFO     | pipeline.parsers.mw | Index name: NIFTY CPSE
2026-05-05 22:45:27 | INFO     | pipeline.parsers.mw | MarketWatchParser result: 11 constituents
2026-05-05 22:45:27 | INFO     | pipeline.parsers.mw | MarketWatchParser: MW-NIFTY-CPSE-27-Apr-2026.csv
2026-05-05 22:45:27 | INFO     | pipeline.parsers.mw | Index name: NIFTY CPSE
2026-05-05 22:45:27 | INFO     | pipeline.parsers.mw | MarketWatchParser result: 11 constituents
2026-05-05 22:45:27 | INFO     | pipeline.parsers.mw | MarketWatchParser: MW-NIFTY-CPSE-27-Mar-2026.csv
2026-05-05 22:45:27 | INFO     | pipeline.parsers.mw | Index name: NIFTY CPSE
2026-05-05 22:45:27 | INFO     | pipeline.parsers.mw | MarketWatchParser result: 11 constituents
2026-05-05 22:45:27 | INFO     | pipeline.parsers.mw | MarketWatchParser: MW-NIFTY-CPSE-28-Apr-2026.csv
2026-05-05 22:45:27 | INFO     | pipeline.parsers.mw | Index name: NIFTY CPSE
2026-05-05 22:45:27 | INFO     | pipeline.parsers.mw | MarketWatchParser result: 11 constituents
2026-05-05 22:45:27 | INFO     | pipeline.parsers.mw | MarketWatchParser: MW-NIFTY-CPSE-29-Apr-2026.csv
2026-05-05 22:45:27 | INFO     | pipeline.parsers.mw | Index name: NIFTY CPSE
2026-05-05 22:45:27 | INFO     | pipeline.parsers.mw | MarketWatchParser result: 11 constituents
2026-05-05 22:45:27 | INFO     | pipeline.parsers.mw | MarketWatchParser: MW-NIFTY-CPSE-30-Mar-2026.csv
2026-05-05 22:45:27 | INFO     | pipeline.parsers.mw | Index name: NIFTY CPSE
2026-05-05 22:45:27 | INFO     | pipeline.parsers.mw | MarketWatchParser result: 11 constituents
2026-05-05 22:45:27 | INFO     | pipeline.parsers.mw | MarketWatchParser: MW-NIFTY-ENERGY-03-Apr-2026.csv
2026-05-05 22:45:27 | INFO     | pipeline.parsers.mw | Index name: NIFTY ENERGY
2026-05-05 22:45:27 | INFO     | pipeline.parsers.mw | MarketWatchParser result: 40 constituents
2026-05-05 22:45:27 | INFO     | pipeline.parsers.mw | MarketWatchParser: MW-NIFTY-ENERGY-06-Apr-2026.csv
2026-05-05 22:45:27 | INFO     | pipeline.parsers.mw | Index name: NIFTY ENERGY
2026-05-05 22:45:27 | INFO     | pipeline.parsers.mw | MarketWatchParser result: 40 constituents
2026-05-05 22:45:27 | INFO     | pipeline.parsers.mw | MarketWatchParser: MW-NIFTY-ENERGY-07-Apr-2026.csv
2026-05-05 22:45:27 | INFO     | pipeline.parsers.mw | Index name: NIFTY ENERGY
2026-05-05 22:45:27 | INFO     | pipeline.parsers.mw | MarketWatchParser result: 40 constituents
2026-05-05 22:45:27 | INFO     | pipeline.parsers.mw | MarketWatchParser: MW-NIFTY-ENERGY-08-Apr-2026.csv
2026-05-05 22:45:27 | INFO     | pipeline.parsers.mw | Index name: NIFTY ENERGY
2026-05-05 22:45:27 | INFO     | pipeline.parsers.mw | MarketWatchParser result: 40 constituents
2026-05-05 22:45:27 | INFO     | pipeline.parsers.mw | MarketWatchParser: MW-NIFTY-ENERGY-09-Apr-2026.csv
2026-05-05 22:45:27 | INFO     | pipeline.parsers.mw | Index name: NIFTY ENERGY
2026-05-05 22:45:27 | INFO     | pipeline.parsers.mw | MarketWatchParser result: 40 constituents
2026-05-05 22:45:28 | INFO     | pipeline.parsers.mw | MarketWatchParser: MW-NIFTY-ENERGY-10-Apr-2026.csv
2026-05-05 22:45:28 | INFO     | pipeline.parsers.mw | Index name: NIFTY ENERGY
2026-05-05 22:45:28 | INFO     | pipeline.parsers.mw | MarketWatchParser result: 40 constituents
2026-05-05 22:45:28 | INFO     | pipeline.parsers.mw | MarketWatchParser: MW-NIFTY-ENERGY-13-Apr-2026.csv
2026-05-05 22:45:28 | INFO     | pipeline.parsers.mw | Index name: NIFTY ENERGY
2026-05-05 22:45:28 | INFO     | pipeline.parsers.mw | MarketWatchParser result: 40 constituents
2026-05-05 22:45:28 | INFO     | pipeline.parsers.mw | MarketWatchParser: MW-NIFTY-ENERGY-15-Apr-2026.csv
2026-05-05 22:45:28 | INFO     | pipeline.parsers.mw | Index name: NIFTY ENERGY
2026-05-05 22:45:28 | INFO     | pipeline.parsers.mw | MarketWatchParser result: 40 constituents
2026-05-05 22:45:28 | INFO     | pipeline.parsers.mw | MarketWatchParser: MW-NIFTY-ENERGY-16-Apr-2026.csv
2026-05-05 22:45:28 | INFO     | pipeline.parsers.mw | Index name: NIFTY ENERGY
2026-05-05 22:45:28 | INFO     | pipeline.parsers.mw | MarketWatchParser result: 40 constituents
2026-05-05 22:45:28 | INFO     | pipeline.parsers.mw | MarketWatchParser: MW-NIFTY-ENERGY-17-Apr-2026.csv
2026-05-05 22:45:28 | INFO     | pipeline.parsers.mw | Index name: NIFTY ENERGY
2026-05-05 22:45:28 | INFO     | pipeline.parsers.mw | MarketWatchParser result: 40 constituents
2026-05-05 22:45:28 | INFO     | pipeline.parsers.mw | MarketWatchParser: MW-NIFTY-ENERGY-18-Mar-2026.csv
2026-05-05 22:45:28 | INFO     | pipeline.parsers.mw | Index name: NIFTY ENERGY
2026-05-05 22:45:28 | INFO     | pipeline.parsers.mw | MarketWatchParser result: 40 constituents
2026-05-05 22:45:28 | INFO     | pipeline.parsers.mw | MarketWatchParser: MW-NIFTY-ENERGY-19-Mar-2026.csv
2026-05-05 22:45:28 | INFO     | pipeline.parsers.mw | Index name: NIFTY ENERGY
2026-05-05 22:45:28 | INFO     | pipeline.parsers.mw | MarketWatchParser result: 40 constituents
2026-05-05 22:45:28 | INFO     | pipeline.parsers.mw | MarketWatchParser: MW-NIFTY-ENERGY-20-Mar-2026.csv
2026-05-05 22:45:28 | INFO     | pipeline.parsers.mw | Index name: NIFTY ENERGY
2026-05-05 22:45:28 | INFO     | pipeline.parsers.mw | MarketWatchParser result: 40 constituents
2026-05-05 22:45:28 | INFO     | pipeline.parsers.mw | MarketWatchParser: MW-NIFTY-ENERGY-22-Apr-2026 (1).csv
2026-05-05 22:45:28 | INFO     | pipeline.parsers.mw | Index name: NIFTY ENERGY 22 Apr 2026 (1)
2026-05-05 22:45:28 | INFO     | pipeline.parsers.mw | MarketWatchParser result: 40 constituents
2026-05-05 22:45:28 | INFO     | pipeline.parsers.mw | MarketWatchParser: MW-NIFTY-ENERGY-22-Apr-2026.csv
2026-05-05 22:45:28 | INFO     | pipeline.parsers.mw | Index name: NIFTY ENERGY
2026-05-05 22:45:28 | INFO     | pipeline.parsers.mw | MarketWatchParser result: 40 constituents
2026-05-05 22:45:28 | INFO     | pipeline.parsers.mw | MarketWatchParser: MW-NIFTY-ENERGY-23-Apr-2026.csv
2026-05-05 22:45:28 | INFO     | pipeline.parsers.mw | Index name: NIFTY ENERGY
2026-05-05 22:45:28 | INFO     | pipeline.parsers.mw | MarketWatchParser result: 40 constituents
2026-05-05 22:45:28 | INFO     | pipeline.parsers.mw | MarketWatchParser: MW-NIFTY-ENERGY-24-Apr-2026.csv
2026-05-05 22:45:28 | INFO     | pipeline.parsers.mw | Index name: NIFTY ENERGY
2026-05-05 22:45:28 | INFO     | pipeline.parsers.mw | MarketWatchParser result: 40 constituents
2026-05-05 22:45:28 | INFO     | pipeline.parsers.mw | MarketWatchParser: MW-NIFTY-ENERGY-24-Mar-2026.csv
2026-05-05 22:45:28 | INFO     | pipeline.parsers.mw | Index name: NIFTY ENERGY
2026-05-05 22:45:28 | INFO     | pipeline.parsers.mw | MarketWatchParser result: 40 constituents
2026-05-05 22:45:28 | INFO     | pipeline.parsers.mw | MarketWatchParser: MW-NIFTY-ENERGY-27-Apr-2026.csv
2026-05-05 22:45:28 | INFO     | pipeline.parsers.mw | Index name: NIFTY ENERGY
2026-05-05 22:45:28 | INFO     | pipeline.parsers.mw | MarketWatchParser result: 40 constituents
2026-05-05 22:45:28 | INFO     | pipeline.parsers.mw | MarketWatchParser: MW-NIFTY-ENERGY-27-Mar-2026.csv
2026-05-05 22:45:28 | INFO     | pipeline.parsers.mw | Index name: NIFTY ENERGY
2026-05-05 22:45:28 | INFO     | pipeline.parsers.mw | MarketWatchParser result: 40 constituents
2026-05-05 22:45:28 | INFO     | pipeline.parsers.mw | MarketWatchParser: MW-NIFTY-ENERGY-28-Apr-2026.csv
2026-05-05 22:45:28 | INFO     | pipeline.parsers.mw | Index name: NIFTY ENERGY
2026-05-05 22:45:28 | INFO     | pipeline.parsers.mw | MarketWatchParser result: 40 constituents
2026-05-05 22:45:28 | INFO     | pipeline.parsers.mw | MarketWatchParser: MW-NIFTY-ENERGY-29-Apr-2026.csv
2026-05-05 22:45:28 | INFO     | pipeline.parsers.mw | Index name: NIFTY ENERGY
2026-05-05 22:45:28 | INFO     | pipeline.parsers.mw | MarketWatchParser result: 40 constituents
2026-05-05 22:45:28 | INFO     | pipeline.parsers.mw | MarketWatchParser: MW-NIFTY-ENERGY-30-Mar-2026.csv
2026-05-05 22:45:28 | INFO     | pipeline.parsers.mw | Index name: NIFTY ENERGY
2026-05-05 22:45:29 | INFO     | pipeline.parsers.mw | MarketWatchParser result: 40 constituents
2026-05-05 22:45:29 | INFO     | pipeline.parsers.mw | MarketWatchParser: MW-NIFTY-EV-&-NEW-AGE-AUTOMOTIVE-03-Apr-2026.csv
2026-05-05 22:45:29 | INFO     | pipeline.parsers.mw | Index name: NIFTY EV & NEW AGE AUTOMOTIVE
2026-05-05 22:45:29 | INFO     | pipeline.parsers.mw | MarketWatchParser result: 38 constituents
2026-05-05 22:45:29 | INFO     | pipeline.parsers.mw | MarketWatchParser: MW-NIFTY-EV-&-NEW-AGE-AUTOMOTIVE-06-Apr-2026.csv
2026-05-05 22:45:29 | INFO     | pipeline.parsers.mw | Index name: NIFTY EV & NEW AGE AUTOMOTIVE
2026-05-05 22:45:29 | INFO     | pipeline.parsers.mw | MarketWatchParser result: 38 constituents
2026-05-05 22:45:29 | INFO     | pipeline.parsers.mw | MarketWatchParser: MW-NIFTY-EV-&-NEW-AGE-AUTOMOTIVE-07-Apr-2026.csv
2026-05-05 22:45:29 | INFO     | pipeline.parsers.mw | Index name: NIFTY EV & NEW AGE AUTOMOTIVE
2026-05-05 22:45:29 | INFO     | pipeline.parsers.mw | MarketWatchParser result: 38 constituents
2026-05-05 22:45:29 | INFO     | pipeline.parsers.mw | MarketWatchParser: MW-NIFTY-EV-&-NEW-AGE-AUTOMOTIVE-08-Apr-2026.csv
2026-05-05 22:45:29 | INFO     | pipeline.parsers.mw | Index name: NIFTY EV & NEW AGE AUTOMOTIVE
2026-05-05 22:45:29 | INFO     | pipeline.parsers.mw | MarketWatchParser result: 38 constituents
2026-05-05 22:45:29 | INFO     | pipeline.parsers.mw | MarketWatchParser: MW-NIFTY-EV-&-NEW-AGE-AUTOMOTIVE-09-Apr-2026.csv
2026-05-05 22:45:29 | INFO     | pipeline.parsers.mw | Index name: NIFTY EV & NEW AGE AUTOMOTIVE
2026-05-05 22:45:29 | INFO     | pipeline.parsers.mw | MarketWatchParser result: 38 constituents
2026-05-05 22:45:29 | INFO     | pipeline.parsers.mw | MarketWatchParser: MW-NIFTY-EV-&-NEW-AGE-AUTOMOTIVE-10-Apr-2026.csv
2026-05-05 22:45:29 | INFO     | pipeline.parsers.mw | Index name: NIFTY EV & NEW AGE AUTOMOTIVE
2026-05-05 22:45:29 | INFO     | pipeline.parsers.mw | MarketWatchParser result: 38 constituents
2026-05-05 22:45:29 | INFO     | pipeline.parsers.mw | MarketWatchParser: MW-NIFTY-EV-&-NEW-AGE-AUTOMOTIVE-13-Apr-2026.csv
2026-05-05 22:45:29 | INFO     | pipeline.parsers.mw | Index name: NIFTY EV & NEW AGE AUTOMOTIVE
2026-05-05 22:45:29 | INFO     | pipeline.parsers.mw | MarketWatchParser result: 38 constituents
2026-05-05 22:45:29 | INFO     | pipeline.parsers.mw | MarketWatchParser: MW-NIFTY-EV-&-NEW-AGE-AUTOMOTIVE-15-Apr-2026.csv
2026-05-05 22:45:29 | INFO     | pipeline.parsers.mw | Index name: NIFTY EV & NEW AGE AUTOMOTIVE
2026-05-05 22:45:29 | INFO     | pipeline.parsers.mw | MarketWatchParser result: 38 constituents
2026-05-05 22:45:29 | INFO     | pipeline.parsers.mw | MarketWatchParser: MW-NIFTY-EV-&-NEW-AGE-AUTOMOTIVE-16-Apr-2026.csv
2026-05-05 22:45:29 | INFO     | pipeline.parsers.mw | Index name: NIFTY EV & NEW AGE AUTOMOTIVE
2026-05-05 22:45:29 | INFO     | pipeline.parsers.mw | MarketWatchParser result: 38 constituents
2026-05-05 22:45:29 | INFO     | pipeline.parsers.mw | MarketWatchParser: MW-NIFTY-EV-&-NEW-AGE-AUTOMOTIVE-17-Apr-2026.csv
2026-05-05 22:45:29 | INFO     | pipeline.parsers.mw | Index name: NIFTY EV & NEW AGE AUTOMOTIVE
2026-05-05 22:45:29 | INFO     | pipeline.parsers.mw | MarketWatchParser result: 38 constituents
2026-05-05 22:45:29 | INFO     | pipeline.parsers.mw | MarketWatchParser: MW-NIFTY-EV-&-NEW-AGE-AUTOMOTIVE-18-Mar-2026.csv
2026-05-05 22:45:29 | INFO     | pipeline.parsers.mw | Index name: NIFTY EV & NEW AGE AUTOMOTIVE
2026-05-05 22:45:29 | INFO     | pipeline.parsers.mw | MarketWatchParser result: 35 constituents
2026-05-05 22:45:29 | INFO     | pipeline.parsers.mw | MarketWatchParser: MW-NIFTY-EV-&-NEW-AGE-AUTOMOTIVE-19-Mar-2026.csv
2026-05-05 22:45:29 | INFO     | pipeline.parsers.mw | Index name: NIFTY EV & NEW AGE AUTOMOTIVE
2026-05-05 22:45:29 | INFO     | pipeline.parsers.mw | MarketWatchParser result: 35 constituents
2026-05-05 22:45:29 | INFO     | pipeline.parsers.mw | MarketWatchParser: MW-NIFTY-EV-&-NEW-AGE-AUTOMOTIVE-20-Mar-2026.csv
2026-05-05 22:45:29 | INFO     | pipeline.parsers.mw | Index name: NIFTY EV & NEW AGE AUTOMOTIVE
2026-05-05 22:45:29 | INFO     | pipeline.parsers.mw | MarketWatchParser result: 35 constituents
2026-05-05 22:45:29 | INFO     | pipeline.parsers.mw | MarketWatchParser: MW-NIFTY-EV-&-NEW-AGE-AUTOMOTIVE-22-Apr-2026 (1).csv
2026-05-05 22:45:29 | INFO     | pipeline.parsers.mw | Index name: NIFTY EV & NEW AGE AUTOMOTIVE 22 Apr 2026 (1)
2026-05-05 22:45:29 | INFO     | pipeline.parsers.mw | MarketWatchParser result: 38 constituents
2026-05-05 22:45:29 | INFO     | pipeline.parsers.mw | MarketWatchParser: MW-NIFTY-EV-&-NEW-AGE-AUTOMOTIVE-22-Apr-2026.csv
2026-05-05 22:45:29 | INFO     | pipeline.parsers.mw | Index name: NIFTY EV & NEW AGE AUTOMOTIVE
2026-05-05 22:45:29 | INFO     | pipeline.parsers.mw | MarketWatchParser result: 38 constituents
2026-05-05 22:45:29 | INFO     | pipeline.parsers.mw | MarketWatchParser: MW-NIFTY-EV-&-NEW-AGE-AUTOMOTIVE-23-Apr-2026.csv
2026-05-05 22:45:29 | INFO     | pipeline.parsers.mw | Index name: NIFTY EV & NEW AGE AUTOMOTIVE
2026-05-05 22:45:29 | INFO     | pipeline.parsers.mw | MarketWatchParser result: 38 constituents
2026-05-05 22:45:30 | INFO     | pipeline.parsers.mw | MarketWatchParser: MW-NIFTY-EV-&-NEW-AGE-AUTOMOTIVE-24-Apr-2026.csv
2026-05-05 22:45:30 | INFO     | pipeline.parsers.mw | Index name: NIFTY EV & NEW AGE AUTOMOTIVE
2026-05-05 22:45:30 | INFO     | pipeline.parsers.mw | MarketWatchParser result: 38 constituents
2026-05-05 22:45:30 | INFO     | pipeline.parsers.mw | MarketWatchParser: MW-NIFTY-EV-&-NEW-AGE-AUTOMOTIVE-24-Mar-2026.csv
2026-05-05 22:45:30 | INFO     | pipeline.parsers.mw | Index name: NIFTY EV & NEW AGE AUTOMOTIVE
2026-05-05 22:45:30 | INFO     | pipeline.parsers.mw | MarketWatchParser result: 35 constituents
2026-05-05 22:45:30 | INFO     | pipeline.parsers.mw | MarketWatchParser: MW-NIFTY-EV-&-NEW-AGE-AUTOMOTIVE-27-Apr-2026 (1).csv
2026-05-05 22:45:30 | INFO     | pipeline.parsers.mw | Index name: NIFTY EV & NEW AGE AUTOMOTIVE 27 Apr 2026 (1)
2026-05-05 22:45:30 | INFO     | pipeline.parsers.mw | MarketWatchParser result: 38 constituents
2026-05-05 22:45:30 | INFO     | pipeline.parsers.mw | MarketWatchParser: MW-NIFTY-EV-&-NEW-AGE-AUTOMOTIVE-27-Apr-2026.csv
2026-05-05 22:45:30 | INFO     | pipeline.parsers.mw | Index name: NIFTY EV & NEW AGE AUTOMOTIVE
2026-05-05 22:45:30 | INFO     | pipeline.parsers.mw | MarketWatchParser result: 38 constituents
2026-05-05 22:45:30 | INFO     | pipeline.parsers.mw | MarketWatchParser: MW-NIFTY-EV-&-NEW-AGE-AUTOMOTIVE-27-Mar-2026.csv
2026-05-05 22:45:30 | INFO     | pipeline.parsers.mw | Index name: NIFTY EV & NEW AGE AUTOMOTIVE
2026-05-05 22:45:30 | INFO     | pipeline.parsers.mw | MarketWatchParser result: 35 constituents
2026-05-05 22:45:30 | INFO     | pipeline.parsers.mw | MarketWatchParser: MW-NIFTY-EV-&-NEW-AGE-AUTOMOTIVE-28-Apr-2026.csv
2026-05-05 22:45:30 | INFO     | pipeline.parsers.mw | Index name: NIFTY EV & NEW AGE AUTOMOTIVE
2026-05-05 22:45:30 | INFO     | pipeline.parsers.mw | MarketWatchParser result: 38 constituents
2026-05-05 22:45:30 | INFO     | pipeline.parsers.mw | MarketWatchParser: MW-NIFTY-EV-&-NEW-AGE-AUTOMOTIVE-29-Apr-2026.csv
2026-05-05 22:45:30 | INFO     | pipeline.parsers.mw | Index name: NIFTY EV & NEW AGE AUTOMOTIVE
2026-05-05 22:45:30 | INFO     | pipeline.parsers.mw | MarketWatchParser result: 38 constituents
2026-05-05 22:45:30 | INFO     | pipeline.parsers.mw | MarketWatchParser: MW-NIFTY-EV-&-NEW-AGE-AUTOMOTIVE-30-Mar-2026.csv
2026-05-05 22:45:30 | INFO     | pipeline.parsers.mw | Index name: NIFTY EV & NEW AGE AUTOMOTIVE
2026-05-05 22:45:30 | INFO     | pipeline.parsers.mw | MarketWatchParser result: 35 constituents
2026-05-05 22:45:30 | INFO     | pipeline.parsers.mw | MarketWatchParser: MW-NIFTY-HOUSING-03-Apr-2026.csv
2026-05-05 22:45:30 | INFO     | pipeline.parsers.mw | Index name: NIFTY HOUSING
2026-05-05 22:45:30 | INFO     | pipeline.parsers.mw | MarketWatchParser result: 50 constituents
2026-05-05 22:45:30 | INFO     | pipeline.parsers.mw | MarketWatchParser: MW-NIFTY-HOUSING-06-Apr-2026.csv
2026-05-05 22:45:30 | INFO     | pipeline.parsers.mw | Index name: NIFTY HOUSING
2026-05-05 22:45:30 | INFO     | pipeline.parsers.mw | MarketWatchParser result: 50 constituents
2026-05-05 22:45:30 | INFO     | pipeline.parsers.mw | MarketWatchParser: MW-NIFTY-HOUSING-07-Apr-2026.csv
2026-05-05 22:45:30 | INFO     | pipeline.parsers.mw | Index name: NIFTY HOUSING
2026-05-05 22:45:30 | INFO     | pipeline.parsers.mw | MarketWatchParser result: 50 constituents
2026-05-05 22:45:30 | INFO     | pipeline.parsers.mw | MarketWatchParser: MW-NIFTY-HOUSING-08-Apr-2026.csv
2026-05-05 22:45:30 | INFO     | pipeline.parsers.mw | Index name: NIFTY HOUSING
2026-05-05 22:45:30 | INFO     | pipeline.parsers.mw | MarketWatchParser result: 50 constituents
2026-05-05 22:45:30 | INFO     | pipeline.parsers.mw | MarketWatchParser: MW-NIFTY-HOUSING-09-Apr-2026.csv
2026-05-05 22:45:30 | INFO     | pipeline.parsers.mw | Index name: NIFTY HOUSING
2026-05-05 22:45:30 | INFO     | pipeline.parsers.mw | MarketWatchParser result: 50 constituents
2026-05-05 22:45:30 | INFO     | pipeline.parsers.mw | MarketWatchParser: MW-NIFTY-HOUSING-10-Apr-2026.csv
2026-05-05 22:45:30 | INFO     | pipeline.parsers.mw | Index name: NIFTY HOUSING
2026-05-05 22:45:30 | INFO     | pipeline.parsers.mw | MarketWatchParser result: 50 constituents
2026-05-05 22:45:30 | INFO     | pipeline.parsers.mw | MarketWatchParser: MW-NIFTY-HOUSING-14-Apr-2026.csv
2026-05-05 22:45:30 | INFO     | pipeline.parsers.mw | Index name: NIFTY HOUSING
2026-05-05 22:45:30 | INFO     | pipeline.parsers.mw | MarketWatchParser result: 50 constituents
2026-05-05 22:45:30 | INFO     | pipeline.parsers.mw | MarketWatchParser: MW-NIFTY-HOUSING-15-Apr-2026.csv
2026-05-05 22:45:30 | INFO     | pipeline.parsers.mw | Index name: NIFTY HOUSING
2026-05-05 22:45:31 | INFO     | pipeline.parsers.mw | MarketWatchParser result: 50 constituents
2026-05-05 22:45:31 | INFO     | pipeline.parsers.mw | MarketWatchParser: MW-NIFTY-HOUSING-16-Apr-2026.csv
2026-05-05 22:45:31 | INFO     | pipeline.parsers.mw | Index name: NIFTY HOUSING
2026-05-05 22:45:31 | INFO     | pipeline.parsers.mw | MarketWatchParser result: 50 constituents
2026-05-05 22:45:31 | INFO     | pipeline.parsers.mw | MarketWatchParser: MW-NIFTY-HOUSING-17-Apr-2026.csv
2026-05-05 22:45:31 | INFO     | pipeline.parsers.mw | Index name: NIFTY HOUSING
2026-05-05 22:45:31 | INFO     | pipeline.parsers.mw | MarketWatchParser result: 50 constituents
2026-05-05 22:45:31 | INFO     | pipeline.parsers.mw | MarketWatchParser: MW-NIFTY-HOUSING-22-Apr-2026 (1).csv
2026-05-05 22:45:31 | INFO     | pipeline.parsers.mw | Index name: NIFTY HOUSING 22 Apr 2026 (1)
2026-05-05 22:45:31 | INFO     | pipeline.parsers.mw | MarketWatchParser result: 50 constituents
2026-05-05 22:45:31 | INFO     | pipeline.parsers.mw | MarketWatchParser: MW-NIFTY-HOUSING-22-Apr-2026.csv
2026-05-05 22:45:31 | INFO     | pipeline.parsers.mw | Index name: NIFTY HOUSING
2026-05-05 22:45:31 | INFO     | pipeline.parsers.mw | MarketWatchParser result: 50 constituents
2026-05-05 22:45:31 | INFO     | pipeline.parsers.mw | MarketWatchParser: MW-NIFTY-HOUSING-23-Apr-2026.csv
2026-05-05 22:45:31 | INFO     | pipeline.parsers.mw | Index name: NIFTY HOUSING
2026-05-05 22:45:31 | INFO     | pipeline.parsers.mw | MarketWatchParser result: 50 constituents
2026-05-05 22:45:31 | INFO     | pipeline.parsers.mw | MarketWatchParser: MW-NIFTY-HOUSING-24-Apr-2026.csv
2026-05-05 22:45:31 | INFO     | pipeline.parsers.mw | Index name: NIFTY HOUSING
2026-05-05 22:45:31 | INFO     | pipeline.parsers.mw | MarketWatchParser result: 50 constituents
2026-05-05 22:45:31 | INFO     | pipeline.parsers.mw | MarketWatchParser: MW-NIFTY-HOUSING-24-Mar-2026.csv
2026-05-05 22:45:31 | INFO     | pipeline.parsers.mw | Index name: NIFTY HOUSING
2026-05-05 22:45:31 | INFO     | pipeline.parsers.mw | MarketWatchParser result: 50 constituents
2026-05-05 22:45:31 | INFO     | pipeline.parsers.mw | MarketWatchParser: MW-NIFTY-HOUSING-27-Apr-2026.csv
2026-05-05 22:45:31 | INFO     | pipeline.parsers.mw | Index name: NIFTY HOUSING
2026-05-05 22:45:31 | INFO     | pipeline.parsers.mw | MarketWatchParser result: 50 constituents
2026-05-05 22:45:31 | INFO     | pipeline.parsers.mw | MarketWatchParser: MW-NIFTY-HOUSING-27-Mar-2026.csv
2026-05-05 22:45:31 | INFO     | pipeline.parsers.mw | Index name: NIFTY HOUSING
2026-05-05 22:45:31 | INFO     | pipeline.parsers.mw | MarketWatchParser result: 50 constituents
2026-05-05 22:45:31 | INFO     | pipeline.parsers.mw | MarketWatchParser: MW-NIFTY-HOUSING-28-Apr-2026.csv
2026-05-05 22:45:31 | INFO     | pipeline.parsers.mw | Index name: NIFTY HOUSING
2026-05-05 22:45:31 | INFO     | pipeline.parsers.mw | MarketWatchParser result: 50 constituents
2026-05-05 22:45:31 | INFO     | pipeline.parsers.mw | MarketWatchParser: MW-NIFTY-HOUSING-29-Apr-2026.csv
2026-05-05 22:45:31 | INFO     | pipeline.parsers.mw | Index name: NIFTY HOUSING
2026-05-05 22:45:31 | INFO     | pipeline.parsers.mw | MarketWatchParser result: 50 constituents
2026-05-05 22:45:31 | INFO     | pipeline.parsers.mw | MarketWatchParser: MW-NIFTY-HOUSING-30-Mar-2026.csv
2026-05-05 22:45:31 | INFO     | pipeline.parsers.mw | Index name: NIFTY HOUSING
2026-05-05 22:45:31 | INFO     | pipeline.parsers.mw | MarketWatchParser result: 50 constituents
2026-05-05 22:45:31 | INFO     | pipeline.parsers.mw | MarketWatchParser: MW-NIFTY-INDIA-CONSUMPTION-03-Apr-2026.csv
2026-05-05 22:45:31 | INFO     | pipeline.parsers.mw | Index name: NIFTY INDIA CONSUMPTION
2026-05-05 22:45:32 | INFO     | pipeline.parsers.mw | MarketWatchParser result: 30 constituents
2026-05-05 22:45:32 | INFO     | pipeline.parsers.mw | MarketWatchParser: MW-NIFTY-INDIA-CONSUMPTION-06-Apr-2026.csv
2026-05-05 22:45:32 | INFO     | pipeline.parsers.mw | Index name: NIFTY INDIA CONSUMPTION
2026-05-05 22:45:32 | INFO     | pipeline.parsers.mw | MarketWatchParser result: 30 constituents
2026-05-05 22:45:32 | INFO     | pipeline.parsers.mw | MarketWatchParser: MW-NIFTY-INDIA-CONSUMPTION-07-Apr-2026.csv
2026-05-05 22:45:32 | INFO     | pipeline.parsers.mw | Index name: NIFTY INDIA CONSUMPTION
2026-05-05 22:45:32 | INFO     | pipeline.parsers.mw | MarketWatchParser result: 30 constituents
2026-05-05 22:45:32 | INFO     | pipeline.parsers.mw | MarketWatchParser: MW-NIFTY-INDIA-CONSUMPTION-08-Apr-2026.csv
2026-05-05 22:45:32 | INFO     | pipeline.parsers.mw | Index name: NIFTY INDIA CONSUMPTION
2026-05-05 22:45:32 | INFO     | pipeline.parsers.mw | MarketWatchParser result: 30 constituents
2026-05-05 22:45:32 | INFO     | pipeline.parsers.mw | MarketWatchParser: MW-NIFTY-INDIA-CONSUMPTION-09-Apr-2026.csv
2026-05-05 22:45:32 | INFO     | pipeline.parsers.mw | Index name: NIFTY INDIA CONSUMPTION
2026-05-05 22:45:32 | INFO     | pipeline.parsers.mw | MarketWatchParser result: 30 constituents
2026-05-05 22:45:32 | INFO     | pipeline.parsers.mw | MarketWatchParser: MW-NIFTY-INDIA-CONSUMPTION-10-Apr-2026.csv
2026-05-05 22:45:32 | INFO     | pipeline.parsers.mw | Index name: NIFTY INDIA CONSUMPTION
2026-05-05 22:45:32 | INFO     | pipeline.parsers.mw | MarketWatchParser result: 30 constituents
2026-05-05 22:45:32 | INFO     | pipeline.parsers.mw | MarketWatchParser: MW-NIFTY-INDIA-CONSUMPTION-14-Apr-2026.csv
2026-05-05 22:45:32 | INFO     | pipeline.parsers.mw | Index name: NIFTY INDIA CONSUMPTION
2026-05-05 22:45:32 | INFO     | pipeline.parsers.mw | MarketWatchParser result: 30 constituents
2026-05-05 22:45:32 | INFO     | pipeline.parsers.mw | MarketWatchParser: MW-NIFTY-INDIA-CONSUMPTION-15-Apr-2026.csv
2026-05-05 22:45:32 | INFO     | pipeline.parsers.mw | Index name: NIFTY INDIA CONSUMPTION
2026-05-05 22:45:32 | INFO     | pipeline.parsers.mw | MarketWatchParser result: 30 constituents
2026-05-05 22:45:32 | INFO     | pipeline.parsers.mw | MarketWatchParser: MW-NIFTY-INDIA-CONSUMPTION-16-Apr-2026.csv
2026-05-05 22:45:32 | INFO     | pipeline.parsers.mw | Index name: NIFTY INDIA CONSUMPTION
2026-05-05 22:45:32 | INFO     | pipeline.parsers.mw | MarketWatchParser result: 30 constituents
2026-05-05 22:45:32 | INFO     | pipeline.parsers.mw | MarketWatchParser: MW-NIFTY-INDIA-CONSUMPTION-17-Apr-2026.csv
2026-05-05 22:45:32 | INFO     | pipeline.parsers.mw | Index name: NIFTY INDIA CONSUMPTION
2026-05-05 22:45:32 | INFO     | pipeline.parsers.mw | MarketWatchParser result: 30 constituents
2026-05-05 22:45:32 | INFO     | pipeline.parsers.mw | MarketWatchParser: MW-NIFTY-INDIA-CONSUMPTION-21-Apr-2026.csv
2026-05-05 22:45:32 | INFO     | pipeline.parsers.mw | Index name: NIFTY INDIA CONSUMPTION
2026-05-05 22:45:32 | INFO     | pipeline.parsers.mw | MarketWatchParser result: 30 constituents
2026-05-05 22:45:32 | INFO     | pipeline.parsers.mw | MarketWatchParser: MW-NIFTY-INDIA-CONSUMPTION-22-Apr-2026 (1).csv
2026-05-05 22:45:32 | INFO     | pipeline.parsers.mw | Index name: NIFTY INDIA CONSUMPTION 22 Apr 2026 (1)
2026-05-05 22:45:32 | INFO     | pipeline.parsers.mw | MarketWatchParser result: 30 constituents
2026-05-05 22:45:32 | INFO     | pipeline.parsers.mw | MarketWatchParser: MW-NIFTY-INDIA-CONSUMPTION-22-Apr-2026.csv
2026-05-05 22:45:32 | INFO     | pipeline.parsers.mw | Index name: NIFTY INDIA CONSUMPTION
2026-05-05 22:45:32 | INFO     | pipeline.parsers.mw | MarketWatchParser result: 30 constituents
2026-05-05 22:45:32 | INFO     | pipeline.parsers.mw | MarketWatchParser: MW-NIFTY-INDIA-CONSUMPTION-23-Apr-2026.csv
2026-05-05 22:45:32 | INFO     | pipeline.parsers.mw | Index name: NIFTY INDIA CONSUMPTION
2026-05-05 22:45:32 | INFO     | pipeline.parsers.mw | MarketWatchParser result: 30 constituents
2026-05-05 22:45:32 | INFO     | pipeline.parsers.mw | MarketWatchParser: MW-NIFTY-INDIA-CONSUMPTION-23-Mar-2026.csv
2026-05-05 22:45:32 | INFO     | pipeline.parsers.mw | Index name: NIFTY INDIA CONSUMPTION
2026-05-05 22:45:32 | INFO     | pipeline.parsers.mw | MarketWatchParser result: 30 constituents
2026-05-05 22:45:32 | INFO     | pipeline.parsers.mw | MarketWatchParser: MW-NIFTY-INDIA-CONSUMPTION-24-Apr-2026.csv
2026-05-05 22:45:32 | INFO     | pipeline.parsers.mw | Index name: NIFTY INDIA CONSUMPTION
2026-05-05 22:45:32 | INFO     | pipeline.parsers.mw | MarketWatchParser result: 30 constituents
2026-05-05 22:45:32 | INFO     | pipeline.parsers.mw | MarketWatchParser: MW-NIFTY-INDIA-CONSUMPTION-24-Mar-2026.csv
2026-05-05 22:45:32 | INFO     | pipeline.parsers.mw | Index name: NIFTY INDIA CONSUMPTION
2026-05-05 22:45:33 | INFO     | pipeline.parsers.mw | MarketWatchParser result: 30 constituents
2026-05-05 22:45:33 | INFO     | pipeline.parsers.mw | MarketWatchParser: MW-NIFTY-INDIA-CONSUMPTION-27-Apr-2026.csv
2026-05-05 22:45:33 | INFO     | pipeline.parsers.mw | Index name: NIFTY INDIA CONSUMPTION
2026-05-05 22:45:33 | INFO     | pipeline.parsers.mw | MarketWatchParser result: 30 constituents
2026-05-05 22:45:33 | INFO     | pipeline.parsers.mw | MarketWatchParser: MW-NIFTY-INDIA-CONSUMPTION-27-Mar-2026.csv
2026-05-05 22:45:33 | INFO     | pipeline.parsers.mw | Index name: NIFTY INDIA CONSUMPTION
2026-05-05 22:45:33 | INFO     | pipeline.parsers.mw | MarketWatchParser result: 30 constituents
2026-05-05 22:45:33 | INFO     | pipeline.parsers.mw | MarketWatchParser: MW-NIFTY-INDIA-CONSUMPTION-28-Apr-2026.csv
2026-05-05 22:45:33 | INFO     | pipeline.parsers.mw | Index name: NIFTY INDIA CONSUMPTION
2026-05-05 22:45:33 | INFO     | pipeline.parsers.mw | MarketWatchParser result: 30 constituents
2026-05-05 22:45:33 | INFO     | pipeline.parsers.mw | MarketWatchParser: MW-NIFTY-INDIA-CONSUMPTION-29-Apr-2026.csv
2026-05-05 22:45:33 | INFO     | pipeline.parsers.mw | Index name: NIFTY INDIA CONSUMPTION
2026-05-05 22:45:33 | INFO     | pipeline.parsers.mw | MarketWatchParser result: 30 constituents
2026-05-05 22:45:33 | INFO     | pipeline.parsers.mw | MarketWatchParser: MW-NIFTY-INDIA-CONSUMPTION-30-Mar-2026.csv
2026-05-05 22:45:33 | INFO     | pipeline.parsers.mw | Index name: NIFTY INDIA CONSUMPTION
2026-05-05 22:45:33 | INFO     | pipeline.parsers.mw | MarketWatchParser result: 30 constituents
2026-05-05 22:45:33 | INFO     | pipeline.parsers.mw | MarketWatchParser: MW-NIFTY-INDIA-DEFENCE-03-Apr-2026.csv
2026-05-05 22:45:33 | INFO     | pipeline.parsers.mw | Index name: NIFTY INDIA DEFENCE
2026-05-05 22:45:33 | INFO     | pipeline.parsers.mw | MarketWatchParser result: 19 constituents
2026-05-05 22:45:33 | INFO     | pipeline.parsers.mw | MarketWatchParser: MW-NIFTY-INDIA-DEFENCE-06-Apr-2026.csv
2026-05-05 22:45:33 | INFO     | pipeline.parsers.mw | Index name: NIFTY INDIA DEFENCE
2026-05-05 22:45:33 | INFO     | pipeline.parsers.mw | MarketWatchParser result: 19 constituents
2026-05-05 22:45:33 | INFO     | pipeline.parsers.mw | MarketWatchParser: MW-NIFTY-INDIA-DEFENCE-07-Apr-2026.csv
2026-05-05 22:45:33 | INFO     | pipeline.parsers.mw | Index name: NIFTY INDIA DEFENCE
2026-05-05 22:45:33 | INFO     | pipeline.parsers.mw | MarketWatchParser result: 19 constituents
2026-05-05 22:45:33 | INFO     | pipeline.parsers.mw | MarketWatchParser: MW-NIFTY-INDIA-DEFENCE-08-Apr-2026.csv
2026-05-05 22:45:33 | INFO     | pipeline.parsers.mw | Index name: NIFTY INDIA DEFENCE
2026-05-05 22:45:33 | INFO     | pipeline.parsers.mw | MarketWatchParser result: 19 constituents
2026-05-05 22:45:33 | INFO     | pipeline.parsers.mw | MarketWatchParser: MW-NIFTY-INDIA-DEFENCE-09-Apr-2026.csv
2026-05-05 22:45:33 | INFO     | pipeline.parsers.mw | Index name: NIFTY INDIA DEFENCE
2026-05-05 22:45:33 | INFO     | pipeline.parsers.mw | MarketWatchParser result: 19 constituents
2026-05-05 22:45:33 | INFO     | pipeline.parsers.mw | MarketWatchParser: MW-NIFTY-INDIA-DEFENCE-10-Apr-2026.csv
2026-05-05 22:45:33 | INFO     | pipeline.parsers.mw | Index name: NIFTY INDIA DEFENCE
2026-05-05 22:45:33 | INFO     | pipeline.parsers.mw | MarketWatchParser result: 19 constituents
2026-05-05 22:45:33 | INFO     | pipeline.parsers.mw | MarketWatchParser: MW-NIFTY-INDIA-DEFENCE-13-Apr-2026.csv
2026-05-05 22:45:33 | INFO     | pipeline.parsers.mw | Index name: NIFTY INDIA DEFENCE
2026-05-05 22:45:33 | INFO     | pipeline.parsers.mw | MarketWatchParser result: 19 constituents
2026-05-05 22:45:33 | INFO     | pipeline.parsers.mw | MarketWatchParser: MW-NIFTY-INDIA-DEFENCE-15-Apr-2026.csv
2026-05-05 22:45:33 | INFO     | pipeline.parsers.mw | Index name: NIFTY INDIA DEFENCE
2026-05-05 22:45:33 | INFO     | pipeline.parsers.mw | MarketWatchParser result: 19 constituents
2026-05-05 22:45:33 | INFO     | pipeline.parsers.mw | MarketWatchParser: MW-NIFTY-INDIA-DEFENCE-16-Apr-2026.csv
2026-05-05 22:45:33 | INFO     | pipeline.parsers.mw | Index name: NIFTY INDIA DEFENCE
2026-05-05 22:45:33 | INFO     | pipeline.parsers.mw | MarketWatchParser result: 19 constituents
2026-05-05 22:45:33 | INFO     | pipeline.parsers.mw | MarketWatchParser: MW-NIFTY-INDIA-DEFENCE-17-Apr-2026.csv
2026-05-05 22:45:33 | INFO     | pipeline.parsers.mw | Index name: NIFTY INDIA DEFENCE
2026-05-05 22:45:34 | INFO     | pipeline.parsers.mw | MarketWatchParser result: 19 constituents
2026-05-05 22:45:34 | INFO     | pipeline.parsers.mw | MarketWatchParser: MW-NIFTY-INDIA-DEFENCE-18-Mar-2026.csv
2026-05-05 22:45:34 | INFO     | pipeline.parsers.mw | Index name: NIFTY INDIA DEFENCE
2026-05-05 22:45:34 | INFO     | pipeline.parsers.mw | MarketWatchParser result: 18 constituents
2026-05-05 22:45:34 | INFO     | pipeline.parsers.mw | MarketWatchParser: MW-NIFTY-INDIA-DEFENCE-19-Mar-2026.csv
2026-05-05 22:45:34 | INFO     | pipeline.parsers.mw | Index name: NIFTY INDIA DEFENCE
2026-05-05 22:45:34 | INFO     | pipeline.parsers.mw | MarketWatchParser result: 18 constituents
2026-05-05 22:45:34 | INFO     | pipeline.parsers.mw | MarketWatchParser: MW-NIFTY-INDIA-DEFENCE-20-Mar-2026.csv
2026-05-05 22:45:34 | INFO     | pipeline.parsers.mw | Index name: NIFTY INDIA DEFENCE
2026-05-05 22:45:34 | INFO     | pipeline.parsers.mw | MarketWatchParser result: 18 constituents
2026-05-05 22:45:34 | INFO     | pipeline.parsers.mw | MarketWatchParser: MW-NIFTY-INDIA-DEFENCE-22-Apr-2026 (1).csv
2026-05-05 22:45:34 | INFO     | pipeline.parsers.mw | Index name: NIFTY INDIA DEFENCE 22 Apr 2026 (1)
2026-05-05 22:45:34 | INFO     | pipeline.parsers.mw | MarketWatchParser result: 19 constituents
2026-05-05 22:45:34 | INFO     | pipeline.parsers.mw | MarketWatchParser: MW-NIFTY-INDIA-DEFENCE-22-Apr-2026.csv
2026-05-05 22:45:34 | INFO     | pipeline.parsers.mw | Index name: NIFTY INDIA DEFENCE
2026-05-05 22:45:34 | INFO     | pipeline.parsers.mw | MarketWatchParser result: 19 constituents
2026-05-05 22:45:34 | INFO     | pipeline.parsers.mw | MarketWatchParser: MW-NIFTY-INDIA-DEFENCE-23-Apr-2026.csv
2026-05-05 22:45:34 | INFO     | pipeline.parsers.mw | Index name: NIFTY INDIA DEFENCE
2026-05-05 22:45:34 | INFO     | pipeline.parsers.mw | MarketWatchParser result: 19 constituents
2026-05-05 22:45:34 | INFO     | pipeline.parsers.mw | MarketWatchParser: MW-NIFTY-INDIA-DEFENCE-24-Apr-2026.csv
2026-05-05 22:45:34 | INFO     | pipeline.parsers.mw | Index name: NIFTY INDIA DEFENCE
2026-05-05 22:45:34 | INFO     | pipeline.parsers.mw | MarketWatchParser result: 19 constituents
2026-05-05 22:45:34 | INFO     | pipeline.parsers.mw | MarketWatchParser: MW-NIFTY-INDIA-DEFENCE-24-Mar-2026.csv
2026-05-05 22:45:34 | INFO     | pipeline.parsers.mw | Index name: NIFTY INDIA DEFENCE
2026-05-05 22:45:34 | INFO     | pipeline.parsers.mw | MarketWatchParser result: 18 constituents
2026-05-05 22:45:34 | INFO     | pipeline.parsers.mw | MarketWatchParser: MW-NIFTY-INDIA-DEFENCE-27-Apr-2026.csv
2026-05-05 22:45:34 | INFO     | pipeline.parsers.mw | Index name: NIFTY INDIA DEFENCE
2026-05-05 22:45:34 | INFO     | pipeline.parsers.mw | MarketWatchParser result: 19 constituents
2026-05-05 22:45:34 | INFO     | pipeline.parsers.mw | MarketWatchParser: MW-NIFTY-INDIA-DEFENCE-27-Mar-2026.csv
2026-05-05 22:45:34 | INFO     | pipeline.parsers.mw | Index name: NIFTY INDIA DEFENCE
2026-05-05 22:45:34 | INFO     | pipeline.parsers.mw | MarketWatchParser result: 18 constituents
2026-05-05 22:45:34 | INFO     | pipeline.parsers.mw | MarketWatchParser: MW-NIFTY-INDIA-DEFENCE-28-Apr-2026 (1).csv
2026-05-05 22:45:34 | INFO     | pipeline.parsers.mw | Index name: NIFTY INDIA DEFENCE 28 Apr 2026 (1)
2026-05-05 22:45:34 | INFO     | pipeline.parsers.mw | MarketWatchParser result: 19 constituents
2026-05-05 22:45:34 | INFO     | pipeline.parsers.mw | MarketWatchParser: MW-NIFTY-INDIA-DEFENCE-28-Apr-2026.csv
2026-05-05 22:45:34 | INFO     | pipeline.parsers.mw | Index name: NIFTY INDIA DEFENCE
2026-05-05 22:45:34 | INFO     | pipeline.parsers.mw | MarketWatchParser result: 19 constituents
2026-05-05 22:45:34 | INFO     | pipeline.parsers.mw | MarketWatchParser: MW-NIFTY-INDIA-DEFENCE-29-Apr-2026.csv
2026-05-05 22:45:34 | INFO     | pipeline.parsers.mw | Index name: NIFTY INDIA DEFENCE
2026-05-05 22:45:34 | INFO     | pipeline.parsers.mw | MarketWatchParser result: 19 constituents
2026-05-05 22:45:34 | INFO     | pipeline.parsers.mw | MarketWatchParser: MW-NIFTY-INDIA-DEFENCE-30-Mar-2026.csv
2026-05-05 22:45:34 | INFO     | pipeline.parsers.mw | Index name: NIFTY INDIA DEFENCE
2026-05-05 22:45:34 | INFO     | pipeline.parsers.mw | MarketWatchParser result: 18 constituents
2026-05-05 22:45:34 | INFO     | pipeline.parsers.mw | MarketWatchParser: MW-NIFTY-INDIA-DIGITAL-03-Apr-2026.csv
2026-05-05 22:45:34 | INFO     | pipeline.parsers.mw | Index name: NIFTY INDIA DIGITAL
2026-05-05 22:45:34 | INFO     | pipeline.parsers.mw | MarketWatchParser result: 51 constituents
2026-05-05 22:45:34 | INFO     | pipeline.parsers.mw | MarketWatchParser: MW-NIFTY-INDIA-DIGITAL-06-Apr-2026.csv
2026-05-05 22:45:34 | INFO     | pipeline.parsers.mw | Index name: NIFTY INDIA DIGITAL
2026-05-05 22:45:34 | INFO     | pipeline.parsers.mw | MarketWatchParser result: 51 constituents
2026-05-05 22:45:34 | INFO     | pipeline.parsers.mw | MarketWatchParser: MW-NIFTY-INDIA-DIGITAL-07-Apr-2026.csv
2026-05-05 22:45:34 | INFO     | pipeline.parsers.mw | Index name: NIFTY INDIA DIGITAL
2026-05-05 22:45:34 | INFO     | pipeline.parsers.mw | MarketWatchParser result: 51 constituents
2026-05-05 22:45:34 | INFO     | pipeline.parsers.mw | MarketWatchParser: MW-NIFTY-INDIA-DIGITAL-08-Apr-2026.csv
2026-05-05 22:45:34 | INFO     | pipeline.parsers.mw | Index name: NIFTY INDIA DIGITAL
2026-05-05 22:45:34 | INFO     | pipeline.parsers.mw | MarketWatchParser result: 51 constituents
2026-05-05 22:45:35 | INFO     | pipeline.parsers.mw | MarketWatchParser: MW-NIFTY-INDIA-DIGITAL-09-Apr-2026.csv
2026-05-05 22:45:35 | INFO     | pipeline.parsers.mw | Index name: NIFTY INDIA DIGITAL
2026-05-05 22:45:35 | INFO     | pipeline.parsers.mw | MarketWatchParser result: 51 constituents
2026-05-05 22:45:35 | INFO     | pipeline.parsers.mw | MarketWatchParser: MW-NIFTY-INDIA-DIGITAL-10-Apr-2026.csv
2026-05-05 22:45:35 | INFO     | pipeline.parsers.mw | Index name: NIFTY INDIA DIGITAL
2026-05-05 22:45:35 | INFO     | pipeline.parsers.mw | MarketWatchParser result: 51 constituents
2026-05-05 22:45:35 | INFO     | pipeline.parsers.mw | MarketWatchParser: MW-NIFTY-INDIA-DIGITAL-14-Apr-2026.csv
2026-05-05 22:45:35 | INFO     | pipeline.parsers.mw | Index name: NIFTY INDIA DIGITAL
2026-05-05 22:45:35 | INFO     | pipeline.parsers.mw | MarketWatchParser result: 51 constituents
2026-05-05 22:45:35 | INFO     | pipeline.parsers.mw | MarketWatchParser: MW-NIFTY-INDIA-DIGITAL-15-Apr-2026.csv
2026-05-05 22:45:35 | INFO     | pipeline.parsers.mw | Index name: NIFTY INDIA DIGITAL
2026-05-05 22:45:35 | INFO     | pipeline.parsers.mw | MarketWatchParser result: 51 constituents
2026-05-05 22:45:35 | INFO     | pipeline.parsers.mw | MarketWatchParser: MW-NIFTY-INDIA-DIGITAL-16-Apr-2026.csv
2026-05-05 22:45:35 | INFO     | pipeline.parsers.mw | Index name: NIFTY INDIA DIGITAL
2026-05-05 22:45:35 | INFO     | pipeline.parsers.mw | MarketWatchParser result: 51 constituents
2026-05-05 22:45:35 | INFO     | pipeline.parsers.mw | MarketWatchParser: MW-NIFTY-INDIA-DIGITAL-17-Apr-2026.csv
2026-05-05 22:45:35 | INFO     | pipeline.parsers.mw | Index name: NIFTY INDIA DIGITAL
2026-05-05 22:45:35 | INFO     | pipeline.parsers.mw | MarketWatchParser result: 51 constituents
2026-05-05 22:45:35 | INFO     | pipeline.parsers.mw | MarketWatchParser: MW-NIFTY-INDIA-DIGITAL-22-Apr-2026 (1).csv
2026-05-05 22:45:35 | INFO     | pipeline.parsers.mw | Index name: NIFTY INDIA DIGITAL 22 Apr 2026 (1)
2026-05-05 22:45:35 | INFO     | pipeline.parsers.mw | MarketWatchParser result: 51 constituents
2026-05-05 22:45:35 | INFO     | pipeline.parsers.mw | MarketWatchParser: MW-NIFTY-INDIA-DIGITAL-22-Apr-2026.csv
2026-05-05 22:45:35 | INFO     | pipeline.parsers.mw | Index name: NIFTY INDIA DIGITAL
2026-05-05 22:45:35 | INFO     | pipeline.parsers.mw | MarketWatchParser result: 51 constituents
2026-05-05 22:45:35 | INFO     | pipeline.parsers.mw | MarketWatchParser: MW-NIFTY-INDIA-DIGITAL-23-Apr-2026.csv
2026-05-05 22:45:35 | INFO     | pipeline.parsers.mw | Index name: NIFTY INDIA DIGITAL
2026-05-05 22:45:35 | INFO     | pipeline.parsers.mw | MarketWatchParser result: 51 constituents
2026-05-05 22:45:35 | INFO     | pipeline.parsers.mw | MarketWatchParser: MW-NIFTY-INDIA-DIGITAL-24-Apr-2026.csv
2026-05-05 22:45:35 | INFO     | pipeline.parsers.mw | Index name: NIFTY INDIA DIGITAL
2026-05-05 22:45:35 | INFO     | pipeline.parsers.mw | MarketWatchParser result: 51 constituents
2026-05-05 22:45:35 | INFO     | pipeline.parsers.mw | MarketWatchParser: MW-NIFTY-INDIA-DIGITAL-24-Mar-2026.csv
2026-05-05 22:45:35 | INFO     | pipeline.parsers.mw | Index name: NIFTY INDIA DIGITAL
2026-05-05 22:45:35 | INFO     | pipeline.parsers.mw | MarketWatchParser result: 30 constituents
2026-05-05 22:45:35 | INFO     | pipeline.parsers.mw | MarketWatchParser: MW-NIFTY-INDIA-DIGITAL-27-Apr-2026.csv
2026-05-05 22:45:35 | INFO     | pipeline.parsers.mw | Index name: NIFTY INDIA DIGITAL
2026-05-05 22:45:35 | INFO     | pipeline.parsers.mw | MarketWatchParser result: 51 constituents
2026-05-05 22:45:35 | INFO     | pipeline.parsers.mw | MarketWatchParser: MW-NIFTY-INDIA-DIGITAL-27-Mar-2026.csv
2026-05-05 22:45:35 | INFO     | pipeline.parsers.mw | Index name: NIFTY INDIA DIGITAL
2026-05-05 22:45:35 | INFO     | pipeline.parsers.mw | MarketWatchParser result: 30 constituents
2026-05-05 22:45:35 | INFO     | pipeline.parsers.mw | MarketWatchParser: MW-NIFTY-INDIA-DIGITAL-28-Apr-2026.csv
2026-05-05 22:45:35 | INFO     | pipeline.parsers.mw | Index name: NIFTY INDIA DIGITAL
2026-05-05 22:45:35 | INFO     | pipeline.parsers.mw | MarketWatchParser result: 51 constituents
2026-05-05 22:45:35 | INFO     | pipeline.parsers.mw | MarketWatchParser: MW-NIFTY-INDIA-DIGITAL-29-Apr-2026.csv
2026-05-05 22:45:35 | INFO     | pipeline.parsers.mw | Index name: NIFTY INDIA DIGITAL
2026-05-05 22:45:35 | INFO     | pipeline.parsers.mw | MarketWatchParser result: 51 constituents
2026-05-05 22:45:35 | INFO     | pipeline.parsers.mw | MarketWatchParser: MW-NIFTY-INDIA-DIGITAL-30-Mar-2026.csv
2026-05-05 22:45:35 | INFO     | pipeline.parsers.mw | Index name: NIFTY INDIA DIGITAL
2026-05-05 22:45:36 | INFO     | pipeline.parsers.mw | MarketWatchParser result: 30 constituents
2026-05-05 22:45:36 | INFO     | pipeline.parsers.mw | MarketWatchParser: MW-NIFTY-INDIA-INTERNET-03-Apr-2026.csv
2026-05-05 22:45:36 | INFO     | pipeline.parsers.mw | Index name: NIFTY INDIA INTERNET
2026-05-05 22:45:36 | INFO     | pipeline.parsers.mw | MarketWatchParser result: 27 constituents
2026-05-05 22:45:36 | INFO     | pipeline.parsers.mw | MarketWatchParser: MW-NIFTY-INDIA-INTERNET-06-Apr-2026.csv
2026-05-05 22:45:36 | INFO     | pipeline.parsers.mw | Index name: NIFTY INDIA INTERNET
2026-05-05 22:45:36 | INFO     | pipeline.parsers.mw | MarketWatchParser result: 27 constituents
2026-05-05 22:45:36 | INFO     | pipeline.parsers.mw | MarketWatchParser: MW-NIFTY-INDIA-INTERNET-07-Apr-2026.csv
2026-05-05 22:45:36 | INFO     | pipeline.parsers.mw | Index name: NIFTY INDIA INTERNET
2026-05-05 22:45:36 | INFO     | pipeline.parsers.mw | MarketWatchParser result: 27 constituents
2026-05-05 22:45:36 | INFO     | pipeline.parsers.mw | MarketWatchParser: MW-NIFTY-INDIA-INTERNET-08-Apr-2026.csv
2026-05-05 22:45:36 | INFO     | pipeline.parsers.mw | Index name: NIFTY INDIA INTERNET
2026-05-05 22:45:36 | INFO     | pipeline.parsers.mw | MarketWatchParser result: 27 constituents
2026-05-05 22:45:36 | INFO     | pipeline.parsers.mw | MarketWatchParser: MW-NIFTY-INDIA-INTERNET-09-Apr-2026.csv
2026-05-05 22:45:36 | INFO     | pipeline.parsers.mw | Index name: NIFTY INDIA INTERNET
2026-05-05 22:45:36 | INFO     | pipeline.parsers.mw | MarketWatchParser result: 27 constituents
2026-05-05 22:45:36 | INFO     | pipeline.parsers.mw | MarketWatchParser: MW-NIFTY-INDIA-INTERNET-10-Apr-2026.csv
2026-05-05 22:45:36 | INFO     | pipeline.parsers.mw | Index name: NIFTY INDIA INTERNET
2026-05-05 22:45:36 | INFO     | pipeline.parsers.mw | MarketWatchParser result: 27 constituents
2026-05-05 22:45:36 | INFO     | pipeline.parsers.mw | MarketWatchParser: MW-NIFTY-INDIA-INTERNET-14-Apr-2026.csv
2026-05-05 22:45:36 | INFO     | pipeline.parsers.mw | Index name: NIFTY INDIA INTERNET
2026-05-05 22:45:36 | INFO     | pipeline.parsers.mw | MarketWatchParser result: 27 constituents
2026-05-05 22:45:36 | INFO     | pipeline.parsers.mw | MarketWatchParser: MW-NIFTY-INDIA-INTERNET-15-Apr-2026.csv
2026-05-05 22:45:36 | INFO     | pipeline.parsers.mw | Index name: NIFTY INDIA INTERNET
2026-05-05 22:45:36 | INFO     | pipeline.parsers.mw | MarketWatchParser result: 27 constituents
2026-05-05 22:45:36 | INFO     | pipeline.parsers.mw | MarketWatchParser: MW-NIFTY-INDIA-INTERNET-16-Apr-2026.csv
2026-05-05 22:45:36 | INFO     | pipeline.parsers.mw | Index name: NIFTY INDIA INTERNET
2026-05-05 22:45:36 | INFO     | pipeline.parsers.mw | MarketWatchParser result: 27 constituents
2026-05-05 22:45:36 | INFO     | pipeline.parsers.mw | MarketWatchParser: MW-NIFTY-INDIA-INTERNET-17-Apr-2026.csv
2026-05-05 22:45:36 | INFO     | pipeline.parsers.mw | Index name: NIFTY INDIA INTERNET
2026-05-05 22:45:36 | INFO     | pipeline.parsers.mw | MarketWatchParser result: 27 constituents
2026-05-05 22:45:36 | INFO     | pipeline.parsers.mw | MarketWatchParser: MW-NIFTY-INDIA-INTERNET-22-Apr-2026 (1).csv
2026-05-05 22:45:36 | INFO     | pipeline.parsers.mw | Index name: NIFTY INDIA INTERNET 22 Apr 2026 (1)
2026-05-05 22:45:36 | INFO     | pipeline.parsers.mw | MarketWatchParser result: 27 constituents
2026-05-05 22:45:36 | INFO     | pipeline.parsers.mw | MarketWatchParser: MW-NIFTY-INDIA-INTERNET-22-Apr-2026.csv
2026-05-05 22:45:36 | INFO     | pipeline.parsers.mw | Index name: NIFTY INDIA INTERNET
2026-05-05 22:45:36 | INFO     | pipeline.parsers.mw | MarketWatchParser result: 27 constituents
2026-05-05 22:45:36 | INFO     | pipeline.parsers.mw | MarketWatchParser: MW-NIFTY-INDIA-INTERNET-23-Apr-2026.csv
2026-05-05 22:45:36 | INFO     | pipeline.parsers.mw | Index name: NIFTY INDIA INTERNET
2026-05-05 22:45:36 | INFO     | pipeline.parsers.mw | MarketWatchParser result: 27 constituents
2026-05-05 22:45:36 | INFO     | pipeline.parsers.mw | MarketWatchParser: MW-NIFTY-INDIA-INTERNET-24-Apr-2026.csv
2026-05-05 22:45:36 | INFO     | pipeline.parsers.mw | Index name: NIFTY INDIA INTERNET
2026-05-05 22:45:36 | INFO     | pipeline.parsers.mw | MarketWatchParser result: 27 constituents
2026-05-05 22:45:36 | INFO     | pipeline.parsers.mw | MarketWatchParser: MW-NIFTY-INDIA-INTERNET-24-Mar-2026.csv
2026-05-05 22:45:36 | INFO     | pipeline.parsers.mw | Index name: NIFTY INDIA INTERNET
2026-05-05 22:45:36 | INFO     | pipeline.parsers.mw | MarketWatchParser result: 21 constituents
2026-05-05 22:45:36 | INFO     | pipeline.parsers.mw | MarketWatchParser: MW-NIFTY-INDIA-INTERNET-27-Apr-2026.csv
2026-05-05 22:45:36 | INFO     | pipeline.parsers.mw | Index name: NIFTY INDIA INTERNET
2026-05-05 22:45:36 | INFO     | pipeline.parsers.mw | MarketWatchParser result: 27 constituents
2026-05-05 22:45:36 | INFO     | pipeline.parsers.mw | MarketWatchParser: MW-NIFTY-INDIA-INTERNET-27-Mar-2026.csv
2026-05-05 22:45:36 | INFO     | pipeline.parsers.mw | Index name: NIFTY INDIA INTERNET
2026-05-05 22:45:36 | INFO     | pipeline.parsers.mw | MarketWatchParser result: 21 constituents
2026-05-05 22:45:36 | INFO     | pipeline.parsers.mw | MarketWatchParser: MW-NIFTY-INDIA-INTERNET-28-Apr-2026.csv
2026-05-05 22:45:36 | INFO     | pipeline.parsers.mw | Index name: NIFTY INDIA INTERNET
2026-05-05 22:45:37 | INFO     | pipeline.parsers.mw | MarketWatchParser result: 27 constituents
2026-05-05 22:45:37 | INFO     | pipeline.parsers.mw | MarketWatchParser: MW-NIFTY-INDIA-INTERNET-29-Apr-2026.csv
2026-05-05 22:45:37 | INFO     | pipeline.parsers.mw | Index name: NIFTY INDIA INTERNET
2026-05-05 22:45:37 | INFO     | pipeline.parsers.mw | MarketWatchParser result: 27 constituents
2026-05-05 22:45:37 | INFO     | pipeline.parsers.mw | MarketWatchParser: MW-NIFTY-INDIA-INTERNET-30-Mar-2026.csv
2026-05-05 22:45:37 | INFO     | pipeline.parsers.mw | Index name: NIFTY INDIA INTERNET
2026-05-05 22:45:37 | INFO     | pipeline.parsers.mw | MarketWatchParser result: 21 constituents
2026-05-05 22:45:37 | INFO     | pipeline.parsers.mw | MarketWatchParser: MW-NIFTY-INDIA-MANUFACTURING-03-Apr-2026.csv
2026-05-05 22:45:37 | INFO     | pipeline.parsers.mw | Index name: NIFTY INDIA MANUFACTURING
2026-05-05 22:45:37 | INFO     | pipeline.parsers.mw | MarketWatchParser result: 76 constituents
2026-05-05 22:45:37 | INFO     | pipeline.parsers.mw | MarketWatchParser: MW-NIFTY-INDIA-MANUFACTURING-06-Apr-2026.csv
2026-05-05 22:45:37 | INFO     | pipeline.parsers.mw | Index name: NIFTY INDIA MANUFACTURING
2026-05-05 22:45:37 | INFO     | pipeline.parsers.mw | MarketWatchParser result: 76 constituents
2026-05-05 22:45:37 | INFO     | pipeline.parsers.mw | MarketWatchParser: MW-NIFTY-INDIA-MANUFACTURING-07-Apr-2026.csv
2026-05-05 22:45:37 | INFO     | pipeline.parsers.mw | Index name: NIFTY INDIA MANUFACTURING
2026-05-05 22:45:37 | INFO     | pipeline.parsers.mw | MarketWatchParser result: 76 constituents
2026-05-05 22:45:37 | INFO     | pipeline.parsers.mw | MarketWatchParser: MW-NIFTY-INDIA-MANUFACTURING-08-Apr-2026.csv
2026-05-05 22:45:37 | INFO     | pipeline.parsers.mw | Index name: NIFTY INDIA MANUFACTURING
2026-05-05 22:45:37 | INFO     | pipeline.parsers.mw | MarketWatchParser result: 76 constituents
2026-05-05 22:45:37 | INFO     | pipeline.parsers.mw | MarketWatchParser: MW-NIFTY-INDIA-MANUFACTURING-09-Apr-2026.csv
2026-05-05 22:45:37 | INFO     | pipeline.parsers.mw | Index name: NIFTY INDIA MANUFACTURING
2026-05-05 22:45:37 | INFO     | pipeline.parsers.mw | MarketWatchParser result: 76 constituents
2026-05-05 22:45:37 | INFO     | pipeline.parsers.mw | MarketWatchParser: MW-NIFTY-INDIA-MANUFACTURING-10-Apr-2026.csv
2026-05-05 22:45:37 | INFO     | pipeline.parsers.mw | Index name: NIFTY INDIA MANUFACTURING
2026-05-05 22:45:37 | INFO     | pipeline.parsers.mw | MarketWatchParser result: 76 constituents
2026-05-05 22:45:37 | INFO     | pipeline.parsers.mw | MarketWatchParser: MW-NIFTY-INDIA-MANUFACTURING-14-Apr-2026.csv
2026-05-05 22:45:37 | INFO     | pipeline.parsers.mw | Index name: NIFTY INDIA MANUFACTURING
2026-05-05 22:45:37 | INFO     | pipeline.parsers.mw | MarketWatchParser result: 76 constituents
2026-05-05 22:45:37 | INFO     | pipeline.parsers.mw | MarketWatchParser: MW-NIFTY-INDIA-MANUFACTURING-15-Apr-2026.csv
2026-05-05 22:45:37 | INFO     | pipeline.parsers.mw | Index name: NIFTY INDIA MANUFACTURING
2026-05-05 22:45:37 | INFO     | pipeline.parsers.mw | MarketWatchParser result: 76 constituents
2026-05-05 22:45:37 | INFO     | pipeline.parsers.mw | MarketWatchParser: MW-NIFTY-INDIA-MANUFACTURING-16-Apr-2026.csv
2026-05-05 22:45:37 | INFO     | pipeline.parsers.mw | Index name: NIFTY INDIA MANUFACTURING
2026-05-05 22:45:37 | INFO     | pipeline.parsers.mw | MarketWatchParser result: 76 constituents
2026-05-05 22:45:37 | INFO     | pipeline.parsers.mw | MarketWatchParser: MW-NIFTY-INDIA-MANUFACTURING-17-Apr-2026.csv
2026-05-05 22:45:37 | INFO     | pipeline.parsers.mw | Index name: NIFTY INDIA MANUFACTURING
2026-05-05 22:45:37 | INFO     | pipeline.parsers.mw | MarketWatchParser result: 76 constituents
2026-05-05 22:45:37 | INFO     | pipeline.parsers.mw | MarketWatchParser: MW-NIFTY-INDIA-MANUFACTURING-18-Mar-2026.csv
2026-05-05 22:45:37 | INFO     | pipeline.parsers.mw | Index name: NIFTY INDIA MANUFACTURING
2026-05-05 22:45:38 | INFO     | pipeline.parsers.mw | MarketWatchParser result: 74 constituents
2026-05-05 22:45:38 | INFO     | pipeline.parsers.mw | MarketWatchParser: MW-NIFTY-INDIA-MANUFACTURING-19-Mar-2026.csv
2026-05-05 22:45:38 | INFO     | pipeline.parsers.mw | Index name: NIFTY INDIA MANUFACTURING
2026-05-05 22:45:38 | INFO     | pipeline.parsers.mw | MarketWatchParser result: 74 constituents
2026-05-05 22:45:38 | INFO     | pipeline.parsers.mw | MarketWatchParser: MW-NIFTY-INDIA-MANUFACTURING-20-Mar-2026.csv
2026-05-05 22:45:38 | INFO     | pipeline.parsers.mw | Index name: NIFTY INDIA MANUFACTURING
2026-05-05 22:45:38 | INFO     | pipeline.parsers.mw | MarketWatchParser result: 74 constituents
2026-05-05 22:45:38 | INFO     | pipeline.parsers.mw | MarketWatchParser: MW-NIFTY-INDIA-MANUFACTURING-22-Apr-2026 (1).csv
2026-05-05 22:45:38 | INFO     | pipeline.parsers.mw | Index name: NIFTY INDIA MANUFACTURING 22 Apr 2026 (1)
2026-05-05 22:45:38 | INFO     | pipeline.parsers.mw | MarketWatchParser result: 76 constituents
2026-05-05 22:45:38 | INFO     | pipeline.parsers.mw | MarketWatchParser: MW-NIFTY-INDIA-MANUFACTURING-22-Apr-2026.csv
2026-05-05 22:45:38 | INFO     | pipeline.parsers.mw | Index name: NIFTY INDIA MANUFACTURING
2026-05-05 22:45:38 | INFO     | pipeline.parsers.mw | MarketWatchParser result: 76 constituents
2026-05-05 22:45:38 | INFO     | pipeline.parsers.mw | MarketWatchParser: MW-NIFTY-INDIA-MANUFACTURING-23-Apr-2026.csv
2026-05-05 22:45:38 | INFO     | pipeline.parsers.mw | Index name: NIFTY INDIA MANUFACTURING
2026-05-05 22:45:38 | INFO     | pipeline.parsers.mw | MarketWatchParser result: 76 constituents
2026-05-05 22:45:38 | INFO     | pipeline.parsers.mw | MarketWatchParser: MW-NIFTY-INDIA-MANUFACTURING-24-Apr-2026.csv
2026-05-05 22:45:38 | INFO     | pipeline.parsers.mw | Index name: NIFTY INDIA MANUFACTURING
2026-05-05 22:45:38 | INFO     | pipeline.parsers.mw | MarketWatchParser result: 76 constituents
2026-05-05 22:45:38 | INFO     | pipeline.parsers.mw | MarketWatchParser: MW-NIFTY-INDIA-MANUFACTURING-24-Mar-2026.csv
2026-05-05 22:45:38 | INFO     | pipeline.parsers.mw | Index name: NIFTY INDIA MANUFACTURING
2026-05-05 22:45:38 | INFO     | pipeline.parsers.mw | MarketWatchParser result: 74 constituents
2026-05-05 22:45:38 | INFO     | pipeline.parsers.mw | MarketWatchParser: MW-NIFTY-INDIA-MANUFACTURING-27-Mar-2026.csv
2026-05-05 22:45:38 | INFO     | pipeline.parsers.mw | Index name: NIFTY INDIA MANUFACTURING
2026-05-05 22:45:38 | INFO     | pipeline.parsers.mw | MarketWatchParser result: 74 constituents
2026-05-05 22:45:38 | INFO     | pipeline.parsers.mw | MarketWatchParser: MW-NIFTY-INDIA-MANUFACTURING-30-Mar-2026.csv
2026-05-05 22:45:38 | INFO     | pipeline.parsers.mw | Index name: NIFTY INDIA MANUFACTURING
2026-05-05 22:45:39 | INFO     | pipeline.parsers.mw | MarketWatchParser result: 74 constituents
2026-05-05 22:45:39 | INFO     | pipeline.parsers.mw | MarketWatchParser: MW-NIFTY-INDIA-NEW-AGE-CONSUMPTION-03-Apr-2026.csv
2026-05-05 22:45:39 | INFO     | pipeline.parsers.mw | Index name: NIFTY INDIA NEW AGE CONSUMPTION
2026-05-05 22:45:39 | INFO     | pipeline.parsers.mw | MarketWatchParser result: 75 constituents
2026-05-05 22:45:39 | INFO     | pipeline.parsers.mw | MarketWatchParser: MW-NIFTY-INDIA-NEW-AGE-CONSUMPTION-06-Apr-2026.csv
2026-05-05 22:45:39 | INFO     | pipeline.parsers.mw | Index name: NIFTY INDIA NEW AGE CONSUMPTION
2026-05-05 22:45:39 | INFO     | pipeline.parsers.mw | MarketWatchParser result: 75 constituents
2026-05-05 22:45:39 | INFO     | pipeline.parsers.mw | MarketWatchParser: MW-NIFTY-INDIA-NEW-AGE-CONSUMPTION-07-Apr-2026.csv
2026-05-05 22:45:39 | INFO     | pipeline.parsers.mw | Index name: NIFTY INDIA NEW AGE CONSUMPTION
2026-05-05 22:45:39 | INFO     | pipeline.parsers.mw | MarketWatchParser result: 75 constituents
2026-05-05 22:45:39 | INFO     | pipeline.parsers.mw | MarketWatchParser: MW-NIFTY-INDIA-NEW-AGE-CONSUMPTION-08-Apr-2026.csv
2026-05-05 22:45:39 | INFO     | pipeline.parsers.mw | Index name: NIFTY INDIA NEW AGE CONSUMPTION
2026-05-05 22:45:39 | INFO     | pipeline.parsers.mw | MarketWatchParser result: 75 constituents
2026-05-05 22:45:39 | INFO     | pipeline.parsers.mw | MarketWatchParser: MW-NIFTY-INDIA-NEW-AGE-CONSUMPTION-09-Apr-2026.csv
2026-05-05 22:45:39 | INFO     | pipeline.parsers.mw | Index name: NIFTY INDIA NEW AGE CONSUMPTION
2026-05-05 22:45:39 | INFO     | pipeline.parsers.mw | MarketWatchParser result: 75 constituents
2026-05-05 22:45:39 | INFO     | pipeline.parsers.mw | MarketWatchParser: MW-NIFTY-INDIA-NEW-AGE-CONSUMPTION-10-Apr-2026.csv
2026-05-05 22:45:39 | INFO     | pipeline.parsers.mw | Index name: NIFTY INDIA NEW AGE CONSUMPTION
2026-05-05 22:45:39 | INFO     | pipeline.parsers.mw | MarketWatchParser result: 75 constituents
2026-05-05 22:45:39 | INFO     | pipeline.parsers.mw | MarketWatchParser: MW-NIFTY-INDIA-NEW-AGE-CONSUMPTION-14-Apr-2026.csv
2026-05-05 22:45:39 | INFO     | pipeline.parsers.mw | Index name: NIFTY INDIA NEW AGE CONSUMPTION
2026-05-05 22:45:39 | INFO     | pipeline.parsers.mw | MarketWatchParser result: 75 constituents
2026-05-05 22:45:39 | INFO     | pipeline.parsers.mw | MarketWatchParser: MW-NIFTY-INDIA-NEW-AGE-CONSUMPTION-15-Apr-2026.csv
2026-05-05 22:45:39 | INFO     | pipeline.parsers.mw | Index name: NIFTY INDIA NEW AGE CONSUMPTION
2026-05-05 22:45:39 | INFO     | pipeline.parsers.mw | MarketWatchParser result: 75 constituents
2026-05-05 22:45:39 | INFO     | pipeline.parsers.mw | MarketWatchParser: MW-NIFTY-INDIA-NEW-AGE-CONSUMPTION-16-Apr-2026.csv
2026-05-05 22:45:39 | INFO     | pipeline.parsers.mw | Index name: NIFTY INDIA NEW AGE CONSUMPTION
2026-05-05 22:45:39 | INFO     | pipeline.parsers.mw | MarketWatchParser result: 75 constituents
2026-05-05 22:45:39 | INFO     | pipeline.parsers.mw | MarketWatchParser: MW-NIFTY-INDIA-NEW-AGE-CONSUMPTION-17-Apr-2026.csv
2026-05-05 22:45:39 | INFO     | pipeline.parsers.mw | Index name: NIFTY INDIA NEW AGE CONSUMPTION
2026-05-05 22:45:39 | INFO     | pipeline.parsers.mw | MarketWatchParser result: 75 constituents
2026-05-05 22:45:39 | INFO     | pipeline.parsers.mw | MarketWatchParser: MW-NIFTY-INDIA-NEW-AGE-CONSUMPTION-22-Apr-2026 (1).csv
2026-05-05 22:45:39 | INFO     | pipeline.parsers.mw | Index name: NIFTY INDIA NEW AGE CONSUMPTION 22 Apr 2026 (1)
2026-05-05 22:45:40 | INFO     | pipeline.parsers.mw | MarketWatchParser result: 75 constituents
2026-05-05 22:45:40 | INFO     | pipeline.parsers.mw | MarketWatchParser: MW-NIFTY-INDIA-NEW-AGE-CONSUMPTION-22-Apr-2026.csv
2026-05-05 22:45:40 | INFO     | pipeline.parsers.mw | Index name: NIFTY INDIA NEW AGE CONSUMPTION
2026-05-05 22:45:40 | INFO     | pipeline.parsers.mw | MarketWatchParser result: 75 constituents
2026-05-05 22:45:40 | INFO     | pipeline.parsers.mw | MarketWatchParser: MW-NIFTY-INDIA-NEW-AGE-CONSUMPTION-23-Apr-2026.csv
2026-05-05 22:45:40 | INFO     | pipeline.parsers.mw | Index name: NIFTY INDIA NEW AGE CONSUMPTION
2026-05-05 22:45:40 | INFO     | pipeline.parsers.mw | MarketWatchParser result: 75 constituents
2026-05-05 22:45:40 | INFO     | pipeline.parsers.mw | MarketWatchParser: MW-NIFTY-INDIA-NEW-AGE-CONSUMPTION-24-Apr-2026.csv
2026-05-05 22:45:40 | INFO     | pipeline.parsers.mw | Index name: NIFTY INDIA NEW AGE CONSUMPTION
2026-05-05 22:45:40 | INFO     | pipeline.parsers.mw | MarketWatchParser result: 75 constituents
2026-05-05 22:45:40 | INFO     | pipeline.parsers.mw | MarketWatchParser: MW-NIFTY-INDIA-NEW-AGE-CONSUMPTION-24-Mar-2026.csv
2026-05-05 22:45:40 | INFO     | pipeline.parsers.mw | Index name: NIFTY INDIA NEW AGE CONSUMPTION
2026-05-05 22:45:40 | INFO     | pipeline.parsers.mw | MarketWatchParser result: 75 constituents
2026-05-05 22:45:40 | INFO     | pipeline.parsers.mw | MarketWatchParser: MW-NIFTY-INDIA-NEW-AGE-CONSUMPTION-27-Apr-2026 (1).csv
2026-05-05 22:45:40 | INFO     | pipeline.parsers.mw | Index name: NIFTY INDIA NEW AGE CONSUMPTION 27 Apr 2026 (1)
2026-05-05 22:45:40 | INFO     | pipeline.parsers.mw | MarketWatchParser result: 75 constituents
2026-05-05 22:45:40 | INFO     | pipeline.parsers.mw | MarketWatchParser: MW-NIFTY-INDIA-NEW-AGE-CONSUMPTION-27-Apr-2026.csv
2026-05-05 22:45:40 | INFO     | pipeline.parsers.mw | Index name: NIFTY INDIA NEW AGE CONSUMPTION
2026-05-05 22:45:40 | INFO     | pipeline.parsers.mw | MarketWatchParser result: 75 constituents
2026-05-05 22:45:40 | INFO     | pipeline.parsers.mw | MarketWatchParser: MW-NIFTY-INDIA-NEW-AGE-CONSUMPTION-27-Mar-2026.csv
2026-05-05 22:45:40 | INFO     | pipeline.parsers.mw | Index name: NIFTY INDIA NEW AGE CONSUMPTION
2026-05-05 22:45:40 | INFO     | pipeline.parsers.mw | MarketWatchParser result: 75 constituents
2026-05-05 22:45:40 | INFO     | pipeline.parsers.mw | MarketWatchParser: MW-NIFTY-INDIA-NEW-AGE-CONSUMPTION-28-Apr-2026.csv
2026-05-05 22:45:40 | INFO     | pipeline.parsers.mw | Index name: NIFTY INDIA NEW AGE CONSUMPTION
2026-05-05 22:45:40 | INFO     | pipeline.parsers.mw | MarketWatchParser result: 75 constituents
2026-05-05 22:45:40 | INFO     | pipeline.parsers.mw | MarketWatchParser: MW-NIFTY-INDIA-NEW-AGE-CONSUMPTION-29-Apr-2026.csv
2026-05-05 22:45:40 | INFO     | pipeline.parsers.mw | Index name: NIFTY INDIA NEW AGE CONSUMPTION
2026-05-05 22:45:40 | INFO     | pipeline.parsers.mw | MarketWatchParser result: 75 constituents
2026-05-05 22:45:40 | INFO     | pipeline.parsers.mw | MarketWatchParser: MW-NIFTY-INDIA-NEW-AGE-CONSUMPTION-30-Mar-2026.csv
2026-05-05 22:45:40 | INFO     | pipeline.parsers.mw | Index name: NIFTY INDIA NEW AGE CONSUMPTION
2026-05-05 22:45:40 | INFO     | pipeline.parsers.mw | MarketWatchParser result: 75 constituents
2026-05-05 22:45:40 | INFO     | pipeline.parsers.mw | MarketWatchParser: MW-NIFTY-INDIA-RAILWAYS-PSU-03-Apr-2026.csv
2026-05-05 22:45:40 | INFO     | pipeline.parsers.mw | Index name: NIFTY INDIA RAILWAYS PSU
2026-05-05 22:45:41 | INFO     | pipeline.parsers.mw | MarketWatchParser result: 17 constituents
2026-05-05 22:45:41 | INFO     | pipeline.parsers.mw | MarketWatchParser: MW-NIFTY-INDIA-RAILWAYS-PSU-06-Apr-2026.csv
2026-05-05 22:45:41 | INFO     | pipeline.parsers.mw | Index name: NIFTY INDIA RAILWAYS PSU
2026-05-05 22:45:41 | INFO     | pipeline.parsers.mw | MarketWatchParser result: 17 constituents
2026-05-05 22:45:41 | INFO     | pipeline.parsers.mw | MarketWatchParser: MW-NIFTY-INDIA-RAILWAYS-PSU-07-Apr-2026.csv
2026-05-05 22:45:41 | INFO     | pipeline.parsers.mw | Index name: NIFTY INDIA RAILWAYS PSU
2026-05-05 22:45:41 | INFO     | pipeline.parsers.mw | MarketWatchParser result: 17 constituents
2026-05-05 22:45:41 | INFO     | pipeline.parsers.mw | MarketWatchParser: MW-NIFTY-INDIA-RAILWAYS-PSU-08-Apr-2026.csv
2026-05-05 22:45:41 | INFO     | pipeline.parsers.mw | Index name: NIFTY INDIA RAILWAYS PSU
2026-05-05 22:45:41 | INFO     | pipeline.parsers.mw | MarketWatchParser result: 17 constituents
2026-05-05 22:45:41 | INFO     | pipeline.parsers.mw | MarketWatchParser: MW-NIFTY-INDIA-RAILWAYS-PSU-09-Apr-2026.csv
2026-05-05 22:45:41 | INFO     | pipeline.parsers.mw | Index name: NIFTY INDIA RAILWAYS PSU
2026-05-05 22:45:41 | INFO     | pipeline.parsers.mw | MarketWatchParser result: 17 constituents
2026-05-05 22:45:41 | INFO     | pipeline.parsers.mw | MarketWatchParser: MW-NIFTY-INDIA-RAILWAYS-PSU-10-Apr-2026.csv
2026-05-05 22:45:41 | INFO     | pipeline.parsers.mw | Index name: NIFTY INDIA RAILWAYS PSU
2026-05-05 22:45:41 | INFO     | pipeline.parsers.mw | MarketWatchParser result: 17 constituents
2026-05-05 22:45:41 | INFO     | pipeline.parsers.mw | MarketWatchParser: MW-NIFTY-INDIA-RAILWAYS-PSU-14-Apr-2026.csv
2026-05-05 22:45:41 | INFO     | pipeline.parsers.mw | Index name: NIFTY INDIA RAILWAYS PSU
2026-05-05 22:45:41 | INFO     | pipeline.parsers.mw | MarketWatchParser result: 17 constituents
2026-05-05 22:45:41 | INFO     | pipeline.parsers.mw | MarketWatchParser: MW-NIFTY-INDIA-RAILWAYS-PSU-15-Apr-2026.csv
2026-05-05 22:45:41 | INFO     | pipeline.parsers.mw | Index name: NIFTY INDIA RAILWAYS PSU
2026-05-05 22:45:41 | INFO     | pipeline.parsers.mw | MarketWatchParser result: 17 constituents
2026-05-05 22:45:41 | INFO     | pipeline.parsers.mw | MarketWatchParser: MW-NIFTY-INDIA-RAILWAYS-PSU-16-Apr-2026.csv
2026-05-05 22:45:41 | INFO     | pipeline.parsers.mw | Index name: NIFTY INDIA RAILWAYS PSU
2026-05-05 22:45:41 | INFO     | pipeline.parsers.mw | MarketWatchParser result: 17 constituents
2026-05-05 22:45:41 | INFO     | pipeline.parsers.mw | MarketWatchParser: MW-NIFTY-INDIA-RAILWAYS-PSU-17-Apr-2026.csv
2026-05-05 22:45:41 | INFO     | pipeline.parsers.mw | Index name: NIFTY INDIA RAILWAYS PSU
2026-05-05 22:45:41 | INFO     | pipeline.parsers.mw | MarketWatchParser result: 17 constituents
2026-05-05 22:45:41 | INFO     | pipeline.parsers.mw | MarketWatchParser: MW-NIFTY-INDIA-RAILWAYS-PSU-22-Apr-2026 (1).csv
2026-05-05 22:45:41 | INFO     | pipeline.parsers.mw | Index name: NIFTY INDIA RAILWAYS PSU 22 Apr 2026 (1)
2026-05-05 22:45:41 | INFO     | pipeline.parsers.mw | MarketWatchParser result: 17 constituents
2026-05-05 22:45:41 | INFO     | pipeline.parsers.mw | MarketWatchParser: MW-NIFTY-INDIA-RAILWAYS-PSU-22-Apr-2026.csv
2026-05-05 22:45:41 | INFO     | pipeline.parsers.mw | Index name: NIFTY INDIA RAILWAYS PSU
2026-05-05 22:45:41 | INFO     | pipeline.parsers.mw | MarketWatchParser result: 17 constituents
2026-05-05 22:45:41 | INFO     | pipeline.parsers.mw | MarketWatchParser: MW-NIFTY-INDIA-RAILWAYS-PSU-23-Apr-2026.csv
2026-05-05 22:45:41 | INFO     | pipeline.parsers.mw | Index name: NIFTY INDIA RAILWAYS PSU
2026-05-05 22:45:41 | INFO     | pipeline.parsers.mw | MarketWatchParser result: 17 constituents
2026-05-05 22:45:41 | INFO     | pipeline.parsers.mw | MarketWatchParser: MW-NIFTY-INDIA-RAILWAYS-PSU-24-Apr-2026.csv
2026-05-05 22:45:41 | INFO     | pipeline.parsers.mw | Index name: NIFTY INDIA RAILWAYS PSU
2026-05-05 22:45:41 | INFO     | pipeline.parsers.mw | MarketWatchParser result: 17 constituents
2026-05-05 22:45:41 | INFO     | pipeline.parsers.mw | MarketWatchParser: MW-NIFTY-INDIA-RAILWAYS-PSU-24-Mar-2026.csv
2026-05-05 22:45:41 | INFO     | pipeline.parsers.mw | Index name: NIFTY INDIA RAILWAYS PSU
2026-05-05 22:45:41 | INFO     | pipeline.parsers.mw | MarketWatchParser result: 16 constituents
2026-05-05 22:45:41 | INFO     | pipeline.parsers.mw | MarketWatchParser: MW-NIFTY-INDIA-RAILWAYS-PSU-27-Apr-2026.csv
2026-05-05 22:45:41 | INFO     | pipeline.parsers.mw | Index name: NIFTY INDIA RAILWAYS PSU
2026-05-05 22:45:41 | INFO     | pipeline.parsers.mw | MarketWatchParser result: 17 constituents
2026-05-05 22:45:41 | INFO     | pipeline.parsers.mw | MarketWatchParser: MW-NIFTY-INDIA-RAILWAYS-PSU-27-Mar-2026.csv
2026-05-05 22:45:41 | INFO     | pipeline.parsers.mw | Index name: NIFTY INDIA RAILWAYS PSU
2026-05-05 22:45:41 | INFO     | pipeline.parsers.mw | MarketWatchParser result: 16 constituents
2026-05-05 22:45:41 | INFO     | pipeline.parsers.mw | MarketWatchParser: MW-NIFTY-INDIA-RAILWAYS-PSU-28-Apr-2026.csv
2026-05-05 22:45:41 | INFO     | pipeline.parsers.mw | Index name: NIFTY INDIA RAILWAYS PSU
2026-05-05 22:45:41 | INFO     | pipeline.parsers.mw | MarketWatchParser result: 17 constituents
2026-05-05 22:45:42 | INFO     | pipeline.parsers.mw | MarketWatchParser: MW-NIFTY-INDIA-RAILWAYS-PSU-29-Apr-2026.csv
2026-05-05 22:45:42 | INFO     | pipeline.parsers.mw | Index name: NIFTY INDIA RAILWAYS PSU
2026-05-05 22:45:42 | INFO     | pipeline.parsers.mw | MarketWatchParser result: 17 constituents
2026-05-05 22:45:42 | INFO     | pipeline.parsers.mw | MarketWatchParser: MW-NIFTY-INDIA-RAILWAYS-PSU-30-Mar-2026.csv
2026-05-05 22:45:42 | INFO     | pipeline.parsers.mw | Index name: NIFTY INDIA RAILWAYS PSU
2026-05-05 22:45:42 | INFO     | pipeline.parsers.mw | MarketWatchParser result: 16 constituents
2026-05-05 22:45:42 | INFO     | pipeline.parsers.mw | MarketWatchParser: MW-NIFTY-INFRASTRUCTURE-03-Apr-2026.csv
2026-05-05 22:45:42 | INFO     | pipeline.parsers.mw | Index name: NIFTY INFRASTRUCTURE
2026-05-05 22:45:42 | INFO     | pipeline.parsers.mw | MarketWatchParser result: 30 constituents
2026-05-05 22:45:42 | INFO     | pipeline.parsers.mw | MarketWatchParser: MW-NIFTY-INFRASTRUCTURE-06-Apr-2026.csv
2026-05-05 22:45:42 | INFO     | pipeline.parsers.mw | Index name: NIFTY INFRASTRUCTURE
2026-05-05 22:45:42 | INFO     | pipeline.parsers.mw | MarketWatchParser result: 30 constituents
2026-05-05 22:45:42 | INFO     | pipeline.parsers.mw | MarketWatchParser: MW-NIFTY-INFRASTRUCTURE-07-Apr-2026.csv
2026-05-05 22:45:42 | INFO     | pipeline.parsers.mw | Index name: NIFTY INFRASTRUCTURE
2026-05-05 22:45:42 | INFO     | pipeline.parsers.mw | MarketWatchParser result: 30 constituents
2026-05-05 22:45:42 | INFO     | pipeline.parsers.mw | MarketWatchParser: MW-NIFTY-INFRASTRUCTURE-08-Apr-2026.csv
2026-05-05 22:45:42 | INFO     | pipeline.parsers.mw | Index name: NIFTY INFRASTRUCTURE
2026-05-05 22:45:42 | INFO     | pipeline.parsers.mw | MarketWatchParser result: 30 constituents
2026-05-05 22:45:42 | INFO     | pipeline.parsers.mw | MarketWatchParser: MW-NIFTY-INFRASTRUCTURE-09-Apr-2026.csv
2026-05-05 22:45:42 | INFO     | pipeline.parsers.mw | Index name: NIFTY INFRASTRUCTURE
2026-05-05 22:45:42 | INFO     | pipeline.parsers.mw | MarketWatchParser result: 30 constituents
2026-05-05 22:45:42 | INFO     | pipeline.parsers.mw | MarketWatchParser: MW-NIFTY-INFRASTRUCTURE-10-Apr-2026.csv
2026-05-05 22:45:42 | INFO     | pipeline.parsers.mw | Index name: NIFTY INFRASTRUCTURE
2026-05-05 22:45:42 | INFO     | pipeline.parsers.mw | MarketWatchParser result: 30 constituents
2026-05-05 22:45:42 | INFO     | pipeline.parsers.mw | MarketWatchParser: MW-NIFTY-INFRASTRUCTURE-14-Apr-2026.csv
2026-05-05 22:45:42 | INFO     | pipeline.parsers.mw | Index name: NIFTY INFRASTRUCTURE
2026-05-05 22:45:42 | INFO     | pipeline.parsers.mw | MarketWatchParser result: 30 constituents
2026-05-05 22:45:42 | INFO     | pipeline.parsers.mw | MarketWatchParser: MW-NIFTY-INFRASTRUCTURE-15-Apr-2026.csv
2026-05-05 22:45:42 | INFO     | pipeline.parsers.mw | Index name: NIFTY INFRASTRUCTURE
2026-05-05 22:45:42 | INFO     | pipeline.parsers.mw | MarketWatchParser result: 30 constituents
2026-05-05 22:45:42 | INFO     | pipeline.parsers.mw | MarketWatchParser: MW-NIFTY-INFRASTRUCTURE-16-Apr-2026.csv
2026-05-05 22:45:42 | INFO     | pipeline.parsers.mw | Index name: NIFTY INFRASTRUCTURE
2026-05-05 22:45:42 | INFO     | pipeline.parsers.mw | MarketWatchParser result: 30 constituents
2026-05-05 22:45:42 | INFO     | pipeline.parsers.mw | MarketWatchParser: MW-NIFTY-INFRASTRUCTURE-17-Apr-2026.csv
2026-05-05 22:45:42 | INFO     | pipeline.parsers.mw | Index name: NIFTY INFRASTRUCTURE
2026-05-05 22:45:42 | INFO     | pipeline.parsers.mw | MarketWatchParser result: 30 constituents
2026-05-05 22:45:42 | INFO     | pipeline.parsers.mw | MarketWatchParser: MW-NIFTY-INFRASTRUCTURE-22-Apr-2026 (1).csv
2026-05-05 22:45:42 | INFO     | pipeline.parsers.mw | Index name: NIFTY INFRASTRUCTURE 22 Apr 2026 (1)
2026-05-05 22:45:42 | INFO     | pipeline.parsers.mw | MarketWatchParser result: 30 constituents
2026-05-05 22:45:42 | INFO     | pipeline.parsers.mw | MarketWatchParser: MW-NIFTY-INFRASTRUCTURE-22-Apr-2026.csv
2026-05-05 22:45:42 | INFO     | pipeline.parsers.mw | Index name: NIFTY INFRASTRUCTURE
2026-05-05 22:45:42 | INFO     | pipeline.parsers.mw | MarketWatchParser result: 30 constituents
2026-05-05 22:45:42 | INFO     | pipeline.parsers.mw | MarketWatchParser: MW-NIFTY-INFRASTRUCTURE-23-Apr-2026.csv
2026-05-05 22:45:42 | INFO     | pipeline.parsers.mw | Index name: NIFTY INFRASTRUCTURE
2026-05-05 22:45:42 | INFO     | pipeline.parsers.mw | MarketWatchParser result: 30 constituents
2026-05-05 22:45:43 | INFO     | pipeline.parsers.mw | MarketWatchParser: MW-NIFTY-INFRASTRUCTURE-24-Apr-2026.csv
2026-05-05 22:45:43 | INFO     | pipeline.parsers.mw | Index name: NIFTY INFRASTRUCTURE
2026-05-05 22:45:43 | INFO     | pipeline.parsers.mw | MarketWatchParser result: 30 constituents
2026-05-05 22:45:43 | INFO     | pipeline.parsers.mw | MarketWatchParser: MW-NIFTY-INFRASTRUCTURE-24-Mar-2026.csv
2026-05-05 22:45:43 | INFO     | pipeline.parsers.mw | Index name: NIFTY INFRASTRUCTURE
2026-05-05 22:45:43 | INFO     | pipeline.parsers.mw | MarketWatchParser result: 30 constituents
2026-05-05 22:45:43 | INFO     | pipeline.parsers.mw | MarketWatchParser: MW-NIFTY-INFRASTRUCTURE-27-Apr-2026.csv
2026-05-05 22:45:43 | INFO     | pipeline.parsers.mw | Index name: NIFTY INFRASTRUCTURE
2026-05-05 22:45:43 | INFO     | pipeline.parsers.mw | MarketWatchParser result: 30 constituents
2026-05-05 22:45:43 | INFO     | pipeline.parsers.mw | MarketWatchParser: MW-NIFTY-INFRASTRUCTURE-27-Mar-2026.csv
2026-05-05 22:45:43 | INFO     | pipeline.parsers.mw | Index name: NIFTY INFRASTRUCTURE
2026-05-05 22:45:43 | INFO     | pipeline.parsers.mw | MarketWatchParser result: 30 constituents
2026-05-05 22:45:43 | INFO     | pipeline.parsers.mw | MarketWatchParser: MW-NIFTY-INFRASTRUCTURE-28-Apr-2026.csv
2026-05-05 22:45:43 | INFO     | pipeline.parsers.mw | Index name: NIFTY INFRASTRUCTURE
2026-05-05 22:45:43 | INFO     | pipeline.parsers.mw | MarketWatchParser result: 30 constituents
2026-05-05 22:45:43 | INFO     | pipeline.parsers.mw | MarketWatchParser: MW-NIFTY-INFRASTRUCTURE-29-Apr-2026.csv
2026-05-05 22:45:43 | INFO     | pipeline.parsers.mw | Index name: NIFTY INFRASTRUCTURE
2026-05-05 22:45:43 | INFO     | pipeline.parsers.mw | MarketWatchParser result: 30 constituents
2026-05-05 22:45:43 | INFO     | pipeline.parsers.mw | MarketWatchParser: MW-NIFTY-INFRASTRUCTURE-30-Mar-2026.csv
2026-05-05 22:45:43 | INFO     | pipeline.parsers.mw | Index name: NIFTY INFRASTRUCTURE
2026-05-05 22:45:43 | INFO     | pipeline.parsers.mw | MarketWatchParser result: 30 constituents
2026-05-05 22:45:43 | INFO     | pipeline.parsers.mw | MarketWatchParser: MW-NIFTY-NON-CYCLICAL-CONSUMER-03-Apr-2026.csv
2026-05-05 22:45:43 | INFO     | pipeline.parsers.mw | Index name: NIFTY NON CYCLICAL CONSUMER
2026-05-05 22:45:43 | INFO     | pipeline.parsers.mw | MarketWatchParser result: 30 constituents
2026-05-05 22:45:43 | INFO     | pipeline.parsers.mw | MarketWatchParser: MW-NIFTY-NON-CYCLICAL-CONSUMER-06-Apr-2026.csv
2026-05-05 22:45:43 | INFO     | pipeline.parsers.mw | Index name: NIFTY NON CYCLICAL CONSUMER
2026-05-05 22:45:43 | INFO     | pipeline.parsers.mw | MarketWatchParser result: 30 constituents
2026-05-05 22:45:43 | INFO     | pipeline.parsers.mw | MarketWatchParser: MW-NIFTY-NON-CYCLICAL-CONSUMER-07-Apr-2026.csv
2026-05-05 22:45:43 | INFO     | pipeline.parsers.mw | Index name: NIFTY NON CYCLICAL CONSUMER
2026-05-05 22:45:43 | INFO     | pipeline.parsers.mw | MarketWatchParser result: 30 constituents
2026-05-05 22:45:43 | INFO     | pipeline.parsers.mw | MarketWatchParser: MW-NIFTY-NON-CYCLICAL-CONSUMER-08-Apr-2026.csv
2026-05-05 22:45:43 | INFO     | pipeline.parsers.mw | Index name: NIFTY NON CYCLICAL CONSUMER
2026-05-05 22:45:43 | INFO     | pipeline.parsers.mw | MarketWatchParser result: 30 constituents
2026-05-05 22:45:43 | INFO     | pipeline.parsers.mw | MarketWatchParser: MW-NIFTY-NON-CYCLICAL-CONSUMER-09-Apr-2026.csv
2026-05-05 22:45:43 | INFO     | pipeline.parsers.mw | Index name: NIFTY NON CYCLICAL CONSUMER
2026-05-05 22:45:43 | INFO     | pipeline.parsers.mw | MarketWatchParser result: 30 constituents
2026-05-05 22:45:43 | INFO     | pipeline.parsers.mw | MarketWatchParser: MW-NIFTY-NON-CYCLICAL-CONSUMER-10-Apr-2026.csv
2026-05-05 22:45:43 | INFO     | pipeline.parsers.mw | Index name: NIFTY NON CYCLICAL CONSUMER
2026-05-05 22:45:43 | INFO     | pipeline.parsers.mw | MarketWatchParser result: 30 constituents
2026-05-05 22:45:43 | INFO     | pipeline.parsers.mw | MarketWatchParser: MW-NIFTY-NON-CYCLICAL-CONSUMER-14-Apr-2026.csv
2026-05-05 22:45:43 | INFO     | pipeline.parsers.mw | Index name: NIFTY NON CYCLICAL CONSUMER
2026-05-05 22:45:43 | INFO     | pipeline.parsers.mw | MarketWatchParser result: 30 constituents
2026-05-05 22:45:43 | INFO     | pipeline.parsers.mw | MarketWatchParser: MW-NIFTY-NON-CYCLICAL-CONSUMER-15-Apr-2026.csv
2026-05-05 22:45:43 | INFO     | pipeline.parsers.mw | Index name: NIFTY NON CYCLICAL CONSUMER
2026-05-05 22:45:43 | INFO     | pipeline.parsers.mw | MarketWatchParser result: 30 constituents
2026-05-05 22:45:43 | INFO     | pipeline.parsers.mw | MarketWatchParser: MW-NIFTY-NON-CYCLICAL-CONSUMER-16-Apr-2026.csv
2026-05-05 22:45:43 | INFO     | pipeline.parsers.mw | Index name: NIFTY NON CYCLICAL CONSUMER
2026-05-05 22:45:43 | INFO     | pipeline.parsers.mw | MarketWatchParser result: 30 constituents
2026-05-05 22:45:43 | INFO     | pipeline.parsers.mw | MarketWatchParser: MW-NIFTY-NON-CYCLICAL-CONSUMER-17-Apr-2026.csv
2026-05-05 22:45:43 | INFO     | pipeline.parsers.mw | Index name: NIFTY NON CYCLICAL CONSUMER
2026-05-05 22:45:43 | INFO     | pipeline.parsers.mw | MarketWatchParser result: 30 constituents
2026-05-05 22:45:43 | INFO     | pipeline.parsers.mw | MarketWatchParser: MW-NIFTY-NON-CYCLICAL-CONSUMER-22-Apr-2026 (1).csv
2026-05-05 22:45:43 | INFO     | pipeline.parsers.mw | Index name: NIFTY NON CYCLICAL CONSUMER 22 Apr 2026 (1)
2026-05-05 22:45:44 | INFO     | pipeline.parsers.mw | MarketWatchParser result: 30 constituents
2026-05-05 22:45:44 | INFO     | pipeline.parsers.mw | MarketWatchParser: MW-NIFTY-NON-CYCLICAL-CONSUMER-22-Apr-2026.csv
2026-05-05 22:45:44 | INFO     | pipeline.parsers.mw | Index name: NIFTY NON CYCLICAL CONSUMER
2026-05-05 22:45:44 | INFO     | pipeline.parsers.mw | MarketWatchParser result: 30 constituents
2026-05-05 22:45:44 | INFO     | pipeline.parsers.mw | MarketWatchParser: MW-NIFTY-NON-CYCLICAL-CONSUMER-23-Apr-2026.csv
2026-05-05 22:45:44 | INFO     | pipeline.parsers.mw | Index name: NIFTY NON CYCLICAL CONSUMER
2026-05-05 22:45:44 | INFO     | pipeline.parsers.mw | MarketWatchParser result: 30 constituents
2026-05-05 22:45:44 | INFO     | pipeline.parsers.mw | MarketWatchParser: MW-NIFTY-NON-CYCLICAL-CONSUMER-24-Apr-2026.csv
2026-05-05 22:45:44 | INFO     | pipeline.parsers.mw | Index name: NIFTY NON CYCLICAL CONSUMER
2026-05-05 22:45:44 | INFO     | pipeline.parsers.mw | MarketWatchParser result: 30 constituents
2026-05-05 22:45:44 | INFO     | pipeline.parsers.mw | MarketWatchParser: MW-NIFTY-NON-CYCLICAL-CONSUMER-24-Mar-2026.csv
2026-05-05 22:45:44 | INFO     | pipeline.parsers.mw | Index name: NIFTY NON CYCLICAL CONSUMER
2026-05-05 22:45:44 | INFO     | pipeline.parsers.mw | MarketWatchParser result: 30 constituents
2026-05-05 22:45:44 | INFO     | pipeline.parsers.mw | MarketWatchParser: MW-NIFTY-NON-CYCLICAL-CONSUMER-27-Apr-2026.csv
2026-05-05 22:45:44 | INFO     | pipeline.parsers.mw | Index name: NIFTY NON CYCLICAL CONSUMER
2026-05-05 22:45:44 | INFO     | pipeline.parsers.mw | MarketWatchParser result: 30 constituents
2026-05-05 22:45:44 | INFO     | pipeline.parsers.mw | MarketWatchParser: MW-NIFTY-NON-CYCLICAL-CONSUMER-27-Mar-2026.csv
2026-05-05 22:45:44 | INFO     | pipeline.parsers.mw | Index name: NIFTY NON CYCLICAL CONSUMER
2026-05-05 22:45:44 | INFO     | pipeline.parsers.mw | MarketWatchParser result: 30 constituents
2026-05-05 22:45:44 | INFO     | pipeline.parsers.mw | MarketWatchParser: MW-NIFTY-NON-CYCLICAL-CONSUMER-28-Apr-2026.csv
2026-05-05 22:45:44 | INFO     | pipeline.parsers.mw | Index name: NIFTY NON CYCLICAL CONSUMER
2026-05-05 22:45:44 | INFO     | pipeline.parsers.mw | MarketWatchParser result: 30 constituents
2026-05-05 22:45:44 | INFO     | pipeline.parsers.mw | MarketWatchParser: MW-NIFTY-NON-CYCLICAL-CONSUMER-29-Apr-2026.csv
2026-05-05 22:45:44 | INFO     | pipeline.parsers.mw | Index name: NIFTY NON CYCLICAL CONSUMER
2026-05-05 22:45:44 | INFO     | pipeline.parsers.mw | MarketWatchParser result: 30 constituents
2026-05-05 22:45:44 | INFO     | pipeline.parsers.mw | MarketWatchParser: MW-NIFTY-NON-CYCLICAL-CONSUMER-30-Mar-2026.csv
2026-05-05 22:45:44 | INFO     | pipeline.parsers.mw | Index name: NIFTY NON CYCLICAL CONSUMER
2026-05-05 22:45:44 | INFO     | pipeline.parsers.mw | MarketWatchParser result: 30 constituents
2026-05-05 22:45:44 | INFO     | pipeline.parsers.mw | MarketWatchParser: MW-NIFTY-PSE-03-Apr-2026.csv
2026-05-05 22:45:44 | INFO     | pipeline.parsers.mw | Index name: NIFTY PSE
2026-05-05 22:45:44 | INFO     | pipeline.parsers.mw | MarketWatchParser result: 20 constituents
2026-05-05 22:45:44 | INFO     | pipeline.parsers.mw | MarketWatchParser: MW-NIFTY-PSE-06-Apr-2026.csv
2026-05-05 22:45:44 | INFO     | pipeline.parsers.mw | Index name: NIFTY PSE
2026-05-05 22:45:44 | INFO     | pipeline.parsers.mw | MarketWatchParser result: 20 constituents
2026-05-05 22:45:44 | INFO     | pipeline.parsers.mw | MarketWatchParser: MW-NIFTY-PSE-07-Apr-2026.csv
2026-05-05 22:45:44 | INFO     | pipeline.parsers.mw | Index name: NIFTY PSE
2026-05-05 22:45:44 | INFO     | pipeline.parsers.mw | MarketWatchParser result: 20 constituents
2026-05-05 22:45:44 | INFO     | pipeline.parsers.mw | MarketWatchParser: MW-NIFTY-PSE-08-Apr-2026.csv
2026-05-05 22:45:44 | INFO     | pipeline.parsers.mw | Index name: NIFTY PSE
2026-05-05 22:45:45 | INFO     | pipeline.parsers.mw | MarketWatchParser result: 20 constituents
2026-05-05 22:45:45 | INFO     | pipeline.parsers.mw | MarketWatchParser: MW-NIFTY-PSE-09-Apr-2026.csv
2026-05-05 22:45:45 | INFO     | pipeline.parsers.mw | Index name: NIFTY PSE
2026-05-05 22:45:45 | INFO     | pipeline.parsers.mw | MarketWatchParser result: 20 constituents
2026-05-05 22:45:45 | INFO     | pipeline.parsers.mw | MarketWatchParser: MW-NIFTY-PSE-10-Apr-2026.csv
2026-05-05 22:45:45 | INFO     | pipeline.parsers.mw | Index name: NIFTY PSE
2026-05-05 22:45:45 | INFO     | pipeline.parsers.mw | MarketWatchParser result: 20 constituents
2026-05-05 22:45:45 | INFO     | pipeline.parsers.mw | MarketWatchParser: MW-NIFTY-PSE-14-Apr-2026.csv
2026-05-05 22:45:45 | INFO     | pipeline.parsers.mw | Index name: NIFTY PSE
2026-05-05 22:45:45 | INFO     | pipeline.parsers.mw | MarketWatchParser result: 20 constituents
2026-05-05 22:45:45 | INFO     | pipeline.parsers.mw | MarketWatchParser: MW-NIFTY-PSE-15-Apr-2026.csv
2026-05-05 22:45:45 | INFO     | pipeline.parsers.mw | Index name: NIFTY PSE
2026-05-05 22:45:45 | INFO     | pipeline.parsers.mw | MarketWatchParser result: 20 constituents
2026-05-05 22:45:45 | INFO     | pipeline.parsers.mw | MarketWatchParser: MW-NIFTY-PSE-16-Apr-2026.csv
2026-05-05 22:45:45 | INFO     | pipeline.parsers.mw | Index name: NIFTY PSE
2026-05-05 22:45:45 | INFO     | pipeline.parsers.mw | MarketWatchParser result: 20 constituents
2026-05-05 22:45:45 | INFO     | pipeline.parsers.mw | MarketWatchParser: MW-NIFTY-PSE-17-Apr-2026.csv
2026-05-05 22:45:45 | INFO     | pipeline.parsers.mw | Index name: NIFTY PSE
2026-05-05 22:45:45 | INFO     | pipeline.parsers.mw | MarketWatchParser result: 20 constituents
2026-05-05 22:45:45 | INFO     | pipeline.parsers.mw | MarketWatchParser: MW-NIFTY-PSE-22-Apr-2026 (1).csv
2026-05-05 22:45:45 | INFO     | pipeline.parsers.mw | Index name: NIFTY PSE 22 Apr 2026 (1)
2026-05-05 22:45:45 | INFO     | pipeline.parsers.mw | MarketWatchParser result: 20 constituents
2026-05-05 22:45:45 | INFO     | pipeline.parsers.mw | MarketWatchParser: MW-NIFTY-PSE-22-Apr-2026.csv
2026-05-05 22:45:45 | INFO     | pipeline.parsers.mw | Index name: NIFTY PSE
2026-05-05 22:45:45 | INFO     | pipeline.parsers.mw | MarketWatchParser result: 20 constituents
2026-05-05 22:45:45 | INFO     | pipeline.parsers.mw | MarketWatchParser: MW-NIFTY-PSE-23-Apr-2026.csv
2026-05-05 22:45:45 | INFO     | pipeline.parsers.mw | Index name: NIFTY PSE
2026-05-05 22:45:45 | INFO     | pipeline.parsers.mw | MarketWatchParser result: 20 constituents
2026-05-05 22:45:45 | INFO     | pipeline.parsers.mw | MarketWatchParser: MW-NIFTY-PSE-24-Apr-2026.csv
2026-05-05 22:45:45 | INFO     | pipeline.parsers.mw | Index name: NIFTY PSE
2026-05-05 22:45:45 | INFO     | pipeline.parsers.mw | MarketWatchParser result: 20 constituents
2026-05-05 22:45:45 | INFO     | pipeline.parsers.mw | MarketWatchParser: MW-NIFTY-PSE-24-Mar-2026.csv
2026-05-05 22:45:45 | INFO     | pipeline.parsers.mw | Index name: NIFTY PSE
2026-05-05 22:45:45 | INFO     | pipeline.parsers.mw | MarketWatchParser result: 20 constituents
2026-05-05 22:45:45 | INFO     | pipeline.parsers.mw | MarketWatchParser: MW-NIFTY-PSE-27-Apr-2026.csv
2026-05-05 22:45:45 | INFO     | pipeline.parsers.mw | Index name: NIFTY PSE
2026-05-05 22:45:45 | INFO     | pipeline.parsers.mw | MarketWatchParser result: 20 constituents
2026-05-05 22:45:45 | INFO     | pipeline.parsers.mw | MarketWatchParser: MW-NIFTY-PSE-27-Mar-2026.csv
2026-05-05 22:45:45 | INFO     | pipeline.parsers.mw | Index name: NIFTY PSE
2026-05-05 22:45:45 | INFO     | pipeline.parsers.mw | MarketWatchParser result: 20 constituents
2026-05-05 22:45:45 | INFO     | pipeline.parsers.mw | MarketWatchParser: MW-NIFTY-PSE-28-Apr-2026.csv
2026-05-05 22:45:45 | INFO     | pipeline.parsers.mw | Index name: NIFTY PSE
2026-05-05 22:45:45 | INFO     | pipeline.parsers.mw | MarketWatchParser result: 20 constituents
2026-05-05 22:45:45 | INFO     | pipeline.parsers.mw | MarketWatchParser: MW-NIFTY-PSE-29-Apr-2026.csv
2026-05-05 22:45:45 | INFO     | pipeline.parsers.mw | Index name: NIFTY PSE
2026-05-05 22:45:45 | INFO     | pipeline.parsers.mw | MarketWatchParser result: 20 constituents
2026-05-05 22:45:46 | INFO     | pipeline.parsers.mw | MarketWatchParser: MW-NIFTY-PSE-30-Mar-2026.csv
2026-05-05 22:45:46 | INFO     | pipeline.parsers.mw | Index name: NIFTY PSE
2026-05-05 22:45:46 | INFO     | pipeline.parsers.mw | MarketWatchParser result: 20 constituents
2026-05-05 22:45:46 | INFO     | pipeline.parsers.mw | MarketWatchParser: MW-NIFTY-RURAL-03-Apr-2026.csv
2026-05-05 22:45:46 | INFO     | pipeline.parsers.mw | Index name: NIFTY RURAL
2026-05-05 22:45:46 | INFO     | pipeline.parsers.mw | MarketWatchParser result: 75 constituents
2026-05-05 22:45:46 | INFO     | pipeline.parsers.mw | MarketWatchParser: MW-NIFTY-RURAL-06-Apr-2026.csv
2026-05-05 22:45:46 | INFO     | pipeline.parsers.mw | Index name: NIFTY RURAL
2026-05-05 22:45:46 | INFO     | pipeline.parsers.mw | MarketWatchParser result: 75 constituents
2026-05-05 22:45:46 | INFO     | pipeline.parsers.mw | MarketWatchParser: MW-NIFTY-RURAL-07-Apr-2026.csv
2026-05-05 22:45:46 | INFO     | pipeline.parsers.mw | Index name: NIFTY RURAL
2026-05-05 22:45:46 | INFO     | pipeline.parsers.mw | MarketWatchParser result: 75 constituents
2026-05-05 22:45:46 | INFO     | pipeline.parsers.mw | MarketWatchParser: MW-NIFTY-RURAL-08-Apr-2026.csv
2026-05-05 22:45:46 | INFO     | pipeline.parsers.mw | Index name: NIFTY RURAL
2026-05-05 22:45:46 | INFO     | pipeline.parsers.mw | MarketWatchParser result: 75 constituents
2026-05-05 22:45:46 | INFO     | pipeline.parsers.mw | MarketWatchParser: MW-NIFTY-RURAL-09-Apr-2026.csv
2026-05-05 22:45:46 | INFO     | pipeline.parsers.mw | Index name: NIFTY RURAL
2026-05-05 22:45:46 | INFO     | pipeline.parsers.mw | MarketWatchParser result: 75 constituents
2026-05-05 22:45:46 | INFO     | pipeline.parsers.mw | MarketWatchParser: MW-NIFTY-RURAL-10-Apr-2026.csv
2026-05-05 22:45:46 | INFO     | pipeline.parsers.mw | Index name: NIFTY RURAL
2026-05-05 22:45:46 | INFO     | pipeline.parsers.mw | MarketWatchParser result: 75 constituents
2026-05-05 22:45:46 | INFO     | pipeline.parsers.mw | MarketWatchParser: MW-NIFTY-RURAL-14-Apr-2026.csv
2026-05-05 22:45:46 | INFO     | pipeline.parsers.mw | Index name: NIFTY RURAL
2026-05-05 22:45:46 | INFO     | pipeline.parsers.mw | MarketWatchParser result: 75 constituents
2026-05-05 22:45:46 | INFO     | pipeline.parsers.mw | MarketWatchParser: MW-NIFTY-RURAL-15-Apr-2026.csv
2026-05-05 22:45:46 | INFO     | pipeline.parsers.mw | Index name: NIFTY RURAL
2026-05-05 22:45:46 | INFO     | pipeline.parsers.mw | MarketWatchParser result: 75 constituents
2026-05-05 22:45:46 | INFO     | pipeline.parsers.mw | MarketWatchParser: MW-NIFTY-RURAL-16-Apr-2026.csv
2026-05-05 22:45:46 | INFO     | pipeline.parsers.mw | Index name: NIFTY RURAL
2026-05-05 22:45:46 | INFO     | pipeline.parsers.mw | MarketWatchParser result: 75 constituents
2026-05-05 22:45:46 | INFO     | pipeline.parsers.mw | MarketWatchParser: MW-NIFTY-RURAL-17-Apr-2026.csv
2026-05-05 22:45:46 | INFO     | pipeline.parsers.mw | Index name: NIFTY RURAL
2026-05-05 22:45:46 | INFO     | pipeline.parsers.mw | MarketWatchParser result: 75 constituents
2026-05-05 22:45:46 | INFO     | pipeline.parsers.mw | MarketWatchParser: MW-NIFTY-RURAL-22-Apr-2026 (1).csv
2026-05-05 22:45:46 | INFO     | pipeline.parsers.mw | Index name: NIFTY RURAL 22 Apr 2026 (1)
2026-05-05 22:45:46 | INFO     | pipeline.parsers.mw | MarketWatchParser result: 75 constituents
2026-05-05 22:45:47 | INFO     | pipeline.parsers.mw | MarketWatchParser: MW-NIFTY-RURAL-22-Apr-2026.csv
2026-05-05 22:45:47 | INFO     | pipeline.parsers.mw | Index name: NIFTY RURAL
2026-05-05 22:45:47 | INFO     | pipeline.parsers.mw | MarketWatchParser result: 75 constituents
2026-05-05 22:45:47 | INFO     | pipeline.parsers.mw | MarketWatchParser: MW-NIFTY-RURAL-23-Apr-2026.csv
2026-05-05 22:45:47 | INFO     | pipeline.parsers.mw | Index name: NIFTY RURAL
2026-05-05 22:45:47 | INFO     | pipeline.parsers.mw | MarketWatchParser result: 75 constituents
2026-05-05 22:45:47 | INFO     | pipeline.parsers.mw | MarketWatchParser: MW-NIFTY-RURAL-24-Apr-2026.csv
2026-05-05 22:45:47 | INFO     | pipeline.parsers.mw | Index name: NIFTY RURAL
2026-05-05 22:45:47 | INFO     | pipeline.parsers.mw | MarketWatchParser result: 75 constituents
2026-05-05 22:45:47 | INFO     | pipeline.parsers.mw | MarketWatchParser: MW-NIFTY-RURAL-24-Mar-2026.csv
2026-05-05 22:45:47 | INFO     | pipeline.parsers.mw | Index name: NIFTY RURAL
2026-05-05 22:45:47 | INFO     | pipeline.parsers.mw | MarketWatchParser result: 75 constituents
2026-05-05 22:45:47 | INFO     | pipeline.parsers.mw | MarketWatchParser: MW-NIFTY-RURAL-27-Apr-2026.csv
2026-05-05 22:45:47 | INFO     | pipeline.parsers.mw | Index name: NIFTY RURAL
2026-05-05 22:45:47 | INFO     | pipeline.parsers.mw | MarketWatchParser result: 75 constituents
2026-05-05 22:45:47 | INFO     | pipeline.parsers.mw | MarketWatchParser: MW-NIFTY-RURAL-27-Mar-2026.csv
2026-05-05 22:45:47 | INFO     | pipeline.parsers.mw | Index name: NIFTY RURAL
2026-05-05 22:45:47 | INFO     | pipeline.parsers.mw | MarketWatchParser result: 75 constituents
2026-05-05 22:45:47 | INFO     | pipeline.parsers.mw | MarketWatchParser: MW-NIFTY-RURAL-28-Apr-2026.csv
2026-05-05 22:45:47 | INFO     | pipeline.parsers.mw | Index name: NIFTY RURAL
2026-05-05 22:45:47 | INFO     | pipeline.parsers.mw | MarketWatchParser result: 75 constituents
2026-05-05 22:45:47 | INFO     | pipeline.parsers.mw | MarketWatchParser: MW-NIFTY-RURAL-29-Apr-2026.csv
2026-05-05 22:45:47 | INFO     | pipeline.parsers.mw | Index name: NIFTY RURAL
2026-05-05 22:45:47 | INFO     | pipeline.parsers.mw | MarketWatchParser result: 75 constituents
2026-05-05 22:45:47 | INFO     | pipeline.parsers.mw | MarketWatchParser: MW-NIFTY-RURAL-30-Mar-2026.csv
2026-05-05 22:45:47 | INFO     | pipeline.parsers.mw | Index name: NIFTY RURAL
2026-05-05 22:45:47 | INFO     | pipeline.parsers.mw | MarketWatchParser result: 75 constituents
2026-05-05 22:45:47 | INFO     | pipeline.parsers.mw | MarketWatchParser: MW-NIFTY-SERVICES-SECTOR-03-Apr-2026.csv
2026-05-05 22:45:47 | INFO     | pipeline.parsers.mw | Index name: NIFTY SERVICES SECTOR
2026-05-05 22:45:47 | INFO     | pipeline.parsers.mw | MarketWatchParser result: 30 constituents
2026-05-05 22:45:47 | INFO     | pipeline.parsers.mw | MarketWatchParser: MW-NIFTY-SERVICES-SECTOR-06-Apr-2026.csv
2026-05-05 22:45:47 | INFO     | pipeline.parsers.mw | Index name: NIFTY SERVICES SECTOR
2026-05-05 22:45:47 | INFO     | pipeline.parsers.mw | MarketWatchParser result: 30 constituents
2026-05-05 22:45:47 | INFO     | pipeline.parsers.mw | MarketWatchParser: MW-NIFTY-SERVICES-SECTOR-07-Apr-2026.csv
2026-05-05 22:45:47 | INFO     | pipeline.parsers.mw | Index name: NIFTY SERVICES SECTOR
2026-05-05 22:45:47 | INFO     | pipeline.parsers.mw | MarketWatchParser result: 30 constituents
2026-05-05 22:45:47 | INFO     | pipeline.parsers.mw | MarketWatchParser: MW-NIFTY-SERVICES-SECTOR-08-Apr-2026.csv
2026-05-05 22:45:47 | INFO     | pipeline.parsers.mw | Index name: NIFTY SERVICES SECTOR
2026-05-05 22:45:48 | INFO     | pipeline.parsers.mw | MarketWatchParser result: 30 constituents
2026-05-05 22:45:48 | INFO     | pipeline.parsers.mw | MarketWatchParser: MW-NIFTY-SERVICES-SECTOR-09-Apr-2026.csv
2026-05-05 22:45:48 | INFO     | pipeline.parsers.mw | Index name: NIFTY SERVICES SECTOR
2026-05-05 22:45:48 | INFO     | pipeline.parsers.mw | MarketWatchParser result: 30 constituents
2026-05-05 22:45:48 | INFO     | pipeline.parsers.mw | MarketWatchParser: MW-NIFTY-SERVICES-SECTOR-10-Apr-2026.csv
2026-05-05 22:45:48 | INFO     | pipeline.parsers.mw | Index name: NIFTY SERVICES SECTOR
2026-05-05 22:45:48 | INFO     | pipeline.parsers.mw | MarketWatchParser result: 30 constituents
2026-05-05 22:45:48 | INFO     | pipeline.parsers.mw | MarketWatchParser: MW-NIFTY-SERVICES-SECTOR-14-Apr-2026.csv
2026-05-05 22:45:48 | INFO     | pipeline.parsers.mw | Index name: NIFTY SERVICES SECTOR
2026-05-05 22:45:48 | INFO     | pipeline.parsers.mw | MarketWatchParser result: 30 constituents
2026-05-05 22:45:48 | INFO     | pipeline.parsers.mw | MarketWatchParser: MW-NIFTY-SERVICES-SECTOR-15-Apr-2026.csv
2026-05-05 22:45:48 | INFO     | pipeline.parsers.mw | Index name: NIFTY SERVICES SECTOR
2026-05-05 22:45:48 | INFO     | pipeline.parsers.mw | MarketWatchParser result: 30 constituents
2026-05-05 22:45:48 | INFO     | pipeline.parsers.mw | MarketWatchParser: MW-NIFTY-SERVICES-SECTOR-16-Apr-2026.csv
2026-05-05 22:45:48 | INFO     | pipeline.parsers.mw | Index name: NIFTY SERVICES SECTOR
2026-05-05 22:45:48 | INFO     | pipeline.parsers.mw | MarketWatchParser result: 30 constituents
2026-05-05 22:45:48 | INFO     | pipeline.parsers.mw | MarketWatchParser: MW-NIFTY-SERVICES-SECTOR-17-Apr-2026.csv
2026-05-05 22:45:48 | INFO     | pipeline.parsers.mw | Index name: NIFTY SERVICES SECTOR
2026-05-05 22:45:48 | INFO     | pipeline.parsers.mw | MarketWatchParser result: 30 constituents
2026-05-05 22:45:48 | INFO     | pipeline.parsers.mw | MarketWatchParser: MW-NIFTY-SERVICES-SECTOR-22-Apr-2026 (1).csv
2026-05-05 22:45:48 | INFO     | pipeline.parsers.mw | Index name: NIFTY SERVICES SECTOR 22 Apr 2026 (1)
2026-05-05 22:45:48 | INFO     | pipeline.parsers.mw | MarketWatchParser result: 30 constituents
2026-05-05 22:45:48 | INFO     | pipeline.parsers.mw | MarketWatchParser: MW-NIFTY-SERVICES-SECTOR-22-Apr-2026.csv
2026-05-05 22:45:48 | INFO     | pipeline.parsers.mw | Index name: NIFTY SERVICES SECTOR
2026-05-05 22:45:48 | INFO     | pipeline.parsers.mw | MarketWatchParser result: 30 constituents
2026-05-05 22:45:48 | INFO     | pipeline.parsers.mw | MarketWatchParser: MW-NIFTY-SERVICES-SECTOR-23-Apr-2026.csv
2026-05-05 22:45:48 | INFO     | pipeline.parsers.mw | Index name: NIFTY SERVICES SECTOR
2026-05-05 22:45:48 | INFO     | pipeline.parsers.mw | MarketWatchParser result: 30 constituents
2026-05-05 22:45:48 | INFO     | pipeline.parsers.mw | MarketWatchParser: MW-NIFTY-SERVICES-SECTOR-24-Apr-2026.csv
2026-05-05 22:45:48 | INFO     | pipeline.parsers.mw | Index name: NIFTY SERVICES SECTOR
2026-05-05 22:45:48 | INFO     | pipeline.parsers.mw | MarketWatchParser result: 30 constituents
2026-05-05 22:45:48 | INFO     | pipeline.parsers.mw | MarketWatchParser: MW-NIFTY-SERVICES-SECTOR-24-Mar-2026.csv
2026-05-05 22:45:48 | INFO     | pipeline.parsers.mw | Index name: NIFTY SERVICES SECTOR
2026-05-05 22:45:48 | INFO     | pipeline.parsers.mw | MarketWatchParser result: 30 constituents
2026-05-05 22:45:48 | INFO     | pipeline.parsers.mw | MarketWatchParser: MW-NIFTY-SERVICES-SECTOR-27-Apr-2026.csv
2026-05-05 22:45:48 | INFO     | pipeline.parsers.mw | Index name: NIFTY SERVICES SECTOR
2026-05-05 22:45:48 | INFO     | pipeline.parsers.mw | MarketWatchParser result: 30 constituents
2026-05-05 22:45:48 | INFO     | pipeline.parsers.mw | MarketWatchParser: MW-NIFTY-SERVICES-SECTOR-27-Mar-2026.csv
2026-05-05 22:45:48 | INFO     | pipeline.parsers.mw | Index name: NIFTY SERVICES SECTOR
2026-05-05 22:45:48 | INFO     | pipeline.parsers.mw | MarketWatchParser result: 30 constituents
2026-05-05 22:45:48 | INFO     | pipeline.parsers.mw | MarketWatchParser: MW-NIFTY-SERVICES-SECTOR-28-Apr-2026 (1).csv
2026-05-05 22:45:48 | INFO     | pipeline.parsers.mw | Index name: NIFTY SERVICES SECTOR 28 Apr 2026 (1)
2026-05-05 22:45:48 | INFO     | pipeline.parsers.mw | MarketWatchParser result: 30 constituents
2026-05-05 22:45:48 | INFO     | pipeline.parsers.mw | MarketWatchParser: MW-NIFTY-SERVICES-SECTOR-28-Apr-2026.csv
2026-05-05 22:45:48 | INFO     | pipeline.parsers.mw | Index name: NIFTY SERVICES SECTOR
2026-05-05 22:45:48 | INFO     | pipeline.parsers.mw | MarketWatchParser result: 30 constituents
2026-05-05 22:45:48 | INFO     | pipeline.parsers.mw | MarketWatchParser: MW-NIFTY-SERVICES-SECTOR-29-Apr-2026.csv
2026-05-05 22:45:48 | INFO     | pipeline.parsers.mw | Index name: NIFTY SERVICES SECTOR
2026-05-05 22:45:48 | INFO     | pipeline.parsers.mw | MarketWatchParser result: 30 constituents
2026-05-05 22:45:49 | INFO     | pipeline.parsers.mw | MarketWatchParser: MW-NIFTY-SERVICES-SECTOR-30-Mar-2026.csv
2026-05-05 22:45:49 | INFO     | pipeline.parsers.mw | Index name: NIFTY SERVICES SECTOR
2026-05-05 22:45:49 | INFO     | pipeline.parsers.mw | MarketWatchParser result: 30 constituents
2026-05-05 22:45:49 | INFO     | pipeline.parsers.mw | MarketWatchParser: MW-NIFTY-TRANSPORTATION-&-LOGISTICS-03-Apr-2026.csv
2026-05-05 22:45:49 | INFO     | pipeline.parsers.mw | Index name: NIFTY TRANSPORTATION & LOGISTICS
2026-05-05 22:45:49 | INFO     | pipeline.parsers.mw | MarketWatchParser result: 30 constituents
2026-05-05 22:45:49 | INFO     | pipeline.parsers.mw | MarketWatchParser: MW-NIFTY-TRANSPORTATION-&-LOGISTICS-06-Apr-2026.csv
2026-05-05 22:45:49 | INFO     | pipeline.parsers.mw | Index name: NIFTY TRANSPORTATION & LOGISTICS
2026-05-05 22:45:49 | INFO     | pipeline.parsers.mw | MarketWatchParser result: 30 constituents
2026-05-05 22:45:49 | INFO     | pipeline.parsers.mw | MarketWatchParser: MW-NIFTY-TRANSPORTATION-&-LOGISTICS-07-Apr-2026.csv
2026-05-05 22:45:49 | INFO     | pipeline.parsers.mw | Index name: NIFTY TRANSPORTATION & LOGISTICS
2026-05-05 22:45:49 | INFO     | pipeline.parsers.mw | MarketWatchParser result: 30 constituents
2026-05-05 22:45:49 | INFO     | pipeline.parsers.mw | MarketWatchParser: MW-NIFTY-TRANSPORTATION-&-LOGISTICS-08-Apr-2026.csv
2026-05-05 22:45:49 | INFO     | pipeline.parsers.mw | Index name: NIFTY TRANSPORTATION & LOGISTICS
2026-05-05 22:45:49 | INFO     | pipeline.parsers.mw | MarketWatchParser result: 30 constituents
2026-05-05 22:45:49 | INFO     | pipeline.parsers.mw | MarketWatchParser: MW-NIFTY-TRANSPORTATION-&-LOGISTICS-09-Apr-2026.csv
2026-05-05 22:45:49 | INFO     | pipeline.parsers.mw | Index name: NIFTY TRANSPORTATION & LOGISTICS
2026-05-05 22:45:49 | INFO     | pipeline.parsers.mw | MarketWatchParser result: 30 constituents
2026-05-05 22:45:49 | INFO     | pipeline.parsers.mw | MarketWatchParser: MW-NIFTY-TRANSPORTATION-&-LOGISTICS-10-Apr-2026.csv
2026-05-05 22:45:49 | INFO     | pipeline.parsers.mw | Index name: NIFTY TRANSPORTATION & LOGISTICS
2026-05-05 22:45:49 | INFO     | pipeline.parsers.mw | MarketWatchParser result: 30 constituents
2026-05-05 22:45:49 | INFO     | pipeline.parsers.mw | MarketWatchParser: MW-NIFTY-TRANSPORTATION-&-LOGISTICS-14-Apr-2026.csv
2026-05-05 22:45:49 | INFO     | pipeline.parsers.mw | Index name: NIFTY TRANSPORTATION & LOGISTICS
2026-05-05 22:45:49 | INFO     | pipeline.parsers.mw | MarketWatchParser result: 30 constituents
2026-05-05 22:45:49 | INFO     | pipeline.parsers.mw | MarketWatchParser: MW-NIFTY-TRANSPORTATION-&-LOGISTICS-15-Apr-2026.csv
2026-05-05 22:45:49 | INFO     | pipeline.parsers.mw | Index name: NIFTY TRANSPORTATION & LOGISTICS
2026-05-05 22:45:49 | INFO     | pipeline.parsers.mw | MarketWatchParser result: 30 constituents
2026-05-05 22:45:49 | INFO     | pipeline.parsers.mw | MarketWatchParser: MW-NIFTY-TRANSPORTATION-&-LOGISTICS-16-Apr-2026.csv
2026-05-05 22:45:49 | INFO     | pipeline.parsers.mw | Index name: NIFTY TRANSPORTATION & LOGISTICS
2026-05-05 22:45:49 | INFO     | pipeline.parsers.mw | MarketWatchParser result: 30 constituents
2026-05-05 22:45:49 | INFO     | pipeline.parsers.mw | MarketWatchParser: MW-NIFTY-TRANSPORTATION-&-LOGISTICS-17-Apr-2026.csv
2026-05-05 22:45:49 | INFO     | pipeline.parsers.mw | Index name: NIFTY TRANSPORTATION & LOGISTICS
2026-05-05 22:45:49 | INFO     | pipeline.parsers.mw | MarketWatchParser result: 30 constituents
2026-05-05 22:45:49 | INFO     | pipeline.parsers.mw | MarketWatchParser: MW-NIFTY-TRANSPORTATION-&-LOGISTICS-22-Apr-2026 (1).csv
2026-05-05 22:45:49 | INFO     | pipeline.parsers.mw | Index name: NIFTY TRANSPORTATION & LOGISTICS 22 Apr 2026 (1)
2026-05-05 22:45:49 | INFO     | pipeline.parsers.mw | MarketWatchParser result: 30 constituents
2026-05-05 22:45:49 | INFO     | pipeline.parsers.mw | MarketWatchParser: MW-NIFTY-TRANSPORTATION-&-LOGISTICS-22-Apr-2026.csv
2026-05-05 22:45:49 | INFO     | pipeline.parsers.mw | Index name: NIFTY TRANSPORTATION & LOGISTICS
2026-05-05 22:45:49 | INFO     | pipeline.parsers.mw | MarketWatchParser result: 30 constituents
2026-05-05 22:45:49 | INFO     | pipeline.parsers.mw | MarketWatchParser: MW-NIFTY-TRANSPORTATION-&-LOGISTICS-23-Apr-2026.csv
2026-05-05 22:45:49 | INFO     | pipeline.parsers.mw | Index name: NIFTY TRANSPORTATION & LOGISTICS
2026-05-05 22:45:49 | INFO     | pipeline.parsers.mw | MarketWatchParser result: 30 constituents
2026-05-05 22:45:49 | INFO     | pipeline.parsers.mw | MarketWatchParser: MW-NIFTY-TRANSPORTATION-&-LOGISTICS-24-Apr-2026.csv
2026-05-05 22:45:49 | INFO     | pipeline.parsers.mw | Index name: NIFTY TRANSPORTATION & LOGISTICS
2026-05-05 22:45:49 | INFO     | pipeline.parsers.mw | MarketWatchParser result: 30 constituents
2026-05-05 22:45:49 | INFO     | pipeline.parsers.mw | MarketWatchParser: MW-NIFTY-TRANSPORTATION-&-LOGISTICS-24-Mar-2026.csv
2026-05-05 22:45:49 | INFO     | pipeline.parsers.mw | Index name: NIFTY TRANSPORTATION & LOGISTICS
2026-05-05 22:45:49 | INFO     | pipeline.parsers.mw | MarketWatchParser result: 30 constituents
2026-05-05 22:45:50 | INFO     | pipeline.parsers.mw | MarketWatchParser: MW-NIFTY-TRANSPORTATION-&-LOGISTICS-27-Apr-2026.csv
2026-05-05 22:45:50 | INFO     | pipeline.parsers.mw | Index name: NIFTY TRANSPORTATION & LOGISTICS
2026-05-05 22:45:50 | INFO     | pipeline.parsers.mw | MarketWatchParser result: 30 constituents
2026-05-05 22:45:50 | INFO     | pipeline.parsers.mw | MarketWatchParser: MW-NIFTY-TRANSPORTATION-&-LOGISTICS-27-Mar-2026.csv
2026-05-05 22:45:50 | INFO     | pipeline.parsers.mw | Index name: NIFTY TRANSPORTATION & LOGISTICS
2026-05-05 22:45:50 | INFO     | pipeline.parsers.mw | MarketWatchParser result: 30 constituents
2026-05-05 22:45:50 | INFO     | pipeline.parsers.mw | MarketWatchParser: MW-NIFTY-TRANSPORTATION-&-LOGISTICS-28-Apr-2026.csv
2026-05-05 22:45:50 | INFO     | pipeline.parsers.mw | Index name: NIFTY TRANSPORTATION & LOGISTICS
2026-05-05 22:45:50 | INFO     | pipeline.parsers.mw | MarketWatchParser result: 30 constituents
2026-05-05 22:45:50 | INFO     | pipeline.parsers.mw | MarketWatchParser: MW-NIFTY-TRANSPORTATION-&-LOGISTICS-29-Apr-2026.csv
2026-05-05 22:45:50 | INFO     | pipeline.parsers.mw | Index name: NIFTY TRANSPORTATION & LOGISTICS
2026-05-05 22:45:50 | INFO     | pipeline.parsers.mw | MarketWatchParser result: 30 constituents
2026-05-05 22:45:50 | INFO     | pipeline.parsers.mw | MarketWatchParser: MW-NIFTY-TRANSPORTATION-&-LOGISTICS-30-Mar-2026.csv
2026-05-05 22:45:50 | INFO     | pipeline.parsers.mw | Index name: NIFTY TRANSPORTATION & LOGISTICS
2026-05-05 22:45:50 | INFO     | pipeline.parsers.mw | MarketWatchParser result: 30 constituents
2026-05-05 22:45:50 | INFO     | pipeline.parsers.mw | MarketWatchParser: MW-NIFTY-ALPHA-50-03-Apr-2026.csv
2026-05-05 22:45:50 | INFO     | pipeline.parsers.mw | Index name: NIFTY ALPHA 50
2026-05-05 22:45:50 | INFO     | pipeline.parsers.mw | MarketWatchParser result: 50 constituents
2026-05-05 22:45:50 | INFO     | pipeline.parsers.mw | MarketWatchParser: MW-NIFTY-ALPHA-50-06-Apr-2026.csv
2026-05-05 22:45:50 | INFO     | pipeline.parsers.mw | Index name: NIFTY ALPHA 50
2026-05-05 22:45:50 | INFO     | pipeline.parsers.mw | MarketWatchParser result: 50 constituents
2026-05-05 22:45:50 | INFO     | pipeline.parsers.mw | MarketWatchParser: MW-NIFTY-ALPHA-50-07-Apr-2026.csv
2026-05-05 22:45:50 | INFO     | pipeline.parsers.mw | Index name: NIFTY ALPHA 50
2026-05-05 22:45:50 | INFO     | pipeline.parsers.mw | MarketWatchParser result: 50 constituents
2026-05-05 22:45:50 | INFO     | pipeline.parsers.mw | MarketWatchParser: MW-NIFTY-ALPHA-50-08-Apr-2026.csv
2026-05-05 22:45:50 | INFO     | pipeline.parsers.mw | Index name: NIFTY ALPHA 50
2026-05-05 22:45:50 | INFO     | pipeline.parsers.mw | MarketWatchParser result: 50 constituents
2026-05-05 22:45:50 | INFO     | pipeline.parsers.mw | MarketWatchParser: MW-NIFTY-ALPHA-50-09-Apr-2026.csv
2026-05-05 22:45:50 | INFO     | pipeline.parsers.mw | Index name: NIFTY ALPHA 50
2026-05-05 22:45:50 | INFO     | pipeline.parsers.mw | MarketWatchParser result: 50 constituents
2026-05-05 22:45:50 | INFO     | pipeline.parsers.mw | MarketWatchParser: MW-NIFTY-ALPHA-50-10-Apr-2026.csv
2026-05-05 22:45:50 | INFO     | pipeline.parsers.mw | Index name: NIFTY ALPHA 50
2026-05-05 22:45:50 | INFO     | pipeline.parsers.mw | MarketWatchParser result: 50 constituents
2026-05-05 22:45:50 | INFO     | pipeline.parsers.mw | MarketWatchParser: MW-NIFTY-ALPHA-50-14-Apr-2026.csv
2026-05-05 22:45:50 | INFO     | pipeline.parsers.mw | Index name: NIFTY ALPHA 50
2026-05-05 22:45:50 | INFO     | pipeline.parsers.mw | MarketWatchParser result: 50 constituents
2026-05-05 22:45:50 | INFO     | pipeline.parsers.mw | MarketWatchParser: MW-NIFTY-ALPHA-50-15-Apr-2026.csv
2026-05-05 22:45:50 | INFO     | pipeline.parsers.mw | Index name: NIFTY ALPHA 50
2026-05-05 22:45:50 | INFO     | pipeline.parsers.mw | MarketWatchParser result: 50 constituents
2026-05-05 22:45:50 | INFO     | pipeline.parsers.mw | MarketWatchParser: MW-NIFTY-ALPHA-50-16-Apr-2026.csv
2026-05-05 22:45:50 | INFO     | pipeline.parsers.mw | Index name: NIFTY ALPHA 50
2026-05-05 22:45:50 | INFO     | pipeline.parsers.mw | MarketWatchParser result: 50 constituents
2026-05-05 22:45:50 | INFO     | pipeline.parsers.mw | MarketWatchParser: MW-NIFTY-ALPHA-50-17-Apr-2026.csv
2026-05-05 22:45:50 | INFO     | pipeline.parsers.mw | Index name: NIFTY ALPHA 50
2026-05-05 22:45:50 | INFO     | pipeline.parsers.mw | MarketWatchParser result: 50 constituents
2026-05-05 22:45:50 | INFO     | pipeline.parsers.mw | MarketWatchParser: MW-NIFTY-ALPHA-50-17-Mar-2026.csv
2026-05-05 22:45:50 | INFO     | pipeline.parsers.mw | Index name: NIFTY ALPHA 50
2026-05-05 22:45:50 | INFO     | pipeline.parsers.mw | MarketWatchParser result: 50 constituents
2026-05-05 22:45:51 | INFO     | pipeline.parsers.mw | MarketWatchParser: MW-NIFTY-ALPHA-50-18-Mar-2026.csv
2026-05-05 22:45:51 | INFO     | pipeline.parsers.mw | Index name: NIFTY ALPHA 50
2026-05-05 22:45:51 | INFO     | pipeline.parsers.mw | MarketWatchParser result: 50 constituents
2026-05-05 22:45:51 | INFO     | pipeline.parsers.mw | MarketWatchParser: MW-NIFTY-ALPHA-50-19-Mar-2026.csv
2026-05-05 22:45:51 | INFO     | pipeline.parsers.mw | Index name: NIFTY ALPHA 50
2026-05-05 22:45:51 | INFO     | pipeline.parsers.mw | MarketWatchParser result: 50 constituents
2026-05-05 22:45:51 | INFO     | pipeline.parsers.mw | MarketWatchParser: MW-NIFTY-ALPHA-50-20-Mar-2026.csv
2026-05-05 22:45:51 | INFO     | pipeline.parsers.mw | Index name: NIFTY ALPHA 50
2026-05-05 22:45:51 | INFO     | pipeline.parsers.mw | MarketWatchParser result: 50 constituents
2026-05-05 22:45:51 | INFO     | pipeline.parsers.mw | MarketWatchParser: MW-NIFTY-ALPHA-50-22-Apr-2026 (1).csv
2026-05-05 22:45:51 | INFO     | pipeline.parsers.mw | Index name: NIFTY ALPHA 50 22 Apr 2026 (1)
2026-05-05 22:45:51 | INFO     | pipeline.parsers.mw | MarketWatchParser result: 50 constituents
2026-05-05 22:45:51 | INFO     | pipeline.parsers.mw | MarketWatchParser: MW-NIFTY-ALPHA-50-22-Apr-2026.csv
2026-05-05 22:45:51 | INFO     | pipeline.parsers.mw | Index name: NIFTY ALPHA 50
2026-05-05 22:45:51 | INFO     | pipeline.parsers.mw | MarketWatchParser result: 50 constituents
2026-05-05 22:45:51 | INFO     | pipeline.parsers.mw | MarketWatchParser: MW-NIFTY-ALPHA-50-23-Apr-2026.csv
2026-05-05 22:45:51 | INFO     | pipeline.parsers.mw | Index name: NIFTY ALPHA 50
2026-05-05 22:45:51 | INFO     | pipeline.parsers.mw | MarketWatchParser result: 50 constituents
2026-05-05 22:45:51 | INFO     | pipeline.parsers.mw | MarketWatchParser: MW-NIFTY-ALPHA-50-24-Apr-2026.csv
2026-05-05 22:45:51 | INFO     | pipeline.parsers.mw | Index name: NIFTY ALPHA 50
2026-05-05 22:45:51 | INFO     | pipeline.parsers.mw | MarketWatchParser result: 50 constituents
2026-05-05 22:45:51 | INFO     | pipeline.parsers.mw | MarketWatchParser: MW-NIFTY-ALPHA-50-24-Mar-2026.csv
2026-05-05 22:45:51 | INFO     | pipeline.parsers.mw | Index name: NIFTY ALPHA 50
2026-05-05 22:45:51 | INFO     | pipeline.parsers.mw | MarketWatchParser result: 50 constituents
2026-05-05 22:45:51 | INFO     | pipeline.parsers.mw | MarketWatchParser: MW-NIFTY-ALPHA-50-27-Apr-2026 (1).csv
2026-05-05 22:45:51 | INFO     | pipeline.parsers.mw | Index name: NIFTY ALPHA 50 27 Apr 2026 (1)
2026-05-05 22:45:51 | INFO     | pipeline.parsers.mw | MarketWatchParser result: 50 constituents
2026-05-05 22:45:51 | INFO     | pipeline.parsers.mw | MarketWatchParser: MW-NIFTY-ALPHA-50-27-Apr-2026.csv
2026-05-05 22:45:51 | INFO     | pipeline.parsers.mw | Index name: NIFTY ALPHA 50
2026-05-05 22:45:51 | INFO     | pipeline.parsers.mw | MarketWatchParser result: 50 constituents
2026-05-05 22:45:51 | INFO     | pipeline.parsers.mw | MarketWatchParser: MW-NIFTY-ALPHA-50-27-Mar-2026.csv
2026-05-05 22:45:51 | INFO     | pipeline.parsers.mw | Index name: NIFTY ALPHA 50
2026-05-05 22:45:51 | INFO     | pipeline.parsers.mw | MarketWatchParser result: 50 constituents
2026-05-05 22:45:51 | INFO     | pipeline.parsers.mw | MarketWatchParser: MW-NIFTY-ALPHA-50-29-Apr-2026.csv
2026-05-05 22:45:51 | INFO     | pipeline.parsers.mw | Index name: NIFTY ALPHA 50
2026-05-05 22:45:51 | INFO     | pipeline.parsers.mw | MarketWatchParser result: 50 constituents
2026-05-05 22:45:51 | INFO     | pipeline.parsers.mw | MarketWatchParser: MW-NIFTY-ALPHA-50-30-Mar-2026.csv
2026-05-05 22:45:51 | INFO     | pipeline.parsers.mw | Index name: NIFTY ALPHA 50
2026-05-05 22:45:51 | INFO     | pipeline.parsers.mw | MarketWatchParser result: 50 constituents
2026-05-05 22:45:51 | INFO     | pipeline.parsers.mw | MarketWatchParser: MW-NIFTY-HIGH-BETA-50-03-Apr-2026.csv
2026-05-05 22:45:51 | INFO     | pipeline.parsers.mw | Index name: NIFTY HIGH BETA 50
2026-05-05 22:45:51 | INFO     | pipeline.parsers.mw | MarketWatchParser result: 50 constituents
2026-05-05 22:45:51 | INFO     | pipeline.parsers.mw | MarketWatchParser: MW-NIFTY-HIGH-BETA-50-06-Apr-2026.csv
2026-05-05 22:45:51 | INFO     | pipeline.parsers.mw | Index name: NIFTY HIGH BETA 50
2026-05-05 22:45:51 | INFO     | pipeline.parsers.mw | MarketWatchParser result: 50 constituents
2026-05-05 22:45:51 | INFO     | pipeline.parsers.mw | MarketWatchParser: MW-NIFTY-HIGH-BETA-50-07-Apr-2026.csv
2026-05-05 22:45:51 | INFO     | pipeline.parsers.mw | Index name: NIFTY HIGH BETA 50
2026-05-05 22:45:52 | INFO     | pipeline.parsers.mw | MarketWatchParser result: 50 constituents
2026-05-05 22:45:52 | INFO     | pipeline.parsers.mw | MarketWatchParser: MW-NIFTY-HIGH-BETA-50-08-Apr-2026.csv
2026-05-05 22:45:52 | INFO     | pipeline.parsers.mw | Index name: NIFTY HIGH BETA 50
2026-05-05 22:45:52 | INFO     | pipeline.parsers.mw | MarketWatchParser result: 50 constituents
2026-05-05 22:45:52 | INFO     | pipeline.parsers.mw | MarketWatchParser: MW-NIFTY-HIGH-BETA-50-09-Apr-2026.csv
2026-05-05 22:45:52 | INFO     | pipeline.parsers.mw | Index name: NIFTY HIGH BETA 50
2026-05-05 22:45:52 | INFO     | pipeline.parsers.mw | MarketWatchParser result: 50 constituents
2026-05-05 22:45:52 | INFO     | pipeline.parsers.mw | MarketWatchParser: MW-NIFTY-HIGH-BETA-50-10-Apr-2026.csv
2026-05-05 22:45:52 | INFO     | pipeline.parsers.mw | Index name: NIFTY HIGH BETA 50
2026-05-05 22:45:52 | INFO     | pipeline.parsers.mw | MarketWatchParser result: 50 constituents
2026-05-05 22:45:52 | INFO     | pipeline.parsers.mw | MarketWatchParser: MW-NIFTY-HIGH-BETA-50-14-Apr-2026.csv
2026-05-05 22:45:52 | INFO     | pipeline.parsers.mw | Index name: NIFTY HIGH BETA 50
2026-05-05 22:45:52 | INFO     | pipeline.parsers.mw | MarketWatchParser result: 50 constituents
2026-05-05 22:45:52 | INFO     | pipeline.parsers.mw | MarketWatchParser: MW-NIFTY-HIGH-BETA-50-15-Apr-2026.csv
2026-05-05 22:45:52 | INFO     | pipeline.parsers.mw | Index name: NIFTY HIGH BETA 50
2026-05-05 22:45:52 | INFO     | pipeline.parsers.mw | MarketWatchParser result: 50 constituents
2026-05-05 22:45:52 | INFO     | pipeline.parsers.mw | MarketWatchParser: MW-NIFTY-HIGH-BETA-50-16-Apr-2026.csv
2026-05-05 22:45:52 | INFO     | pipeline.parsers.mw | Index name: NIFTY HIGH BETA 50
2026-05-05 22:45:52 | INFO     | pipeline.parsers.mw | MarketWatchParser result: 50 constituents
2026-05-05 22:45:52 | INFO     | pipeline.parsers.mw | MarketWatchParser: MW-NIFTY-HIGH-BETA-50-17-Apr-2026.csv
2026-05-05 22:45:52 | INFO     | pipeline.parsers.mw | Index name: NIFTY HIGH BETA 50
2026-05-05 22:45:52 | INFO     | pipeline.parsers.mw | MarketWatchParser result: 50 constituents
2026-05-05 22:45:52 | INFO     | pipeline.parsers.mw | MarketWatchParser: MW-NIFTY-HIGH-BETA-50-22-Apr-2026 (1).csv
2026-05-05 22:45:52 | INFO     | pipeline.parsers.mw | Index name: NIFTY HIGH BETA 50 22 Apr 2026 (1)
2026-05-05 22:45:52 | INFO     | pipeline.parsers.mw | MarketWatchParser result: 50 constituents
2026-05-05 22:45:52 | INFO     | pipeline.parsers.mw | MarketWatchParser: MW-NIFTY-HIGH-BETA-50-22-Apr-2026.csv
2026-05-05 22:45:52 | INFO     | pipeline.parsers.mw | Index name: NIFTY HIGH BETA 50
2026-05-05 22:45:52 | INFO     | pipeline.parsers.mw | MarketWatchParser result: 50 constituents
2026-05-05 22:45:52 | INFO     | pipeline.parsers.mw | MarketWatchParser: MW-NIFTY-HIGH-BETA-50-23-Apr-2026.csv
2026-05-05 22:45:52 | INFO     | pipeline.parsers.mw | Index name: NIFTY HIGH BETA 50
2026-05-05 22:45:52 | INFO     | pipeline.parsers.mw | MarketWatchParser result: 50 constituents
2026-05-05 22:45:52 | INFO     | pipeline.parsers.mw | MarketWatchParser: MW-NIFTY-HIGH-BETA-50-24-Apr-2026.csv
2026-05-05 22:45:52 | INFO     | pipeline.parsers.mw | Index name: NIFTY HIGH BETA 50
2026-05-05 22:45:52 | INFO     | pipeline.parsers.mw | MarketWatchParser result: 50 constituents
2026-05-05 22:45:52 | INFO     | pipeline.parsers.mw | MarketWatchParser: MW-NIFTY-HIGH-BETA-50-24-Mar-2026.csv
2026-05-05 22:45:52 | INFO     | pipeline.parsers.mw | Index name: NIFTY HIGH BETA 50
2026-05-05 22:45:52 | INFO     | pipeline.parsers.mw | MarketWatchParser result: 50 constituents
2026-05-05 22:45:52 | INFO     | pipeline.parsers.mw | MarketWatchParser: MW-NIFTY-HIGH-BETA-50-27-Apr-2026 (1).csv
2026-05-05 22:45:52 | INFO     | pipeline.parsers.mw | Index name: NIFTY HIGH BETA 50 27 Apr 2026 (1)
2026-05-05 22:45:52 | INFO     | pipeline.parsers.mw | MarketWatchParser result: 50 constituents
2026-05-05 22:45:53 | INFO     | pipeline.parsers.mw | MarketWatchParser: MW-NIFTY-HIGH-BETA-50-27-Apr-2026.csv
2026-05-05 22:45:53 | INFO     | pipeline.parsers.mw | Index name: NIFTY HIGH BETA 50
2026-05-05 22:45:53 | INFO     | pipeline.parsers.mw | MarketWatchParser result: 50 constituents
2026-05-05 22:45:53 | INFO     | pipeline.parsers.mw | MarketWatchParser: MW-NIFTY-HIGH-BETA-50-27-Mar-2026.csv
2026-05-05 22:45:53 | INFO     | pipeline.parsers.mw | Index name: NIFTY HIGH BETA 50
2026-05-05 22:45:53 | INFO     | pipeline.parsers.mw | MarketWatchParser result: 50 constituents
2026-05-05 22:45:53 | INFO     | pipeline.parsers.mw | MarketWatchParser: MW-NIFTY-HIGH-BETA-50-28-Apr-2026.csv
2026-05-05 22:45:53 | INFO     | pipeline.parsers.mw | Index name: NIFTY HIGH BETA 50
2026-05-05 22:45:53 | INFO     | pipeline.parsers.mw | MarketWatchParser result: 50 constituents
2026-05-05 22:45:53 | INFO     | pipeline.parsers.mw | MarketWatchParser: MW-NIFTY-HIGH-BETA-50-29-Apr-2026.csv
2026-05-05 22:45:53 | INFO     | pipeline.parsers.mw | Index name: NIFTY HIGH BETA 50
2026-05-05 22:45:53 | INFO     | pipeline.parsers.mw | MarketWatchParser result: 50 constituents
2026-05-05 22:45:53 | INFO     | pipeline.parsers.mw | MarketWatchParser: MW-NIFTY-HIGH-BETA-50-30-Mar-2026.csv
2026-05-05 22:45:53 | INFO     | pipeline.parsers.mw | Index name: NIFTY HIGH BETA 50
2026-05-05 22:45:53 | INFO     | pipeline.parsers.mw | MarketWatchParser result: 50 constituents
2026-05-05 22:45:53 | INFO     | pipeline.parsers.mw | MarketWatchParser: MW-NIFTY-LOW-VOLATILITY-50-03-Apr-2026.csv
2026-05-05 22:45:53 | INFO     | pipeline.parsers.mw | Index name: NIFTY LOW VOLATILITY 50
2026-05-05 22:45:53 | INFO     | pipeline.parsers.mw | MarketWatchParser result: 50 constituents
2026-05-05 22:45:53 | INFO     | pipeline.parsers.mw | MarketWatchParser: MW-NIFTY-LOW-VOLATILITY-50-06-Apr-2026.csv
2026-05-05 22:45:53 | INFO     | pipeline.parsers.mw | Index name: NIFTY LOW VOLATILITY 50
2026-05-05 22:45:53 | INFO     | pipeline.parsers.mw | MarketWatchParser result: 50 constituents
2026-05-05 22:45:53 | INFO     | pipeline.parsers.mw | MarketWatchParser: MW-NIFTY-LOW-VOLATILITY-50-07-Apr-2026.csv
2026-05-05 22:45:53 | INFO     | pipeline.parsers.mw | Index name: NIFTY LOW VOLATILITY 50
2026-05-05 22:45:53 | INFO     | pipeline.parsers.mw | MarketWatchParser result: 50 constituents
2026-05-05 22:45:53 | INFO     | pipeline.parsers.mw | MarketWatchParser: MW-NIFTY-LOW-VOLATILITY-50-08-Apr-2026.csv
2026-05-05 22:45:53 | INFO     | pipeline.parsers.mw | Index name: NIFTY LOW VOLATILITY 50
2026-05-05 22:45:53 | INFO     | pipeline.parsers.mw | MarketWatchParser result: 50 constituents
2026-05-05 22:45:53 | INFO     | pipeline.parsers.mw | MarketWatchParser: MW-NIFTY-LOW-VOLATILITY-50-09-Apr-2026.csv
2026-05-05 22:45:53 | INFO     | pipeline.parsers.mw | Index name: NIFTY LOW VOLATILITY 50
2026-05-05 22:45:53 | INFO     | pipeline.parsers.mw | MarketWatchParser result: 50 constituents
2026-05-05 22:45:53 | INFO     | pipeline.parsers.mw | MarketWatchParser: MW-NIFTY-LOW-VOLATILITY-50-10-Apr-2026.csv
2026-05-05 22:45:53 | INFO     | pipeline.parsers.mw | Index name: NIFTY LOW VOLATILITY 50
2026-05-05 22:45:53 | INFO     | pipeline.parsers.mw | MarketWatchParser result: 50 constituents
2026-05-05 22:45:53 | INFO     | pipeline.parsers.mw | MarketWatchParser: MW-NIFTY-LOW-VOLATILITY-50-14-Apr-2026.csv
2026-05-05 22:45:53 | INFO     | pipeline.parsers.mw | Index name: NIFTY LOW VOLATILITY 50
2026-05-05 22:45:53 | INFO     | pipeline.parsers.mw | MarketWatchParser result: 50 constituents
2026-05-05 22:45:53 | INFO     | pipeline.parsers.mw | MarketWatchParser: MW-NIFTY-LOW-VOLATILITY-50-15-Apr-2026.csv
2026-05-05 22:45:53 | INFO     | pipeline.parsers.mw | Index name: NIFTY LOW VOLATILITY 50
2026-05-05 22:45:53 | INFO     | pipeline.parsers.mw | MarketWatchParser result: 50 constituents
2026-05-05 22:45:53 | INFO     | pipeline.parsers.mw | MarketWatchParser: MW-NIFTY-LOW-VOLATILITY-50-16-Apr-2026.csv
2026-05-05 22:45:53 | INFO     | pipeline.parsers.mw | Index name: NIFTY LOW VOLATILITY 50
2026-05-05 22:45:53 | INFO     | pipeline.parsers.mw | MarketWatchParser result: 50 constituents
2026-05-05 22:45:53 | INFO     | pipeline.parsers.mw | MarketWatchParser: MW-NIFTY-LOW-VOLATILITY-50-17-Apr-2026.csv
2026-05-05 22:45:53 | INFO     | pipeline.parsers.mw | Index name: NIFTY LOW VOLATILITY 50
2026-05-05 22:45:54 | INFO     | pipeline.parsers.mw | MarketWatchParser result: 50 constituents
2026-05-05 22:45:54 | INFO     | pipeline.parsers.mw | MarketWatchParser: MW-NIFTY-LOW-VOLATILITY-50-22-Apr-2026 (1).csv
2026-05-05 22:45:54 | INFO     | pipeline.parsers.mw | Index name: NIFTY LOW VOLATILITY 50 22 Apr 2026 (1)
2026-05-05 22:45:54 | INFO     | pipeline.parsers.mw | MarketWatchParser result: 50 constituents
2026-05-05 22:45:54 | INFO     | pipeline.parsers.mw | MarketWatchParser: MW-NIFTY-LOW-VOLATILITY-50-22-Apr-2026.csv
2026-05-05 22:45:54 | INFO     | pipeline.parsers.mw | Index name: NIFTY LOW VOLATILITY 50
2026-05-05 22:45:54 | INFO     | pipeline.parsers.mw | MarketWatchParser result: 50 constituents
2026-05-05 22:45:54 | INFO     | pipeline.parsers.mw | MarketWatchParser: MW-NIFTY-LOW-VOLATILITY-50-23-Apr-2026.csv
2026-05-05 22:45:54 | INFO     | pipeline.parsers.mw | Index name: NIFTY LOW VOLATILITY 50
2026-05-05 22:45:54 | INFO     | pipeline.parsers.mw | MarketWatchParser result: 50 constituents
2026-05-05 22:45:54 | INFO     | pipeline.parsers.mw | MarketWatchParser: MW-NIFTY-LOW-VOLATILITY-50-24-Apr-2026.csv
2026-05-05 22:45:54 | INFO     | pipeline.parsers.mw | Index name: NIFTY LOW VOLATILITY 50
2026-05-05 22:45:54 | INFO     | pipeline.parsers.mw | MarketWatchParser result: 50 constituents
2026-05-05 22:45:54 | INFO     | pipeline.parsers.mw | MarketWatchParser: MW-NIFTY-LOW-VOLATILITY-50-24-Mar-2026.csv
2026-05-05 22:45:54 | INFO     | pipeline.parsers.mw | Index name: NIFTY LOW VOLATILITY 50
2026-05-05 22:45:54 | INFO     | pipeline.parsers.mw | MarketWatchParser result: 50 constituents
2026-05-05 22:45:54 | INFO     | pipeline.parsers.mw | MarketWatchParser: MW-NIFTY-LOW-VOLATILITY-50-27-Apr-2026 (1).csv
2026-05-05 22:45:54 | INFO     | pipeline.parsers.mw | Index name: NIFTY LOW VOLATILITY 50 27 Apr 2026 (1)
2026-05-05 22:45:54 | INFO     | pipeline.parsers.mw | MarketWatchParser result: 50 constituents
2026-05-05 22:45:54 | INFO     | pipeline.parsers.mw | MarketWatchParser: MW-NIFTY-LOW-VOLATILITY-50-27-Apr-2026.csv
2026-05-05 22:45:54 | INFO     | pipeline.parsers.mw | Index name: NIFTY LOW VOLATILITY 50
2026-05-05 22:45:54 | INFO     | pipeline.parsers.mw | MarketWatchParser result: 50 constituents
2026-05-05 22:45:54 | INFO     | pipeline.parsers.mw | MarketWatchParser: MW-NIFTY-LOW-VOLATILITY-50-27-Mar-2026.csv
2026-05-05 22:45:54 | INFO     | pipeline.parsers.mw | Index name: NIFTY LOW VOLATILITY 50
2026-05-05 22:45:54 | INFO     | pipeline.parsers.mw | MarketWatchParser result: 50 constituents
2026-05-05 22:45:54 | INFO     | pipeline.parsers.mw | MarketWatchParser: MW-NIFTY-LOW-VOLATILITY-50-29-Apr-2026.csv
2026-05-05 22:45:54 | INFO     | pipeline.parsers.mw | Index name: NIFTY LOW VOLATILITY 50
2026-05-05 22:45:54 | INFO     | pipeline.parsers.mw | MarketWatchParser result: 50 constituents
2026-05-05 22:45:54 | INFO     | pipeline.parsers.mw | MarketWatchParser: MW-NIFTY-LOW-VOLATILITY-50-30-Mar-2026.csv
2026-05-05 22:45:54 | INFO     | pipeline.parsers.mw | Index name: NIFTY LOW VOLATILITY 50
2026-05-05 22:45:54 | INFO     | pipeline.parsers.mw | MarketWatchParser result: 50 constituents
2026-05-05 22:45:54 | INFO     | pipeline.parsers.mw | MarketWatchParser: MW-NIFTY-MIDCAP150-MOMENTUM-50-03-Apr-2026.csv
2026-05-05 22:45:54 | INFO     | pipeline.parsers.mw | Index name: NIFTY MIDCAP150 MOMENTUM 50
2026-05-05 22:45:54 | INFO     | pipeline.parsers.mw | MarketWatchParser result: 50 constituents
2026-05-05 22:45:54 | INFO     | pipeline.parsers.mw | MarketWatchParser: MW-NIFTY-MIDCAP150-MOMENTUM-50-06-Apr-2026.csv
2026-05-05 22:45:54 | INFO     | pipeline.parsers.mw | Index name: NIFTY MIDCAP150 MOMENTUM 50
2026-05-05 22:45:54 | INFO     | pipeline.parsers.mw | MarketWatchParser result: 50 constituents
2026-05-05 22:45:54 | INFO     | pipeline.parsers.mw | MarketWatchParser: MW-NIFTY-MIDCAP150-MOMENTUM-50-07-Apr-2026.csv
2026-05-05 22:45:54 | INFO     | pipeline.parsers.mw | Index name: NIFTY MIDCAP150 MOMENTUM 50
2026-05-05 22:45:54 | INFO     | pipeline.parsers.mw | MarketWatchParser result: 50 constituents
2026-05-05 22:45:54 | INFO     | pipeline.parsers.mw | MarketWatchParser: MW-NIFTY-MIDCAP150-MOMENTUM-50-08-Apr-2026.csv
2026-05-05 22:45:54 | INFO     | pipeline.parsers.mw | Index name: NIFTY MIDCAP150 MOMENTUM 50
2026-05-05 22:45:54 | INFO     | pipeline.parsers.mw | MarketWatchParser result: 50 constituents
2026-05-05 22:45:54 | INFO     | pipeline.parsers.mw | MarketWatchParser: MW-NIFTY-MIDCAP150-MOMENTUM-50-09-Apr-2026.csv
2026-05-05 22:45:54 | INFO     | pipeline.parsers.mw | Index name: NIFTY MIDCAP150 MOMENTUM 50
2026-05-05 22:45:55 | INFO     | pipeline.parsers.mw | MarketWatchParser result: 50 constituents
2026-05-05 22:45:55 | INFO     | pipeline.parsers.mw | MarketWatchParser: MW-NIFTY-MIDCAP150-MOMENTUM-50-10-Apr-2026.csv
2026-05-05 22:45:55 | INFO     | pipeline.parsers.mw | Index name: NIFTY MIDCAP150 MOMENTUM 50
2026-05-05 22:45:55 | INFO     | pipeline.parsers.mw | MarketWatchParser result: 50 constituents
2026-05-05 22:45:55 | INFO     | pipeline.parsers.mw | MarketWatchParser: MW-NIFTY-MIDCAP150-MOMENTUM-50-14-Apr-2026.csv
2026-05-05 22:45:55 | INFO     | pipeline.parsers.mw | Index name: NIFTY MIDCAP150 MOMENTUM 50
2026-05-05 22:45:55 | INFO     | pipeline.parsers.mw | MarketWatchParser result: 50 constituents
2026-05-05 22:45:55 | INFO     | pipeline.parsers.mw | MarketWatchParser: MW-NIFTY-MIDCAP150-MOMENTUM-50-15-Apr-2026.csv
2026-05-05 22:45:55 | INFO     | pipeline.parsers.mw | Index name: NIFTY MIDCAP150 MOMENTUM 50
2026-05-05 22:45:55 | INFO     | pipeline.parsers.mw | MarketWatchParser result: 50 constituents
2026-05-05 22:45:55 | INFO     | pipeline.parsers.mw | MarketWatchParser: MW-NIFTY-MIDCAP150-MOMENTUM-50-16-Apr-2026.csv
2026-05-05 22:45:55 | INFO     | pipeline.parsers.mw | Index name: NIFTY MIDCAP150 MOMENTUM 50
2026-05-05 22:45:55 | INFO     | pipeline.parsers.mw | MarketWatchParser result: 50 constituents
2026-05-05 22:45:55 | INFO     | pipeline.parsers.mw | MarketWatchParser: MW-NIFTY-MIDCAP150-MOMENTUM-50-17-Apr-2026.csv
2026-05-05 22:45:55 | INFO     | pipeline.parsers.mw | Index name: NIFTY MIDCAP150 MOMENTUM 50
2026-05-05 22:45:55 | INFO     | pipeline.parsers.mw | MarketWatchParser result: 50 constituents
2026-05-05 22:45:55 | INFO     | pipeline.parsers.mw | MarketWatchParser: MW-NIFTY-MIDCAP150-MOMENTUM-50-17-Mar-2026.csv
2026-05-05 22:45:55 | INFO     | pipeline.parsers.mw | Index name: NIFTY MIDCAP150 MOMENTUM 50
2026-05-05 22:45:55 | INFO     | pipeline.parsers.mw | MarketWatchParser result: 50 constituents
2026-05-05 22:45:55 | INFO     | pipeline.parsers.mw | MarketWatchParser: MW-NIFTY-MIDCAP150-MOMENTUM-50-18-Mar-2026.csv
2026-05-05 22:45:55 | INFO     | pipeline.parsers.mw | Index name: NIFTY MIDCAP150 MOMENTUM 50
2026-05-05 22:45:55 | INFO     | pipeline.parsers.mw | MarketWatchParser result: 50 constituents
2026-05-05 22:45:55 | INFO     | pipeline.parsers.mw | MarketWatchParser: MW-NIFTY-MIDCAP150-MOMENTUM-50-19-Mar-2026.csv
2026-05-05 22:45:55 | INFO     | pipeline.parsers.mw | Index name: NIFTY MIDCAP150 MOMENTUM 50
2026-05-05 22:45:55 | INFO     | pipeline.parsers.mw | MarketWatchParser result: 50 constituents
2026-05-05 22:45:55 | INFO     | pipeline.parsers.mw | MarketWatchParser: MW-NIFTY-MIDCAP150-MOMENTUM-50-20-Mar-2026.csv
2026-05-05 22:45:55 | INFO     | pipeline.parsers.mw | Index name: NIFTY MIDCAP150 MOMENTUM 50
2026-05-05 22:45:55 | INFO     | pipeline.parsers.mw | MarketWatchParser result: 50 constituents
2026-05-05 22:45:55 | INFO     | pipeline.parsers.mw | MarketWatchParser: MW-NIFTY-MIDCAP150-MOMENTUM-50-22-Apr-2026 (1).csv
2026-05-05 22:45:55 | INFO     | pipeline.parsers.mw | Index name: NIFTY MIDCAP150 MOMENTUM 50 22 Apr 2026 (1)
2026-05-05 22:45:55 | INFO     | pipeline.parsers.mw | MarketWatchParser result: 50 constituents
2026-05-05 22:45:55 | INFO     | pipeline.parsers.mw | MarketWatchParser: MW-NIFTY-MIDCAP150-MOMENTUM-50-22-Apr-2026.csv
2026-05-05 22:45:55 | INFO     | pipeline.parsers.mw | Index name: NIFTY MIDCAP150 MOMENTUM 50
2026-05-05 22:45:55 | INFO     | pipeline.parsers.mw | MarketWatchParser result: 50 constituents
2026-05-05 22:45:55 | INFO     | pipeline.parsers.mw | MarketWatchParser: MW-NIFTY-MIDCAP150-MOMENTUM-50-23-Apr-2026.csv
2026-05-05 22:45:55 | INFO     | pipeline.parsers.mw | Index name: NIFTY MIDCAP150 MOMENTUM 50
2026-05-05 22:45:55 | INFO     | pipeline.parsers.mw | MarketWatchParser result: 50 constituents
2026-05-05 22:45:55 | INFO     | pipeline.parsers.mw | MarketWatchParser: MW-NIFTY-MIDCAP150-MOMENTUM-50-24-Apr-2026.csv
2026-05-05 22:45:55 | INFO     | pipeline.parsers.mw | Index name: NIFTY MIDCAP150 MOMENTUM 50
2026-05-05 22:45:55 | INFO     | pipeline.parsers.mw | MarketWatchParser result: 50 constituents
2026-05-05 22:45:55 | INFO     | pipeline.parsers.mw | MarketWatchParser: MW-NIFTY-MIDCAP150-MOMENTUM-50-24-Mar-2026.csv
2026-05-05 22:45:55 | INFO     | pipeline.parsers.mw | Index name: NIFTY MIDCAP150 MOMENTUM 50
2026-05-05 22:45:55 | INFO     | pipeline.parsers.mw | MarketWatchParser result: 50 constituents
2026-05-05 22:45:55 | INFO     | pipeline.parsers.mw | MarketWatchParser: MW-NIFTY-MIDCAP150-MOMENTUM-50-27-Apr-2026.csv
2026-05-05 22:45:55 | INFO     | pipeline.parsers.mw | Index name: NIFTY MIDCAP150 MOMENTUM 50
2026-05-05 22:45:55 | INFO     | pipeline.parsers.mw | MarketWatchParser result: 50 constituents
2026-05-05 22:45:56 | INFO     | pipeline.parsers.mw | MarketWatchParser: MW-NIFTY-MIDCAP150-MOMENTUM-50-27-Mar-2026.csv
2026-05-05 22:45:56 | INFO     | pipeline.parsers.mw | Index name: NIFTY MIDCAP150 MOMENTUM 50
2026-05-05 22:45:56 | INFO     | pipeline.parsers.mw | MarketWatchParser result: 50 constituents
2026-05-05 22:45:56 | INFO     | pipeline.parsers.mw | MarketWatchParser: MW-NIFTY-MIDCAP150-MOMENTUM-50-28-Apr-2026.csv
2026-05-05 22:45:56 | INFO     | pipeline.parsers.mw | Index name: NIFTY MIDCAP150 MOMENTUM 50
2026-05-05 22:45:56 | INFO     | pipeline.parsers.mw | MarketWatchParser result: 50 constituents
2026-05-05 22:45:56 | INFO     | pipeline.parsers.mw | MarketWatchParser: MW-NIFTY-MIDCAP150-MOMENTUM-50-29-Apr-2026.csv
2026-05-05 22:45:56 | INFO     | pipeline.parsers.mw | Index name: NIFTY MIDCAP150 MOMENTUM 50
2026-05-05 22:45:56 | INFO     | pipeline.parsers.mw | MarketWatchParser result: 50 constituents
2026-05-05 22:45:56 | INFO     | pipeline.parsers.mw | MarketWatchParser: MW-NIFTY-MIDCAP150-MOMENTUM-50-30-Mar-2026.csv
2026-05-05 22:45:56 | INFO     | pipeline.parsers.mw | Index name: NIFTY MIDCAP150 MOMENTUM 50
2026-05-05 22:45:56 | INFO     | pipeline.parsers.mw | MarketWatchParser result: 50 constituents
2026-05-05 22:45:56 | INFO     | pipeline.parsers.mw | MarketWatchParser: MW-NIFTY500-MOMENTUM-50-03-Apr-2026.csv
2026-05-05 22:45:56 | INFO     | pipeline.parsers.mw | Index name: NIFTY500 MOMENTUM 50
2026-05-05 22:45:56 | INFO     | pipeline.parsers.mw | MarketWatchParser result: 50 constituents
2026-05-05 22:45:56 | INFO     | pipeline.parsers.mw | MarketWatchParser: MW-NIFTY500-MOMENTUM-50-06-Apr-2026.csv
2026-05-05 22:45:56 | INFO     | pipeline.parsers.mw | Index name: NIFTY500 MOMENTUM 50
2026-05-05 22:45:56 | INFO     | pipeline.parsers.mw | MarketWatchParser result: 50 constituents
2026-05-05 22:45:56 | INFO     | pipeline.parsers.mw | MarketWatchParser: MW-NIFTY500-MOMENTUM-50-07-Apr-2026.csv
2026-05-05 22:45:56 | INFO     | pipeline.parsers.mw | Index name: NIFTY500 MOMENTUM 50
2026-05-05 22:45:56 | INFO     | pipeline.parsers.mw | MarketWatchParser result: 50 constituents
2026-05-05 22:45:56 | INFO     | pipeline.parsers.mw | MarketWatchParser: MW-NIFTY500-MOMENTUM-50-08-Apr-2026.csv
2026-05-05 22:45:56 | INFO     | pipeline.parsers.mw | Index name: NIFTY500 MOMENTUM 50
2026-05-05 22:45:56 | INFO     | pipeline.parsers.mw | MarketWatchParser result: 50 constituents
2026-05-05 22:45:56 | INFO     | pipeline.parsers.mw | MarketWatchParser: MW-NIFTY500-MOMENTUM-50-09-Apr-2026.csv
2026-05-05 22:45:56 | INFO     | pipeline.parsers.mw | Index name: NIFTY500 MOMENTUM 50
2026-05-05 22:45:56 | INFO     | pipeline.parsers.mw | MarketWatchParser result: 50 constituents
2026-05-05 22:45:56 | INFO     | pipeline.parsers.mw | MarketWatchParser: MW-NIFTY500-MOMENTUM-50-10-Apr-2026.csv
2026-05-05 22:45:56 | INFO     | pipeline.parsers.mw | Index name: NIFTY500 MOMENTUM 50
2026-05-05 22:45:56 | INFO     | pipeline.parsers.mw | MarketWatchParser result: 50 constituents
2026-05-05 22:45:56 | INFO     | pipeline.parsers.mw | MarketWatchParser: MW-NIFTY500-MOMENTUM-50-14-Apr-2026.csv
2026-05-05 22:45:56 | INFO     | pipeline.parsers.mw | Index name: NIFTY500 MOMENTUM 50
2026-05-05 22:45:56 | INFO     | pipeline.parsers.mw | MarketWatchParser result: 50 constituents
2026-05-05 22:45:56 | INFO     | pipeline.parsers.mw | MarketWatchParser: MW-NIFTY500-MOMENTUM-50-15-Apr-2026.csv
2026-05-05 22:45:56 | INFO     | pipeline.parsers.mw | Index name: NIFTY500 MOMENTUM 50
2026-05-05 22:45:56 | INFO     | pipeline.parsers.mw | MarketWatchParser result: 50 constituents
2026-05-05 22:45:56 | INFO     | pipeline.parsers.mw | MarketWatchParser: MW-NIFTY500-MOMENTUM-50-16-Apr-2026.csv
2026-05-05 22:45:56 | INFO     | pipeline.parsers.mw | Index name: NIFTY500 MOMENTUM 50
2026-05-05 22:45:56 | INFO     | pipeline.parsers.mw | MarketWatchParser result: 50 constituents
2026-05-05 22:45:56 | INFO     | pipeline.parsers.mw | MarketWatchParser: MW-NIFTY500-MOMENTUM-50-17-Apr-2026.csv
2026-05-05 22:45:56 | INFO     | pipeline.parsers.mw | Index name: NIFTY500 MOMENTUM 50
2026-05-05 22:45:56 | INFO     | pipeline.parsers.mw | MarketWatchParser result: 50 constituents
2026-05-05 22:45:56 | INFO     | pipeline.parsers.mw | MarketWatchParser: MW-NIFTY500-MOMENTUM-50-17-Mar-2026.csv
2026-05-05 22:45:56 | INFO     | pipeline.parsers.mw | Index name: NIFTY500 MOMENTUM 50
2026-05-05 22:45:57 | INFO     | pipeline.parsers.mw | MarketWatchParser result: 50 constituents
2026-05-05 22:45:57 | INFO     | pipeline.parsers.mw | MarketWatchParser: MW-NIFTY500-MOMENTUM-50-18-Mar-2026.csv
2026-05-05 22:45:57 | INFO     | pipeline.parsers.mw | Index name: NIFTY500 MOMENTUM 50
2026-05-05 22:45:57 | INFO     | pipeline.parsers.mw | MarketWatchParser result: 50 constituents
2026-05-05 22:45:57 | INFO     | pipeline.parsers.mw | MarketWatchParser: MW-NIFTY500-MOMENTUM-50-19-Mar-2026.csv
2026-05-05 22:45:57 | INFO     | pipeline.parsers.mw | Index name: NIFTY500 MOMENTUM 50
2026-05-05 22:45:57 | INFO     | pipeline.parsers.mw | MarketWatchParser result: 50 constituents
2026-05-05 22:45:57 | INFO     | pipeline.parsers.mw | MarketWatchParser: MW-NIFTY500-MOMENTUM-50-20-Mar-2026.csv
2026-05-05 22:45:57 | INFO     | pipeline.parsers.mw | Index name: NIFTY500 MOMENTUM 50
2026-05-05 22:45:57 | INFO     | pipeline.parsers.mw | MarketWatchParser result: 50 constituents
2026-05-05 22:45:57 | INFO     | pipeline.parsers.mw | MarketWatchParser: MW-NIFTY500-MOMENTUM-50-22-Apr-2026 (1).csv
2026-05-05 22:45:57 | INFO     | pipeline.parsers.mw | Index name: NIFTY500 MOMENTUM 50 22 Apr 2026 (1)
2026-05-05 22:45:57 | INFO     | pipeline.parsers.mw | MarketWatchParser result: 50 constituents
2026-05-05 22:45:57 | INFO     | pipeline.parsers.mw | MarketWatchParser: MW-NIFTY500-MOMENTUM-50-22-Apr-2026.csv
2026-05-05 22:45:57 | INFO     | pipeline.parsers.mw | Index name: NIFTY500 MOMENTUM 50
2026-05-05 22:45:57 | INFO     | pipeline.parsers.mw | MarketWatchParser result: 50 constituents
2026-05-05 22:45:57 | INFO     | pipeline.parsers.mw | MarketWatchParser: MW-NIFTY500-MOMENTUM-50-23-Apr-2026.csv
2026-05-05 22:45:57 | INFO     | pipeline.parsers.mw | Index name: NIFTY500 MOMENTUM 50
2026-05-05 22:45:57 | INFO     | pipeline.parsers.mw | MarketWatchParser result: 50 constituents
2026-05-05 22:45:57 | INFO     | pipeline.parsers.mw | MarketWatchParser: MW-NIFTY500-MOMENTUM-50-24-Apr-2026.csv
2026-05-05 22:45:57 | INFO     | pipeline.parsers.mw | Index name: NIFTY500 MOMENTUM 50
2026-05-05 22:45:57 | INFO     | pipeline.parsers.mw | MarketWatchParser result: 50 constituents
2026-05-05 22:45:57 | INFO     | pipeline.parsers.mw | MarketWatchParser: MW-NIFTY500-MOMENTUM-50-24-Mar-2026.csv
2026-05-05 22:45:57 | INFO     | pipeline.parsers.mw | Index name: NIFTY500 MOMENTUM 50
2026-05-05 22:45:57 | INFO     | pipeline.parsers.mw | MarketWatchParser result: 50 constituents
2026-05-05 22:45:57 | INFO     | pipeline.parsers.mw | MarketWatchParser: MW-NIFTY500-MOMENTUM-50-27-Apr-2026 (1).csv
2026-05-05 22:45:57 | INFO     | pipeline.parsers.mw | Index name: NIFTY500 MOMENTUM 50 27 Apr 2026 (1)
2026-05-05 22:45:57 | INFO     | pipeline.parsers.mw | MarketWatchParser result: 50 constituents
2026-05-05 22:45:57 | INFO     | pipeline.parsers.mw | MarketWatchParser: MW-NIFTY500-MOMENTUM-50-27-Apr-2026.csv
2026-05-05 22:45:57 | INFO     | pipeline.parsers.mw | Index name: NIFTY500 MOMENTUM 50
2026-05-05 22:45:57 | INFO     | pipeline.parsers.mw | MarketWatchParser result: 50 constituents
2026-05-05 22:45:57 | INFO     | pipeline.parsers.mw | MarketWatchParser: MW-NIFTY500-MOMENTUM-50-27-Mar-2026.csv
2026-05-05 22:45:57 | INFO     | pipeline.parsers.mw | Index name: NIFTY500 MOMENTUM 50
2026-05-05 22:45:57 | INFO     | pipeline.parsers.mw | MarketWatchParser result: 50 constituents
2026-05-05 22:45:57 | INFO     | pipeline.parsers.mw | MarketWatchParser: MW-NIFTY500-MOMENTUM-50-28-Apr-2026.csv
2026-05-05 22:45:57 | INFO     | pipeline.parsers.mw | Index name: NIFTY500 MOMENTUM 50
2026-05-05 22:45:57 | INFO     | pipeline.parsers.mw | MarketWatchParser result: 50 constituents
2026-05-05 22:45:57 | INFO     | pipeline.parsers.mw | MarketWatchParser: MW-NIFTY500-MOMENTUM-50-29-Apr-2026.csv
2026-05-05 22:45:57 | INFO     | pipeline.parsers.mw | Index name: NIFTY500 MOMENTUM 50
2026-05-05 22:45:57 | INFO     | pipeline.parsers.mw | MarketWatchParser result: 50 constituents
2026-05-05 22:45:57 | INFO     | pipeline.parsers.mw | MarketWatchParser: MW-NIFTY500-MOMENTUM-50-30-Mar-2026.csv
2026-05-05 22:45:57 | INFO     | pipeline.parsers.mw | Index name: NIFTY500 MOMENTUM 50
2026-05-05 22:45:57 | INFO     | pipeline.parsers.mw | MarketWatchParser result: 50 constituents
2026-05-05 22:45:57 | INFO     | pipeline.parsers.mw | MarketWatchParser: MW-NIFTY500-MULTICAP-MOMENTUM-QUALITY-50-03-Apr-2026.csv
2026-05-05 22:45:57 | INFO     | pipeline.parsers.mw | Index name: NIFTY500 MULTICAP MOMENTUM QUALITY 50
2026-05-05 22:45:57 | INFO     | pipeline.parsers.mw | MarketWatchParser result: 50 constituents
2026-05-05 22:45:57 | INFO     | pipeline.parsers.mw | MarketWatchParser: MW-NIFTY500-MULTICAP-MOMENTUM-QUALITY-50-06-Apr-2026.csv
2026-05-05 22:45:57 | INFO     | pipeline.parsers.mw | Index name: NIFTY500 MULTICAP MOMENTUM QUALITY 50
2026-05-05 22:45:57 | INFO     | pipeline.parsers.mw | MarketWatchParser result: 50 constituents
2026-05-05 22:45:58 | INFO     | pipeline.parsers.mw | MarketWatchParser: MW-NIFTY500-MULTICAP-MOMENTUM-QUALITY-50-07-Apr-2026.csv
2026-05-05 22:45:58 | INFO     | pipeline.parsers.mw | Index name: NIFTY500 MULTICAP MOMENTUM QUALITY 50
2026-05-05 22:45:58 | INFO     | pipeline.parsers.mw | MarketWatchParser result: 50 constituents
2026-05-05 22:45:58 | INFO     | pipeline.parsers.mw | MarketWatchParser: MW-NIFTY500-MULTICAP-MOMENTUM-QUALITY-50-08-Apr-2026.csv
2026-05-05 22:45:58 | INFO     | pipeline.parsers.mw | Index name: NIFTY500 MULTICAP MOMENTUM QUALITY 50
2026-05-05 22:45:58 | INFO     | pipeline.parsers.mw | MarketWatchParser result: 50 constituents
2026-05-05 22:45:58 | INFO     | pipeline.parsers.mw | MarketWatchParser: MW-NIFTY500-MULTICAP-MOMENTUM-QUALITY-50-09-Apr-2026.csv
2026-05-05 22:45:58 | INFO     | pipeline.parsers.mw | Index name: NIFTY500 MULTICAP MOMENTUM QUALITY 50
2026-05-05 22:45:58 | INFO     | pipeline.parsers.mw | MarketWatchParser result: 50 constituents
2026-05-05 22:45:58 | INFO     | pipeline.parsers.mw | MarketWatchParser: MW-NIFTY500-MULTICAP-MOMENTUM-QUALITY-50-10-Apr-2026.csv
2026-05-05 22:45:58 | INFO     | pipeline.parsers.mw | Index name: NIFTY500 MULTICAP MOMENTUM QUALITY 50
2026-05-05 22:45:58 | INFO     | pipeline.parsers.mw | MarketWatchParser result: 50 constituents
2026-05-05 22:45:58 | INFO     | pipeline.parsers.mw | MarketWatchParser: MW-NIFTY500-MULTICAP-MOMENTUM-QUALITY-50-14-Apr-2026.csv
2026-05-05 22:45:58 | INFO     | pipeline.parsers.mw | Index name: NIFTY500 MULTICAP MOMENTUM QUALITY 50
2026-05-05 22:45:58 | INFO     | pipeline.parsers.mw | MarketWatchParser result: 50 constituents
2026-05-05 22:45:58 | INFO     | pipeline.parsers.mw | MarketWatchParser: MW-NIFTY500-MULTICAP-MOMENTUM-QUALITY-50-15-Apr-2026.csv
2026-05-05 22:45:58 | INFO     | pipeline.parsers.mw | Index name: NIFTY500 MULTICAP MOMENTUM QUALITY 50
2026-05-05 22:45:58 | INFO     | pipeline.parsers.mw | MarketWatchParser result: 50 constituents
2026-05-05 22:45:58 | INFO     | pipeline.parsers.mw | MarketWatchParser: MW-NIFTY500-MULTICAP-MOMENTUM-QUALITY-50-16-Apr-2026.csv
2026-05-05 22:45:58 | INFO     | pipeline.parsers.mw | Index name: NIFTY500 MULTICAP MOMENTUM QUALITY 50
2026-05-05 22:45:58 | INFO     | pipeline.parsers.mw | MarketWatchParser result: 50 constituents
2026-05-05 22:45:58 | INFO     | pipeline.parsers.mw | MarketWatchParser: MW-NIFTY500-MULTICAP-MOMENTUM-QUALITY-50-17-Apr-2026.csv
2026-05-05 22:45:58 | INFO     | pipeline.parsers.mw | Index name: NIFTY500 MULTICAP MOMENTUM QUALITY 50
2026-05-05 22:45:58 | INFO     | pipeline.parsers.mw | MarketWatchParser result: 50 constituents
2026-05-05 22:45:58 | INFO     | pipeline.parsers.mw | MarketWatchParser: MW-NIFTY500-MULTICAP-MOMENTUM-QUALITY-50-17-Mar-2026.csv
2026-05-05 22:45:58 | INFO     | pipeline.parsers.mw | Index name: NIFTY500 MULTICAP MOMENTUM QUALITY 50
2026-05-05 22:45:58 | INFO     | pipeline.parsers.mw | MarketWatchParser result: 50 constituents
2026-05-05 22:45:58 | INFO     | pipeline.parsers.mw | MarketWatchParser: MW-NIFTY500-MULTICAP-MOMENTUM-QUALITY-50-18-Mar-2026.csv
2026-05-05 22:45:58 | INFO     | pipeline.parsers.mw | Index name: NIFTY500 MULTICAP MOMENTUM QUALITY 50
2026-05-05 22:45:58 | INFO     | pipeline.parsers.mw | MarketWatchParser result: 50 constituents
2026-05-05 22:45:58 | INFO     | pipeline.parsers.mw | MarketWatchParser: MW-NIFTY500-MULTICAP-MOMENTUM-QUALITY-50-19-Mar-2026.csv
2026-05-05 22:45:58 | INFO     | pipeline.parsers.mw | Index name: NIFTY500 MULTICAP MOMENTUM QUALITY 50
2026-05-05 22:45:58 | INFO     | pipeline.parsers.mw | MarketWatchParser result: 50 constituents
2026-05-05 22:45:58 | INFO     | pipeline.parsers.mw | MarketWatchParser: MW-NIFTY500-MULTICAP-MOMENTUM-QUALITY-50-20-Mar-2026.csv
2026-05-05 22:45:58 | INFO     | pipeline.parsers.mw | Index name: NIFTY500 MULTICAP MOMENTUM QUALITY 50
2026-05-05 22:45:58 | INFO     | pipeline.parsers.mw | MarketWatchParser result: 50 constituents
2026-05-05 22:45:58 | INFO     | pipeline.parsers.mw | MarketWatchParser: MW-NIFTY500-MULTICAP-MOMENTUM-QUALITY-50-22-Apr-2026 (1).csv
2026-05-05 22:45:58 | INFO     | pipeline.parsers.mw | Index name: NIFTY500 MULTICAP MOMENTUM QUALITY 50 22 Apr 2026 (1)
2026-05-05 22:45:58 | INFO     | pipeline.parsers.mw | MarketWatchParser result: 50 constituents
2026-05-05 22:45:58 | INFO     | pipeline.parsers.mw | MarketWatchParser: MW-NIFTY500-MULTICAP-MOMENTUM-QUALITY-50-22-Apr-2026.csv
2026-05-05 22:45:58 | INFO     | pipeline.parsers.mw | Index name: NIFTY500 MULTICAP MOMENTUM QUALITY 50
2026-05-05 22:45:58 | INFO     | pipeline.parsers.mw | MarketWatchParser result: 50 constituents
2026-05-05 22:45:58 | INFO     | pipeline.parsers.mw | MarketWatchParser: MW-NIFTY500-MULTICAP-MOMENTUM-QUALITY-50-23-Apr-2026.csv
2026-05-05 22:45:58 | INFO     | pipeline.parsers.mw | Index name: NIFTY500 MULTICAP MOMENTUM QUALITY 50
2026-05-05 22:45:58 | INFO     | pipeline.parsers.mw | MarketWatchParser result: 50 constituents
2026-05-05 22:45:58 | INFO     | pipeline.parsers.mw | MarketWatchParser: MW-NIFTY500-MULTICAP-MOMENTUM-QUALITY-50-24-Apr-2026.csv
2026-05-05 22:45:58 | INFO     | pipeline.parsers.mw | Index name: NIFTY500 MULTICAP MOMENTUM QUALITY 50
2026-05-05 22:45:58 | INFO     | pipeline.parsers.mw | MarketWatchParser result: 50 constituents
2026-05-05 22:45:58 | INFO     | pipeline.parsers.mw | MarketWatchParser: MW-NIFTY500-MULTICAP-MOMENTUM-QUALITY-50-24-Mar-2026.csv
2026-05-05 22:45:58 | INFO     | pipeline.parsers.mw | Index name: NIFTY500 MULTICAP MOMENTUM QUALITY 50
2026-05-05 22:45:59 | INFO     | pipeline.parsers.mw | MarketWatchParser result: 50 constituents
2026-05-05 22:45:59 | INFO     | pipeline.parsers.mw | MarketWatchParser: MW-NIFTY500-MULTICAP-MOMENTUM-QUALITY-50-27-Apr-2026.csv
2026-05-05 22:45:59 | INFO     | pipeline.parsers.mw | Index name: NIFTY500 MULTICAP MOMENTUM QUALITY 50
2026-05-05 22:45:59 | INFO     | pipeline.parsers.mw | MarketWatchParser result: 50 constituents
2026-05-05 22:45:59 | INFO     | pipeline.parsers.mw | MarketWatchParser: MW-NIFTY500-MULTICAP-MOMENTUM-QUALITY-50-27-Mar-2026.csv
2026-05-05 22:45:59 | INFO     | pipeline.parsers.mw | Index name: NIFTY500 MULTICAP MOMENTUM QUALITY 50
2026-05-05 22:45:59 | INFO     | pipeline.parsers.mw | MarketWatchParser result: 50 constituents
2026-05-05 22:45:59 | INFO     | pipeline.parsers.mw | MarketWatchParser: MW-NIFTY500-MULTICAP-MOMENTUM-QUALITY-50-29-Apr-2026.csv
2026-05-05 22:45:59 | INFO     | pipeline.parsers.mw | Index name: NIFTY500 MULTICAP MOMENTUM QUALITY 50
2026-05-05 22:45:59 | INFO     | pipeline.parsers.mw | MarketWatchParser result: 50 constituents
2026-05-05 22:45:59 | INFO     | pipeline.parsers.mw | MarketWatchParser: MW-NIFTY500-MULTICAP-MOMENTUM-QUALITY-50-30-Mar-2026.csv
2026-05-05 22:45:59 | INFO     | pipeline.parsers.mw | Index name: NIFTY500 MULTICAP MOMENTUM QUALITY 50
2026-05-05 22:45:59 | INFO     | pipeline.parsers.mw | MarketWatchParser result: 50 constituents
2026-05-05 22:45:59 | INFO     | pipeline.parsers.mw | MarketWatchParser: MW-NIFTY500-MULTIFACTOR-MQVLV-50-03-Apr-2026.csv
2026-05-05 22:45:59 | INFO     | pipeline.parsers.mw | Index name: NIFTY500 MULTIFACTOR MQVLV 50
2026-05-05 22:45:59 | INFO     | pipeline.parsers.mw | MarketWatchParser result: 50 constituents
2026-05-05 22:45:59 | INFO     | pipeline.parsers.mw | MarketWatchParser: MW-NIFTY500-MULTIFACTOR-MQVLV-50-06-Apr-2026.csv
2026-05-05 22:45:59 | INFO     | pipeline.parsers.mw | Index name: NIFTY500 MULTIFACTOR MQVLV 50
2026-05-05 22:45:59 | INFO     | pipeline.parsers.mw | MarketWatchParser result: 50 constituents
2026-05-05 22:45:59 | INFO     | pipeline.parsers.mw | MarketWatchParser: MW-NIFTY500-MULTIFACTOR-MQVLV-50-07-Apr-2026.csv
2026-05-05 22:45:59 | INFO     | pipeline.parsers.mw | Index name: NIFTY500 MULTIFACTOR MQVLV 50
2026-05-05 22:45:59 | INFO     | pipeline.parsers.mw | MarketWatchParser result: 50 constituents
2026-05-05 22:45:59 | INFO     | pipeline.parsers.mw | MarketWatchParser: MW-NIFTY500-MULTIFACTOR-MQVLV-50-08-Apr-2026.csv
2026-05-05 22:45:59 | INFO     | pipeline.parsers.mw | Index name: NIFTY500 MULTIFACTOR MQVLV 50
2026-05-05 22:45:59 | INFO     | pipeline.parsers.mw | MarketWatchParser result: 50 constituents
2026-05-05 22:45:59 | INFO     | pipeline.parsers.mw | MarketWatchParser: MW-NIFTY500-MULTIFACTOR-MQVLV-50-09-Apr-2026.csv
2026-05-05 22:45:59 | INFO     | pipeline.parsers.mw | Index name: NIFTY500 MULTIFACTOR MQVLV 50
2026-05-05 22:45:59 | INFO     | pipeline.parsers.mw | MarketWatchParser result: 50 constituents
2026-05-05 22:45:59 | INFO     | pipeline.parsers.mw | MarketWatchParser: MW-NIFTY500-MULTIFACTOR-MQVLV-50-10-Apr-2026.csv
2026-05-05 22:45:59 | INFO     | pipeline.parsers.mw | Index name: NIFTY500 MULTIFACTOR MQVLV 50
2026-05-05 22:45:59 | INFO     | pipeline.parsers.mw | MarketWatchParser result: 50 constituents
2026-05-05 22:45:59 | INFO     | pipeline.parsers.mw | MarketWatchParser: MW-NIFTY500-MULTIFACTOR-MQVLV-50-14-Apr-2026.csv
2026-05-05 22:45:59 | INFO     | pipeline.parsers.mw | Index name: NIFTY500 MULTIFACTOR MQVLV 50
2026-05-05 22:45:59 | INFO     | pipeline.parsers.mw | MarketWatchParser result: 50 constituents
2026-05-05 22:45:59 | INFO     | pipeline.parsers.mw | MarketWatchParser: MW-NIFTY500-MULTIFACTOR-MQVLV-50-15-Apr-2026.csv
2026-05-05 22:45:59 | INFO     | pipeline.parsers.mw | Index name: NIFTY500 MULTIFACTOR MQVLV 50
2026-05-05 22:45:59 | INFO     | pipeline.parsers.mw | MarketWatchParser result: 50 constituents
2026-05-05 22:45:59 | INFO     | pipeline.parsers.mw | MarketWatchParser: MW-NIFTY500-MULTIFACTOR-MQVLV-50-16-Apr-2026.csv
2026-05-05 22:45:59 | INFO     | pipeline.parsers.mw | Index name: NIFTY500 MULTIFACTOR MQVLV 50
2026-05-05 22:46:00 | INFO     | pipeline.parsers.mw | MarketWatchParser result: 50 constituents
2026-05-05 22:46:00 | INFO     | pipeline.parsers.mw | MarketWatchParser: MW-NIFTY500-MULTIFACTOR-MQVLV-50-17-Apr-2026.csv
2026-05-05 22:46:00 | INFO     | pipeline.parsers.mw | Index name: NIFTY500 MULTIFACTOR MQVLV 50
2026-05-05 22:46:00 | INFO     | pipeline.parsers.mw | MarketWatchParser result: 50 constituents
2026-05-05 22:46:00 | INFO     | pipeline.parsers.mw | MarketWatchParser: MW-NIFTY500-MULTIFACTOR-MQVLV-50-22-Apr-2026 (1).csv
2026-05-05 22:46:00 | INFO     | pipeline.parsers.mw | Index name: NIFTY500 MULTIFACTOR MQVLV 50 22 Apr 2026 (1)
2026-05-05 22:46:00 | INFO     | pipeline.parsers.mw | MarketWatchParser result: 50 constituents
2026-05-05 22:46:00 | INFO     | pipeline.parsers.mw | MarketWatchParser: MW-NIFTY500-MULTIFACTOR-MQVLV-50-22-Apr-2026.csv
2026-05-05 22:46:00 | INFO     | pipeline.parsers.mw | Index name: NIFTY500 MULTIFACTOR MQVLV 50
2026-05-05 22:46:00 | INFO     | pipeline.parsers.mw | MarketWatchParser result: 50 constituents
2026-05-05 22:46:00 | INFO     | pipeline.parsers.mw | MarketWatchParser: MW-NIFTY500-MULTIFACTOR-MQVLV-50-23-Apr-2026.csv
2026-05-05 22:46:00 | INFO     | pipeline.parsers.mw | Index name: NIFTY500 MULTIFACTOR MQVLV 50
2026-05-05 22:46:00 | INFO     | pipeline.parsers.mw | MarketWatchParser result: 50 constituents
2026-05-05 22:46:00 | INFO     | pipeline.parsers.mw | MarketWatchParser: MW-NIFTY500-MULTIFACTOR-MQVLV-50-24-Apr-2026.csv
2026-05-05 22:46:00 | INFO     | pipeline.parsers.mw | Index name: NIFTY500 MULTIFACTOR MQVLV 50
2026-05-05 22:46:00 | INFO     | pipeline.parsers.mw | MarketWatchParser result: 50 constituents
2026-05-05 22:46:00 | INFO     | pipeline.parsers.mw | MarketWatchParser: MW-NIFTY500-MULTIFACTOR-MQVLV-50-24-Mar-2026.csv
2026-05-05 22:46:00 | INFO     | pipeline.parsers.mw | Index name: NIFTY500 MULTIFACTOR MQVLV 50
2026-05-05 22:46:00 | INFO     | pipeline.parsers.mw | MarketWatchParser result: 50 constituents
2026-05-05 22:46:00 | INFO     | pipeline.parsers.mw | MarketWatchParser: MW-NIFTY500-MULTIFACTOR-MQVLV-50-27-Apr-2026 (1).csv
2026-05-05 22:46:00 | INFO     | pipeline.parsers.mw | Index name: NIFTY500 MULTIFACTOR MQVLV 50 27 Apr 2026 (1)
2026-05-05 22:46:00 | INFO     | pipeline.parsers.mw | MarketWatchParser result: 50 constituents
2026-05-05 22:46:00 | INFO     | pipeline.parsers.mw | MarketWatchParser: MW-NIFTY500-MULTIFACTOR-MQVLV-50-27-Apr-2026.csv
2026-05-05 22:46:00 | INFO     | pipeline.parsers.mw | Index name: NIFTY500 MULTIFACTOR MQVLV 50
2026-05-05 22:46:00 | INFO     | pipeline.parsers.mw | MarketWatchParser result: 50 constituents
2026-05-05 22:46:00 | INFO     | pipeline.parsers.mw | MarketWatchParser: MW-NIFTY500-MULTIFACTOR-MQVLV-50-27-Mar-2026.csv
2026-05-05 22:46:00 | INFO     | pipeline.parsers.mw | Index name: NIFTY500 MULTIFACTOR MQVLV 50
2026-05-05 22:46:00 | INFO     | pipeline.parsers.mw | MarketWatchParser result: 50 constituents
2026-05-05 22:46:00 | INFO     | pipeline.parsers.mw | MarketWatchParser: MW-NIFTY500-MULTIFACTOR-MQVLV-50-29-Apr-2026.csv
2026-05-05 22:46:00 | INFO     | pipeline.parsers.mw | Index name: NIFTY500 MULTIFACTOR MQVLV 50
2026-05-05 22:46:00 | INFO     | pipeline.parsers.mw | MarketWatchParser result: 50 constituents
2026-05-05 22:46:00 | INFO     | pipeline.parsers.mw | MarketWatchParser: MW-NIFTY500-MULTIFACTOR-MQVLV-50-30-Mar-2026.csv
2026-05-05 22:46:00 | INFO     | pipeline.parsers.mw | Index name: NIFTY500 MULTIFACTOR MQVLV 50
2026-05-05 22:46:00 | INFO     | pipeline.parsers.mw | MarketWatchParser result: 50 constituents
2026-05-05 22:46:00 | INFO     | pipeline.parsers.mw | MarketWatchParser: MW-NIFTY500-QUALITY-50-03-Apr-2026.csv
2026-05-05 22:46:00 | INFO     | pipeline.parsers.mw | Index name: NIFTY500 QUALITY 50
2026-05-05 22:46:00 | INFO     | pipeline.parsers.mw | MarketWatchParser result: 50 constituents
2026-05-05 22:46:00 | INFO     | pipeline.parsers.mw | MarketWatchParser: MW-NIFTY500-QUALITY-50-06-Apr-2026.csv
2026-05-05 22:46:00 | INFO     | pipeline.parsers.mw | Index name: NIFTY500 QUALITY 50
2026-05-05 22:46:00 | INFO     | pipeline.parsers.mw | MarketWatchParser result: 50 constituents
2026-05-05 22:46:00 | INFO     | pipeline.parsers.mw | MarketWatchParser: MW-NIFTY500-QUALITY-50-07-Apr-2026.csv
2026-05-05 22:46:00 | INFO     | pipeline.parsers.mw | Index name: NIFTY500 QUALITY 50
2026-05-05 22:46:00 | INFO     | pipeline.parsers.mw | MarketWatchParser result: 50 constituents
2026-05-05 22:46:00 | INFO     | pipeline.parsers.mw | MarketWatchParser: MW-NIFTY500-QUALITY-50-08-Apr-2026.csv
2026-05-05 22:46:00 | INFO     | pipeline.parsers.mw | Index name: NIFTY500 QUALITY 50
2026-05-05 22:46:01 | INFO     | pipeline.parsers.mw | MarketWatchParser result: 50 constituents
2026-05-05 22:46:01 | INFO     | pipeline.parsers.mw | MarketWatchParser: MW-NIFTY500-QUALITY-50-09-Apr-2026.csv
2026-05-05 22:46:01 | INFO     | pipeline.parsers.mw | Index name: NIFTY500 QUALITY 50
2026-05-05 22:46:01 | INFO     | pipeline.parsers.mw | MarketWatchParser result: 50 constituents
2026-05-05 22:46:01 | INFO     | pipeline.parsers.mw | MarketWatchParser: MW-NIFTY500-QUALITY-50-10-Apr-2026.csv
2026-05-05 22:46:01 | INFO     | pipeline.parsers.mw | Index name: NIFTY500 QUALITY 50
2026-05-05 22:46:01 | INFO     | pipeline.parsers.mw | MarketWatchParser result: 50 constituents
2026-05-05 22:46:01 | INFO     | pipeline.parsers.mw | MarketWatchParser: MW-NIFTY500-QUALITY-50-14-Apr-2026.csv
2026-05-05 22:46:01 | INFO     | pipeline.parsers.mw | Index name: NIFTY500 QUALITY 50
2026-05-05 22:46:01 | INFO     | pipeline.parsers.mw | MarketWatchParser result: 50 constituents
2026-05-05 22:46:01 | INFO     | pipeline.parsers.mw | MarketWatchParser: MW-NIFTY500-QUALITY-50-15-Apr-2026.csv
2026-05-05 22:46:01 | INFO     | pipeline.parsers.mw | Index name: NIFTY500 QUALITY 50
2026-05-05 22:46:01 | INFO     | pipeline.parsers.mw | MarketWatchParser result: 50 constituents
2026-05-05 22:46:01 | INFO     | pipeline.parsers.mw | MarketWatchParser: MW-NIFTY500-QUALITY-50-16-Apr-2026.csv
2026-05-05 22:46:01 | INFO     | pipeline.parsers.mw | Index name: NIFTY500 QUALITY 50
2026-05-05 22:46:01 | INFO     | pipeline.parsers.mw | MarketWatchParser result: 50 constituents
2026-05-05 22:46:01 | INFO     | pipeline.parsers.mw | MarketWatchParser: MW-NIFTY500-QUALITY-50-17-Apr-2026.csv
2026-05-05 22:46:01 | INFO     | pipeline.parsers.mw | Index name: NIFTY500 QUALITY 50
2026-05-05 22:46:01 | INFO     | pipeline.parsers.mw | MarketWatchParser result: 50 constituents
2026-05-05 22:46:01 | INFO     | pipeline.parsers.mw | MarketWatchParser: MW-NIFTY500-QUALITY-50-22-Apr-2026 (1).csv
2026-05-05 22:46:01 | INFO     | pipeline.parsers.mw | Index name: NIFTY500 QUALITY 50 22 Apr 2026 (1)
2026-05-05 22:46:01 | INFO     | pipeline.parsers.mw | MarketWatchParser result: 50 constituents
2026-05-05 22:46:01 | INFO     | pipeline.parsers.mw | MarketWatchParser: MW-NIFTY500-QUALITY-50-22-Apr-2026 (2).csv
2026-05-05 22:46:01 | INFO     | pipeline.parsers.mw | Index name: NIFTY500 QUALITY 50 22 Apr 2026 (2)
2026-05-05 22:46:01 | INFO     | pipeline.parsers.mw | MarketWatchParser result: 50 constituents
2026-05-05 22:46:01 | INFO     | pipeline.parsers.mw | MarketWatchParser: MW-NIFTY500-QUALITY-50-22-Apr-2026.csv
2026-05-05 22:46:01 | INFO     | pipeline.parsers.mw | Index name: NIFTY500 QUALITY 50
2026-05-05 22:46:01 | INFO     | pipeline.parsers.mw | MarketWatchParser result: 50 constituents
2026-05-05 22:46:01 | INFO     | pipeline.parsers.mw | MarketWatchParser: MW-NIFTY500-QUALITY-50-23-Apr-2026.csv
2026-05-05 22:46:01 | INFO     | pipeline.parsers.mw | Index name: NIFTY500 QUALITY 50
2026-05-05 22:46:01 | INFO     | pipeline.parsers.mw | MarketWatchParser result: 50 constituents
2026-05-05 22:46:01 | INFO     | pipeline.parsers.mw | MarketWatchParser: MW-NIFTY500-QUALITY-50-24-Apr-2026.csv
2026-05-05 22:46:01 | INFO     | pipeline.parsers.mw | Index name: NIFTY500 QUALITY 50
2026-05-05 22:46:01 | INFO     | pipeline.parsers.mw | MarketWatchParser result: 50 constituents
2026-05-05 22:46:01 | INFO     | pipeline.parsers.mw | MarketWatchParser: MW-NIFTY500-QUALITY-50-24-Mar-2026.csv
2026-05-05 22:46:01 | INFO     | pipeline.parsers.mw | Index name: NIFTY500 QUALITY 50
2026-05-05 22:46:01 | INFO     | pipeline.parsers.mw | MarketWatchParser result: 50 constituents
2026-05-05 22:46:01 | INFO     | pipeline.parsers.mw | MarketWatchParser: MW-NIFTY500-QUALITY-50-27-Apr-2026.csv
2026-05-05 22:46:01 | INFO     | pipeline.parsers.mw | Index name: NIFTY500 QUALITY 50
2026-05-05 22:46:01 | INFO     | pipeline.parsers.mw | MarketWatchParser result: 50 constituents
2026-05-05 22:46:01 | INFO     | pipeline.parsers.mw | MarketWatchParser: MW-NIFTY500-QUALITY-50-27-Mar-2026.csv
2026-05-05 22:46:01 | INFO     | pipeline.parsers.mw | Index name: NIFTY500 QUALITY 50
2026-05-05 22:46:01 | INFO     | pipeline.parsers.mw | MarketWatchParser result: 50 constituents
2026-05-05 22:46:01 | INFO     | pipeline.parsers.mw | MarketWatchParser: MW-NIFTY500-QUALITY-50-28-Apr-2026.csv
2026-05-05 22:46:01 | INFO     | pipeline.parsers.mw | Index name: NIFTY500 QUALITY 50
2026-05-05 22:46:01 | INFO     | pipeline.parsers.mw | MarketWatchParser result: 50 constituents
2026-05-05 22:46:01 | INFO     | pipeline.parsers.mw | MarketWatchParser: MW-NIFTY500-QUALITY-50-29-Apr-2026.csv
2026-05-05 22:46:01 | INFO     | pipeline.parsers.mw | Index name: NIFTY500 QUALITY 50
2026-05-05 22:46:01 | INFO     | pipeline.parsers.mw | MarketWatchParser result: 50 constituents
2026-05-05 22:46:02 | INFO     | pipeline.parsers.mw | MarketWatchParser: MW-NIFTY500-QUALITY-50-30-Mar-2026.csv
2026-05-05 22:46:02 | INFO     | pipeline.parsers.mw | Index name: NIFTY500 QUALITY 50
2026-05-05 22:46:02 | INFO     | pipeline.parsers.mw | MarketWatchParser result: 50 constituents
2026-05-05 22:46:02 | INFO     | pipeline.parsers.mw | MarketWatchParser: MW-NIFTY500-VALUE-50-03-Apr-2026.csv
2026-05-05 22:46:02 | INFO     | pipeline.parsers.mw | Index name: NIFTY500 VALUE 50
2026-05-05 22:46:02 | INFO     | pipeline.parsers.mw | MarketWatchParser result: 50 constituents
2026-05-05 22:46:02 | INFO     | pipeline.parsers.mw | MarketWatchParser: MW-NIFTY500-VALUE-50-06-Apr-2026.csv
2026-05-05 22:46:02 | INFO     | pipeline.parsers.mw | Index name: NIFTY500 VALUE 50
2026-05-05 22:46:02 | INFO     | pipeline.parsers.mw | MarketWatchParser result: 50 constituents
2026-05-05 22:46:02 | INFO     | pipeline.parsers.mw | MarketWatchParser: MW-NIFTY500-VALUE-50-07-Apr-2026.csv
2026-05-05 22:46:02 | INFO     | pipeline.parsers.mw | Index name: NIFTY500 VALUE 50
2026-05-05 22:46:02 | INFO     | pipeline.parsers.mw | MarketWatchParser result: 50 constituents
2026-05-05 22:46:02 | INFO     | pipeline.parsers.mw | MarketWatchParser: MW-NIFTY500-VALUE-50-08-Apr-2026.csv
2026-05-05 22:46:02 | INFO     | pipeline.parsers.mw | Index name: NIFTY500 VALUE 50
2026-05-05 22:46:02 | INFO     | pipeline.parsers.mw | MarketWatchParser result: 50 constituents
2026-05-05 22:46:02 | INFO     | pipeline.parsers.mw | MarketWatchParser: MW-NIFTY500-VALUE-50-09-Apr-2026.csv
2026-05-05 22:46:02 | INFO     | pipeline.parsers.mw | Index name: NIFTY500 VALUE 50
2026-05-05 22:46:02 | INFO     | pipeline.parsers.mw | MarketWatchParser result: 50 constituents
2026-05-05 22:46:02 | INFO     | pipeline.parsers.mw | MarketWatchParser: MW-NIFTY500-VALUE-50-10-Apr-2026.csv
2026-05-05 22:46:02 | INFO     | pipeline.parsers.mw | Index name: NIFTY500 VALUE 50
2026-05-05 22:46:02 | INFO     | pipeline.parsers.mw | MarketWatchParser result: 49 constituents
2026-05-05 22:46:02 | INFO     | pipeline.parsers.mw | MarketWatchParser: MW-NIFTY500-VALUE-50-14-Apr-2026.csv
2026-05-05 22:46:02 | INFO     | pipeline.parsers.mw | Index name: NIFTY500 VALUE 50
2026-05-05 22:46:02 | INFO     | pipeline.parsers.mw | MarketWatchParser result: 50 constituents
2026-05-05 22:46:02 | INFO     | pipeline.parsers.mw | MarketWatchParser: MW-NIFTY500-VALUE-50-15-Apr-2026.csv
2026-05-05 22:46:02 | INFO     | pipeline.parsers.mw | Index name: NIFTY500 VALUE 50
2026-05-05 22:46:02 | INFO     | pipeline.parsers.mw | MarketWatchParser result: 49 constituents
2026-05-05 22:46:02 | INFO     | pipeline.parsers.mw | MarketWatchParser: MW-NIFTY500-VALUE-50-16-Apr-2026.csv
2026-05-05 22:46:02 | INFO     | pipeline.parsers.mw | Index name: NIFTY500 VALUE 50
2026-05-05 22:46:02 | INFO     | pipeline.parsers.mw | MarketWatchParser result: 49 constituents
2026-05-05 22:46:02 | INFO     | pipeline.parsers.mw | MarketWatchParser: MW-NIFTY500-VALUE-50-17-Apr-2026.csv
2026-05-05 22:46:02 | INFO     | pipeline.parsers.mw | Index name: NIFTY500 VALUE 50
2026-05-05 22:46:02 | INFO     | pipeline.parsers.mw | MarketWatchParser result: 49 constituents
2026-05-05 22:46:02 | INFO     | pipeline.parsers.mw | MarketWatchParser: MW-NIFTY500-VALUE-50-22-Apr-2026 (1).csv
2026-05-05 22:46:02 | INFO     | pipeline.parsers.mw | Index name: NIFTY500 VALUE 50 22 Apr 2026 (1)
2026-05-05 22:46:02 | INFO     | pipeline.parsers.mw | MarketWatchParser result: 49 constituents
2026-05-05 22:46:02 | INFO     | pipeline.parsers.mw | MarketWatchParser: MW-NIFTY500-VALUE-50-22-Apr-2026.csv
2026-05-05 22:46:02 | INFO     | pipeline.parsers.mw | Index name: NIFTY500 VALUE 50
2026-05-05 22:46:02 | INFO     | pipeline.parsers.mw | MarketWatchParser result: 49 constituents
2026-05-05 22:46:02 | INFO     | pipeline.parsers.mw | MarketWatchParser: MW-NIFTY500-VALUE-50-23-Apr-2026.csv
2026-05-05 22:46:02 | INFO     | pipeline.parsers.mw | Index name: NIFTY500 VALUE 50
2026-05-05 22:46:02 | INFO     | pipeline.parsers.mw | MarketWatchParser result: 49 constituents
2026-05-05 22:46:02 | INFO     | pipeline.parsers.mw | MarketWatchParser: MW-NIFTY500-VALUE-50-24-Apr-2026.csv
2026-05-05 22:46:02 | INFO     | pipeline.parsers.mw | Index name: NIFTY500 VALUE 50
2026-05-05 22:46:02 | INFO     | pipeline.parsers.mw | MarketWatchParser result: 49 constituents
2026-05-05 22:46:02 | INFO     | pipeline.parsers.mw | MarketWatchParser: MW-NIFTY500-VALUE-50-24-Mar-2026.csv
2026-05-05 22:46:02 | INFO     | pipeline.parsers.mw | Index name: NIFTY500 VALUE 50
2026-05-05 22:46:02 | INFO     | pipeline.parsers.mw | MarketWatchParser result: 50 constituents
2026-05-05 22:46:02 | INFO     | pipeline.parsers.mw | MarketWatchParser: MW-NIFTY500-VALUE-50-27-Apr-2026.csv
2026-05-05 22:46:02 | INFO     | pipeline.parsers.mw | Index name: NIFTY500 VALUE 50
2026-05-05 22:46:03 | INFO     | pipeline.parsers.mw | MarketWatchParser result: 50 constituents
2026-05-05 22:46:03 | INFO     | pipeline.parsers.mw | MarketWatchParser: MW-NIFTY500-VALUE-50-27-Mar-2026.csv
2026-05-05 22:46:03 | INFO     | pipeline.parsers.mw | Index name: NIFTY500 VALUE 50
2026-05-05 22:46:03 | INFO     | pipeline.parsers.mw | MarketWatchParser result: 50 constituents
2026-05-05 22:46:03 | INFO     | pipeline.parsers.mw | MarketWatchParser: MW-NIFTY500-VALUE-50-28-Apr-2026.csv
2026-05-05 22:46:03 | INFO     | pipeline.parsers.mw | Index name: NIFTY500 VALUE 50
2026-05-05 22:46:03 | INFO     | pipeline.parsers.mw | MarketWatchParser result: 49 constituents
2026-05-05 22:46:03 | INFO     | pipeline.parsers.mw | MarketWatchParser: MW-NIFTY500-VALUE-50-29-Apr-2026.csv
2026-05-05 22:46:03 | INFO     | pipeline.parsers.mw | Index name: NIFTY500 VALUE 50
2026-05-05 22:46:03 | INFO     | pipeline.parsers.mw | MarketWatchParser result: 49 constituents
2026-05-05 22:46:03 | INFO     | pipeline.parsers.mw | MarketWatchParser: MW-NIFTY500-VALUE-50-30-Mar-2026.csv
2026-05-05 22:46:03 | INFO     | pipeline.parsers.mw | Index name: NIFTY500 VALUE 50
2026-05-05 22:46:03 | INFO     | pipeline.parsers.mw | MarketWatchParser result: 50 constituents
2026-05-05 22:46:03 | INFO     | pipeline.parsers.mw | MarketWatchParser: MW-NIFTY-AUTO-03-Apr-2026.csv
2026-05-05 22:46:03 | INFO     | pipeline.parsers.mw | Index name: NIFTY AUTO
2026-05-05 22:46:03 | INFO     | pipeline.parsers.mw | MarketWatchParser result: 15 constituents
2026-05-05 22:46:03 | INFO     | pipeline.parsers.mw | MarketWatchParser: MW-NIFTY-AUTO-06-Apr-2026.csv
2026-05-05 22:46:03 | INFO     | pipeline.parsers.mw | Index name: NIFTY AUTO
2026-05-05 22:46:03 | INFO     | pipeline.parsers.mw | MarketWatchParser result: 15 constituents
2026-05-05 22:46:03 | INFO     | pipeline.parsers.mw | MarketWatchParser: MW-NIFTY-AUTO-07-Apr-2026.csv
2026-05-05 22:46:03 | INFO     | pipeline.parsers.mw | Index name: NIFTY AUTO
2026-05-05 22:46:03 | INFO     | pipeline.parsers.mw | MarketWatchParser result: 15 constituents
2026-05-05 22:46:03 | INFO     | pipeline.parsers.mw | MarketWatchParser: MW-NIFTY-AUTO-08-Apr-2026.csv
2026-05-05 22:46:03 | INFO     | pipeline.parsers.mw | Index name: NIFTY AUTO
2026-05-05 22:46:03 | INFO     | pipeline.parsers.mw | MarketWatchParser result: 15 constituents
2026-05-05 22:46:03 | INFO     | pipeline.parsers.mw | MarketWatchParser: MW-NIFTY-AUTO-09-Apr-2026.csv
2026-05-05 22:46:03 | INFO     | pipeline.parsers.mw | Index name: NIFTY AUTO
2026-05-05 22:46:03 | INFO     | pipeline.parsers.mw | MarketWatchParser result: 15 constituents
2026-05-05 22:46:03 | INFO     | pipeline.parsers.mw | MarketWatchParser: MW-NIFTY-AUTO-10-Apr-2026.csv
2026-05-05 22:46:03 | INFO     | pipeline.parsers.mw | Index name: NIFTY AUTO
2026-05-05 22:46:03 | INFO     | pipeline.parsers.mw | MarketWatchParser result: 15 constituents
2026-05-05 22:46:03 | INFO     | pipeline.parsers.mw | MarketWatchParser: MW-NIFTY-AUTO-13-Apr-2026.csv
2026-05-05 22:46:03 | INFO     | pipeline.parsers.mw | Index name: NIFTY AUTO
2026-05-05 22:46:03 | INFO     | pipeline.parsers.mw | MarketWatchParser result: 15 constituents
2026-05-05 22:46:03 | INFO     | pipeline.parsers.mw | MarketWatchParser: MW-NIFTY-AUTO-15-Apr-2026.csv
2026-05-05 22:46:03 | INFO     | pipeline.parsers.mw | Index name: NIFTY AUTO
2026-05-05 22:46:03 | INFO     | pipeline.parsers.mw | MarketWatchParser result: 15 constituents
2026-05-05 22:46:03 | INFO     | pipeline.parsers.mw | MarketWatchParser: MW-NIFTY-AUTO-16-Apr-2026.csv
2026-05-05 22:46:03 | INFO     | pipeline.parsers.mw | Index name: NIFTY AUTO
2026-05-05 22:46:03 | INFO     | pipeline.parsers.mw | MarketWatchParser result: 15 constituents
2026-05-05 22:46:03 | INFO     | pipeline.parsers.mw | MarketWatchParser: MW-NIFTY-AUTO-17-Apr-2026.csv
2026-05-05 22:46:03 | INFO     | pipeline.parsers.mw | Index name: NIFTY AUTO
2026-05-05 22:46:03 | INFO     | pipeline.parsers.mw | MarketWatchParser result: 15 constituents
2026-05-05 22:46:03 | INFO     | pipeline.parsers.mw | MarketWatchParser: MW-NIFTY-AUTO-17-Mar-2026.csv
2026-05-05 22:46:03 | INFO     | pipeline.parsers.mw | Index name: NIFTY AUTO
2026-05-05 22:46:03 | INFO     | pipeline.parsers.mw | MarketWatchParser result: 15 constituents
2026-05-05 22:46:03 | INFO     | pipeline.parsers.mw | MarketWatchParser: MW-NIFTY-AUTO-18-Mar-2026.csv
2026-05-05 22:46:03 | INFO     | pipeline.parsers.mw | Index name: NIFTY AUTO
2026-05-05 22:46:03 | INFO     | pipeline.parsers.mw | MarketWatchParser result: 15 constituents
2026-05-05 22:46:03 | INFO     | pipeline.parsers.mw | MarketWatchParser: MW-NIFTY-AUTO-19-Mar-2026.csv
2026-05-05 22:46:03 | INFO     | pipeline.parsers.mw | Index name: NIFTY AUTO
2026-05-05 22:46:03 | INFO     | pipeline.parsers.mw | MarketWatchParser result: 15 constituents
2026-05-05 22:46:04 | INFO     | pipeline.parsers.mw | MarketWatchParser: MW-NIFTY-AUTO-20-Mar-2026.csv
2026-05-05 22:46:04 | INFO     | pipeline.parsers.mw | Index name: NIFTY AUTO
2026-05-05 22:46:04 | INFO     | pipeline.parsers.mw | MarketWatchParser result: 15 constituents
2026-05-05 22:46:04 | INFO     | pipeline.parsers.mw | MarketWatchParser: MW-NIFTY-AUTO-21-Apr-2026.csv
2026-05-05 22:46:04 | INFO     | pipeline.parsers.mw | Index name: NIFTY AUTO
2026-05-05 22:46:04 | INFO     | pipeline.parsers.mw | MarketWatchParser result: 15 constituents
2026-05-05 22:46:04 | INFO     | pipeline.parsers.mw | MarketWatchParser: MW-NIFTY-AUTO-22-Apr-2026.csv
2026-05-05 22:46:04 | INFO     | pipeline.parsers.mw | Index name: NIFTY AUTO
2026-05-05 22:46:04 | INFO     | pipeline.parsers.mw | MarketWatchParser result: 15 constituents
2026-05-05 22:46:04 | INFO     | pipeline.parsers.mw | MarketWatchParser: MW-NIFTY-AUTO-23-Apr-2026.csv
2026-05-05 22:46:04 | INFO     | pipeline.parsers.mw | Index name: NIFTY AUTO
2026-05-05 22:46:04 | INFO     | pipeline.parsers.mw | MarketWatchParser result: 15 constituents
2026-05-05 22:46:04 | INFO     | pipeline.parsers.mw | MarketWatchParser: MW-NIFTY-AUTO-23-Mar-2026.csv
2026-05-05 22:46:04 | INFO     | pipeline.parsers.mw | Index name: NIFTY AUTO
2026-05-05 22:46:04 | INFO     | pipeline.parsers.mw | MarketWatchParser result: 15 constituents
2026-05-05 22:46:04 | INFO     | pipeline.parsers.mw | MarketWatchParser: MW-NIFTY-AUTO-24-Apr-2026.csv
2026-05-05 22:46:04 | INFO     | pipeline.parsers.mw | Index name: NIFTY AUTO
2026-05-05 22:46:04 | INFO     | pipeline.parsers.mw | MarketWatchParser result: 15 constituents
2026-05-05 22:46:04 | INFO     | pipeline.parsers.mw | MarketWatchParser: MW-NIFTY-AUTO-24-Mar-2026.csv
2026-05-05 22:46:04 | INFO     | pipeline.parsers.mw | Index name: NIFTY AUTO
2026-05-05 22:46:04 | INFO     | pipeline.parsers.mw | MarketWatchParser result: 15 constituents
2026-05-05 22:46:04 | INFO     | pipeline.parsers.mw | MarketWatchParser: MW-NIFTY-AUTO-27-Apr-2026.csv
2026-05-05 22:46:04 | INFO     | pipeline.parsers.mw | Index name: NIFTY AUTO
2026-05-05 22:46:04 | INFO     | pipeline.parsers.mw | MarketWatchParser result: 15 constituents
2026-05-05 22:46:04 | INFO     | pipeline.parsers.mw | MarketWatchParser: MW-NIFTY-AUTO-27-Mar-2026.csv
2026-05-05 22:46:04 | INFO     | pipeline.parsers.mw | Index name: NIFTY AUTO
2026-05-05 22:46:04 | INFO     | pipeline.parsers.mw | MarketWatchParser result: 15 constituents
2026-05-05 22:46:04 | INFO     | pipeline.parsers.mw | MarketWatchParser: MW-NIFTY-AUTO-28-Apr-2026.csv
2026-05-05 22:46:04 | INFO     | pipeline.parsers.mw | Index name: NIFTY AUTO
2026-05-05 22:46:04 | INFO     | pipeline.parsers.mw | MarketWatchParser result: 15 constituents
2026-05-05 22:46:04 | INFO     | pipeline.parsers.mw | MarketWatchParser: MW-NIFTY-AUTO-29-Apr-2026.csv
2026-05-05 22:46:04 | INFO     | pipeline.parsers.mw | Index name: NIFTY AUTO
2026-05-05 22:46:04 | INFO     | pipeline.parsers.mw | MarketWatchParser result: 15 constituents
2026-05-05 22:46:04 | INFO     | pipeline.parsers.mw | MarketWatchParser: MW-NIFTY-AUTO-30-Mar-2026.csv
2026-05-05 22:46:04 | INFO     | pipeline.parsers.mw | Index name: NIFTY AUTO
2026-05-05 22:46:04 | INFO     | pipeline.parsers.mw | MarketWatchParser result: 15 constituents
2026-05-05 22:46:04 | INFO     | pipeline.parsers.mw | MarketWatchParser: MW-NIFTY-CHEMICALS-03-Apr-2026.csv
2026-05-05 22:46:04 | INFO     | pipeline.parsers.mw | Index name: NIFTY CHEMICALS
2026-05-05 22:46:04 | INFO     | pipeline.parsers.mw | MarketWatchParser result: 20 constituents
2026-05-05 22:46:04 | INFO     | pipeline.parsers.mw | MarketWatchParser: MW-NIFTY-CHEMICALS-06-Apr-2026.csv
2026-05-05 22:46:04 | INFO     | pipeline.parsers.mw | Index name: NIFTY CHEMICALS
2026-05-05 22:46:04 | INFO     | pipeline.parsers.mw | MarketWatchParser result: 20 constituents
2026-05-05 22:46:04 | INFO     | pipeline.parsers.mw | MarketWatchParser: MW-NIFTY-CHEMICALS-07-Apr-2026.csv
2026-05-05 22:46:04 | INFO     | pipeline.parsers.mw | Index name: NIFTY CHEMICALS
2026-05-05 22:46:04 | INFO     | pipeline.parsers.mw | MarketWatchParser result: 20 constituents
2026-05-05 22:46:04 | INFO     | pipeline.parsers.mw | MarketWatchParser: MW-NIFTY-CHEMICALS-08-Apr-2026.csv
2026-05-05 22:46:04 | INFO     | pipeline.parsers.mw | Index name: NIFTY CHEMICALS
2026-05-05 22:46:04 | INFO     | pipeline.parsers.mw | MarketWatchParser result: 20 constituents
2026-05-05 22:46:04 | INFO     | pipeline.parsers.mw | MarketWatchParser: MW-NIFTY-CHEMICALS-09-Apr-2026.csv
2026-05-05 22:46:04 | INFO     | pipeline.parsers.mw | Index name: NIFTY CHEMICALS
2026-05-05 22:46:04 | INFO     | pipeline.parsers.mw | MarketWatchParser result: 20 constituents
2026-05-05 22:46:05 | INFO     | pipeline.parsers.mw | MarketWatchParser: MW-NIFTY-CHEMICALS-10-Apr-2026.csv
2026-05-05 22:46:05 | INFO     | pipeline.parsers.mw | Index name: NIFTY CHEMICALS
2026-05-05 22:46:05 | INFO     | pipeline.parsers.mw | MarketWatchParser result: 20 constituents
2026-05-05 22:46:05 | INFO     | pipeline.parsers.mw | MarketWatchParser: MW-NIFTY-CHEMICALS-13-Apr-2026.csv
2026-05-05 22:46:05 | INFO     | pipeline.parsers.mw | Index name: NIFTY CHEMICALS
2026-05-05 22:46:05 | INFO     | pipeline.parsers.mw | MarketWatchParser result: 20 constituents
2026-05-05 22:46:05 | INFO     | pipeline.parsers.mw | MarketWatchParser: MW-NIFTY-CHEMICALS-15-Apr-2026.csv
2026-05-05 22:46:05 | INFO     | pipeline.parsers.mw | Index name: NIFTY CHEMICALS
2026-05-05 22:46:05 | INFO     | pipeline.parsers.mw | MarketWatchParser result: 20 constituents
2026-05-05 22:46:05 | INFO     | pipeline.parsers.mw | MarketWatchParser: MW-NIFTY-CHEMICALS-16-Apr-2026.csv
2026-05-05 22:46:05 | INFO     | pipeline.parsers.mw | Index name: NIFTY CHEMICALS
2026-05-05 22:46:05 | INFO     | pipeline.parsers.mw | MarketWatchParser result: 20 constituents
2026-05-05 22:46:05 | INFO     | pipeline.parsers.mw | MarketWatchParser: MW-NIFTY-CHEMICALS-17-Apr-2026.csv
2026-05-05 22:46:05 | INFO     | pipeline.parsers.mw | Index name: NIFTY CHEMICALS
2026-05-05 22:46:05 | INFO     | pipeline.parsers.mw | MarketWatchParser result: 20 constituents
2026-05-05 22:46:05 | INFO     | pipeline.parsers.mw | MarketWatchParser: MW-NIFTY-CHEMICALS-17-Mar-2026.csv
2026-05-05 22:46:05 | INFO     | pipeline.parsers.mw | Index name: NIFTY CHEMICALS
2026-05-05 22:46:05 | INFO     | pipeline.parsers.mw | MarketWatchParser result: 20 constituents
2026-05-05 22:46:05 | INFO     | pipeline.parsers.mw | MarketWatchParser: MW-NIFTY-CHEMICALS-18-Mar-2026.csv
2026-05-05 22:46:05 | INFO     | pipeline.parsers.mw | Index name: NIFTY CHEMICALS
2026-05-05 22:46:05 | INFO     | pipeline.parsers.mw | MarketWatchParser result: 20 constituents
2026-05-05 22:46:05 | INFO     | pipeline.parsers.mw | MarketWatchParser: MW-NIFTY-CHEMICALS-19-Mar-2026.csv
2026-05-05 22:46:05 | INFO     | pipeline.parsers.mw | Index name: NIFTY CHEMICALS
2026-05-05 22:46:05 | INFO     | pipeline.parsers.mw | MarketWatchParser result: 20 constituents
2026-05-05 22:46:05 | INFO     | pipeline.parsers.mw | MarketWatchParser: MW-NIFTY-CHEMICALS-20-Mar-2026.csv
2026-05-05 22:46:05 | INFO     | pipeline.parsers.mw | Index name: NIFTY CHEMICALS
2026-05-05 22:46:05 | INFO     | pipeline.parsers.mw | MarketWatchParser result: 20 constituents
2026-05-05 22:46:05 | INFO     | pipeline.parsers.mw | MarketWatchParser: MW-NIFTY-CHEMICALS-21-Apr-2026.csv
2026-05-05 22:46:05 | INFO     | pipeline.parsers.mw | Index name: NIFTY CHEMICALS
2026-05-05 22:46:05 | INFO     | pipeline.parsers.mw | MarketWatchParser result: 20 constituents
2026-05-05 22:46:05 | INFO     | pipeline.parsers.mw | MarketWatchParser: MW-NIFTY-CHEMICALS-22-Apr-2026.csv
2026-05-05 22:46:05 | INFO     | pipeline.parsers.mw | Index name: NIFTY CHEMICALS
2026-05-05 22:46:05 | INFO     | pipeline.parsers.mw | MarketWatchParser result: 20 constituents
2026-05-05 22:46:05 | INFO     | pipeline.parsers.mw | MarketWatchParser: MW-NIFTY-CHEMICALS-23-Apr-2026.csv
2026-05-05 22:46:05 | INFO     | pipeline.parsers.mw | Index name: NIFTY CHEMICALS
2026-05-05 22:46:05 | INFO     | pipeline.parsers.mw | MarketWatchParser result: 20 constituents
2026-05-05 22:46:05 | INFO     | pipeline.parsers.mw | MarketWatchParser: MW-NIFTY-CHEMICALS-23-Mar-2026.csv
2026-05-05 22:46:05 | INFO     | pipeline.parsers.mw | Index name: NIFTY CHEMICALS
2026-05-05 22:46:05 | INFO     | pipeline.parsers.mw | MarketWatchParser result: 20 constituents
2026-05-05 22:46:05 | INFO     | pipeline.parsers.mw | MarketWatchParser: MW-NIFTY-CHEMICALS-24-Apr-2026.csv
2026-05-05 22:46:05 | INFO     | pipeline.parsers.mw | Index name: NIFTY CHEMICALS
2026-05-05 22:46:05 | INFO     | pipeline.parsers.mw | MarketWatchParser result: 20 constituents
2026-05-05 22:46:05 | INFO     | pipeline.parsers.mw | MarketWatchParser: MW-NIFTY-CHEMICALS-24-Mar-2026.csv
2026-05-05 22:46:05 | INFO     | pipeline.parsers.mw | Index name: NIFTY CHEMICALS
2026-05-05 22:46:06 | INFO     | pipeline.parsers.mw | MarketWatchParser result: 20 constituents
2026-05-05 22:46:06 | INFO     | pipeline.parsers.mw | MarketWatchParser: MW-NIFTY-CHEMICALS-27-Apr-2026.csv
2026-05-05 22:46:06 | INFO     | pipeline.parsers.mw | Index name: NIFTY CHEMICALS
2026-05-05 22:46:06 | INFO     | pipeline.parsers.mw | MarketWatchParser result: 20 constituents
2026-05-05 22:46:06 | INFO     | pipeline.parsers.mw | MarketWatchParser: MW-NIFTY-CHEMICALS-27-Mar-2026.csv
2026-05-05 22:46:06 | INFO     | pipeline.parsers.mw | Index name: NIFTY CHEMICALS
2026-05-05 22:46:06 | INFO     | pipeline.parsers.mw | MarketWatchParser result: 20 constituents
2026-05-05 22:46:06 | INFO     | pipeline.parsers.mw | MarketWatchParser: MW-NIFTY-CHEMICALS-28-Apr-2026.csv
2026-05-05 22:46:06 | INFO     | pipeline.parsers.mw | Index name: NIFTY CHEMICALS
2026-05-05 22:46:06 | INFO     | pipeline.parsers.mw | MarketWatchParser result: 20 constituents
2026-05-05 22:46:06 | INFO     | pipeline.parsers.mw | MarketWatchParser: MW-NIFTY-CHEMICALS-29-Apr-2026.csv
2026-05-05 22:46:06 | INFO     | pipeline.parsers.mw | Index name: NIFTY CHEMICALS
2026-05-05 22:46:06 | INFO     | pipeline.parsers.mw | MarketWatchParser result: 20 constituents
2026-05-05 22:46:06 | INFO     | pipeline.parsers.mw | MarketWatchParser: MW-NIFTY-CHEMICALS-30-Mar-2026.csv
2026-05-05 22:46:06 | INFO     | pipeline.parsers.mw | Index name: NIFTY CHEMICALS
2026-05-05 22:46:06 | INFO     | pipeline.parsers.mw | MarketWatchParser result: 20 constituents
2026-05-05 22:46:06 | INFO     | pipeline.parsers.mw | MarketWatchParser: MW-NIFTY-CONSUMER-DURABLES-03-Apr-2026.csv
2026-05-05 22:46:06 | INFO     | pipeline.parsers.mw | Index name: NIFTY CONSUMER DURABLES
2026-05-05 22:46:06 | INFO     | pipeline.parsers.mw | MarketWatchParser result: 13 constituents
2026-05-05 22:46:06 | INFO     | pipeline.parsers.mw | MarketWatchParser: MW-NIFTY-CONSUMER-DURABLES-06-Apr-2026.csv
2026-05-05 22:46:06 | INFO     | pipeline.parsers.mw | Index name: NIFTY CONSUMER DURABLES
2026-05-05 22:46:06 | INFO     | pipeline.parsers.mw | MarketWatchParser result: 13 constituents
2026-05-05 22:46:06 | INFO     | pipeline.parsers.mw | MarketWatchParser: MW-NIFTY-CONSUMER-DURABLES-07-Apr-2026.csv
2026-05-05 22:46:06 | INFO     | pipeline.parsers.mw | Index name: NIFTY CONSUMER DURABLES
2026-05-05 22:46:06 | INFO     | pipeline.parsers.mw | MarketWatchParser result: 13 constituents
2026-05-05 22:46:06 | INFO     | pipeline.parsers.mw | MarketWatchParser: MW-NIFTY-CONSUMER-DURABLES-08-Apr-2026.csv
2026-05-05 22:46:06 | INFO     | pipeline.parsers.mw | Index name: NIFTY CONSUMER DURABLES
2026-05-05 22:46:06 | INFO     | pipeline.parsers.mw | MarketWatchParser result: 13 constituents
2026-05-05 22:46:06 | INFO     | pipeline.parsers.mw | MarketWatchParser: MW-NIFTY-CONSUMER-DURABLES-09-Apr-2026.csv
2026-05-05 22:46:06 | INFO     | pipeline.parsers.mw | Index name: NIFTY CONSUMER DURABLES
2026-05-05 22:46:06 | INFO     | pipeline.parsers.mw | MarketWatchParser result: 13 constituents
2026-05-05 22:46:06 | INFO     | pipeline.parsers.mw | MarketWatchParser: MW-NIFTY-CONSUMER-DURABLES-10-Apr-2026.csv
2026-05-05 22:46:06 | INFO     | pipeline.parsers.mw | Index name: NIFTY CONSUMER DURABLES
2026-05-05 22:46:06 | INFO     | pipeline.parsers.mw | MarketWatchParser result: 13 constituents
2026-05-05 22:46:06 | INFO     | pipeline.parsers.mw | MarketWatchParser: MW-NIFTY-CONSUMER-DURABLES-13-Apr-2026 (1).csv
2026-05-05 22:46:06 | INFO     | pipeline.parsers.mw | Index name: NIFTY CONSUMER DURABLES 13 Apr 2026 (1)
2026-05-05 22:46:06 | INFO     | pipeline.parsers.mw | MarketWatchParser result: 13 constituents
2026-05-05 22:46:06 | INFO     | pipeline.parsers.mw | MarketWatchParser: MW-NIFTY-CONSUMER-DURABLES-13-Apr-2026.csv
2026-05-05 22:46:06 | INFO     | pipeline.parsers.mw | Index name: NIFTY CONSUMER DURABLES
2026-05-05 22:46:06 | INFO     | pipeline.parsers.mw | MarketWatchParser result: 13 constituents
2026-05-05 22:46:06 | INFO     | pipeline.parsers.mw | MarketWatchParser: MW-NIFTY-CONSUMER-DURABLES-15-Apr-2026.csv
2026-05-05 22:46:06 | INFO     | pipeline.parsers.mw | Index name: NIFTY CONSUMER DURABLES
2026-05-05 22:46:06 | INFO     | pipeline.parsers.mw | MarketWatchParser result: 13 constituents
2026-05-05 22:46:06 | INFO     | pipeline.parsers.mw | MarketWatchParser: MW-NIFTY-CONSUMER-DURABLES-16-Apr-2026.csv
2026-05-05 22:46:06 | INFO     | pipeline.parsers.mw | Index name: NIFTY CONSUMER DURABLES
2026-05-05 22:46:06 | INFO     | pipeline.parsers.mw | MarketWatchParser result: 13 constituents
2026-05-05 22:46:06 | INFO     | pipeline.parsers.mw | MarketWatchParser: MW-NIFTY-CONSUMER-DURABLES-17-Apr-2026.csv
2026-05-05 22:46:06 | INFO     | pipeline.parsers.mw | Index name: NIFTY CONSUMER DURABLES
2026-05-05 22:46:06 | INFO     | pipeline.parsers.mw | MarketWatchParser result: 13 constituents
2026-05-05 22:46:06 | INFO     | pipeline.parsers.mw | MarketWatchParser: MW-NIFTY-CONSUMER-DURABLES-17-Mar-2026.csv
2026-05-05 22:46:06 | INFO     | pipeline.parsers.mw | Index name: NIFTY CONSUMER DURABLES
2026-05-05 22:46:06 | INFO     | pipeline.parsers.mw | MarketWatchParser result: 15 constituents
2026-05-05 22:46:06 | INFO     | pipeline.parsers.mw | MarketWatchParser: MW-NIFTY-CONSUMER-DURABLES-18-Mar-2026.csv
2026-05-05 22:46:06 | INFO     | pipeline.parsers.mw | Index name: NIFTY CONSUMER DURABLES
2026-05-05 22:46:07 | INFO     | pipeline.parsers.mw | MarketWatchParser result: 15 constituents
2026-05-05 22:46:07 | INFO     | pipeline.parsers.mw | MarketWatchParser: MW-NIFTY-CONSUMER-DURABLES-19-Mar-2026.csv
2026-05-05 22:46:07 | INFO     | pipeline.parsers.mw | Index name: NIFTY CONSUMER DURABLES
2026-05-05 22:46:07 | INFO     | pipeline.parsers.mw | MarketWatchParser result: 15 constituents
2026-05-05 22:46:07 | INFO     | pipeline.parsers.mw | MarketWatchParser: MW-NIFTY-CONSUMER-DURABLES-20-Mar-2026.csv
2026-05-05 22:46:07 | INFO     | pipeline.parsers.mw | Index name: NIFTY CONSUMER DURABLES
2026-05-05 22:46:07 | INFO     | pipeline.parsers.mw | MarketWatchParser result: 15 constituents
2026-05-05 22:46:07 | INFO     | pipeline.parsers.mw | MarketWatchParser: MW-NIFTY-CONSUMER-DURABLES-21-Apr-2026.csv
2026-05-05 22:46:07 | INFO     | pipeline.parsers.mw | Index name: NIFTY CONSUMER DURABLES
2026-05-05 22:46:07 | INFO     | pipeline.parsers.mw | MarketWatchParser result: 13 constituents
2026-05-05 22:46:07 | INFO     | pipeline.parsers.mw | MarketWatchParser: MW-NIFTY-CONSUMER-DURABLES-22-Apr-2026.csv
2026-05-05 22:46:07 | INFO     | pipeline.parsers.mw | Index name: NIFTY CONSUMER DURABLES
2026-05-05 22:46:07 | INFO     | pipeline.parsers.mw | MarketWatchParser result: 13 constituents
2026-05-05 22:46:07 | INFO     | pipeline.parsers.mw | MarketWatchParser: MW-NIFTY-CONSUMER-DURABLES-23-Apr-2026.csv
2026-05-05 22:46:07 | INFO     | pipeline.parsers.mw | Index name: NIFTY CONSUMER DURABLES
2026-05-05 22:46:07 | INFO     | pipeline.parsers.mw | MarketWatchParser result: 13 constituents
2026-05-05 22:46:07 | INFO     | pipeline.parsers.mw | MarketWatchParser: MW-NIFTY-CONSUMER-DURABLES-23-Mar-2026.csv
2026-05-05 22:46:07 | INFO     | pipeline.parsers.mw | Index name: NIFTY CONSUMER DURABLES
2026-05-05 22:46:07 | INFO     | pipeline.parsers.mw | MarketWatchParser result: 15 constituents
2026-05-05 22:46:07 | INFO     | pipeline.parsers.mw | MarketWatchParser: MW-NIFTY-CONSUMER-DURABLES-24-Apr-2026.csv
2026-05-05 22:46:07 | INFO     | pipeline.parsers.mw | Index name: NIFTY CONSUMER DURABLES
2026-05-05 22:46:07 | INFO     | pipeline.parsers.mw | MarketWatchParser result: 13 constituents
2026-05-05 22:46:07 | INFO     | pipeline.parsers.mw | MarketWatchParser: MW-NIFTY-CONSUMER-DURABLES-24-Mar-2026.csv
2026-05-05 22:46:07 | INFO     | pipeline.parsers.mw | Index name: NIFTY CONSUMER DURABLES
2026-05-05 22:46:07 | INFO     | pipeline.parsers.mw | MarketWatchParser result: 15 constituents
2026-05-05 22:46:07 | INFO     | pipeline.parsers.mw | MarketWatchParser: MW-NIFTY-CONSUMER-DURABLES-27-Apr-2026.csv
2026-05-05 22:46:07 | INFO     | pipeline.parsers.mw | Index name: NIFTY CONSUMER DURABLES
2026-05-05 22:46:07 | INFO     | pipeline.parsers.mw | MarketWatchParser result: 13 constituents
2026-05-05 22:46:07 | INFO     | pipeline.parsers.mw | MarketWatchParser: MW-NIFTY-CONSUMER-DURABLES-27-Mar-2026.csv
2026-05-05 22:46:07 | INFO     | pipeline.parsers.mw | Index name: NIFTY CONSUMER DURABLES
2026-05-05 22:46:07 | INFO     | pipeline.parsers.mw | MarketWatchParser result: 15 constituents
2026-05-05 22:46:07 | INFO     | pipeline.parsers.mw | MarketWatchParser: MW-NIFTY-CONSUMER-DURABLES-28-Apr-2026.csv
2026-05-05 22:46:07 | INFO     | pipeline.parsers.mw | Index name: NIFTY CONSUMER DURABLES
2026-05-05 22:46:07 | INFO     | pipeline.parsers.mw | MarketWatchParser result: 13 constituents
2026-05-05 22:46:07 | INFO     | pipeline.parsers.mw | MarketWatchParser: MW-NIFTY-CONSUMER-DURABLES-29-Apr-2026.csv
2026-05-05 22:46:07 | INFO     | pipeline.parsers.mw | Index name: NIFTY CONSUMER DURABLES
2026-05-05 22:46:07 | INFO     | pipeline.parsers.mw | MarketWatchParser result: 13 constituents
2026-05-05 22:46:07 | INFO     | pipeline.parsers.mw | MarketWatchParser: MW-NIFTY-CONSUMER-DURABLES-30-Mar-2026.csv
2026-05-05 22:46:07 | INFO     | pipeline.parsers.mw | Index name: NIFTY CONSUMER DURABLES
2026-05-05 22:46:07 | INFO     | pipeline.parsers.mw | MarketWatchParser result: 15 constituents
2026-05-05 22:46:08 | INFO     | pipeline.parsers.mw | MarketWatchParser: MW-NIFTY-FMCG-03-Apr-2026.csv
2026-05-05 22:46:08 | INFO     | pipeline.parsers.mw | Index name: NIFTY FMCG
2026-05-05 22:46:08 | INFO     | pipeline.parsers.mw | MarketWatchParser result: 15 constituents
2026-05-05 22:46:08 | INFO     | pipeline.parsers.mw | MarketWatchParser: MW-NIFTY-FMCG-06-Apr-2026.csv
2026-05-05 22:46:08 | INFO     | pipeline.parsers.mw | Index name: NIFTY FMCG
2026-05-05 22:46:08 | INFO     | pipeline.parsers.mw | MarketWatchParser result: 15 constituents
2026-05-05 22:46:08 | INFO     | pipeline.parsers.mw | MarketWatchParser: MW-NIFTY-FMCG-07-Apr-2026.csv
2026-05-05 22:46:08 | INFO     | pipeline.parsers.mw | Index name: NIFTY FMCG
2026-05-05 22:46:08 | INFO     | pipeline.parsers.mw | MarketWatchParser result: 15 constituents
2026-05-05 22:46:08 | INFO     | pipeline.parsers.mw | MarketWatchParser: MW-NIFTY-FMCG-08-Apr-2026.csv
2026-05-05 22:46:08 | INFO     | pipeline.parsers.mw | Index name: NIFTY FMCG
2026-05-05 22:46:08 | INFO     | pipeline.parsers.mw | MarketWatchParser result: 15 constituents
2026-05-05 22:46:08 | INFO     | pipeline.parsers.mw | MarketWatchParser: MW-NIFTY-FMCG-09-Apr-2026.csv
2026-05-05 22:46:08 | INFO     | pipeline.parsers.mw | Index name: NIFTY FMCG
2026-05-05 22:46:08 | INFO     | pipeline.parsers.mw | MarketWatchParser result: 15 constituents
2026-05-05 22:46:08 | INFO     | pipeline.parsers.mw | MarketWatchParser: MW-NIFTY-FMCG-10-Apr-2026.csv
2026-05-05 22:46:08 | INFO     | pipeline.parsers.mw | Index name: NIFTY FMCG
2026-05-05 22:46:08 | INFO     | pipeline.parsers.mw | MarketWatchParser result: 15 constituents
2026-05-05 22:46:08 | INFO     | pipeline.parsers.mw | MarketWatchParser: MW-NIFTY-FMCG-13-Apr-2026 (1).csv
2026-05-05 22:46:08 | INFO     | pipeline.parsers.mw | Index name: NIFTY FMCG 13 Apr 2026 (1)
2026-05-05 22:46:08 | INFO     | pipeline.parsers.mw | MarketWatchParser result: 15 constituents
2026-05-05 22:46:08 | INFO     | pipeline.parsers.mw | MarketWatchParser: MW-NIFTY-FMCG-13-Apr-2026.csv
2026-05-05 22:46:08 | INFO     | pipeline.parsers.mw | Index name: NIFTY FMCG
2026-05-05 22:46:08 | INFO     | pipeline.parsers.mw | MarketWatchParser result: 15 constituents
2026-05-05 22:46:08 | INFO     | pipeline.parsers.mw | MarketWatchParser: MW-NIFTY-FMCG-15-Apr-2026.csv
2026-05-05 22:46:08 | INFO     | pipeline.parsers.mw | Index name: NIFTY FMCG
2026-05-05 22:46:08 | INFO     | pipeline.parsers.mw | MarketWatchParser result: 15 constituents
2026-05-05 22:46:08 | INFO     | pipeline.parsers.mw | MarketWatchParser: MW-NIFTY-FMCG-16-Apr-2026.csv
2026-05-05 22:46:08 | INFO     | pipeline.parsers.mw | Index name: NIFTY FMCG
2026-05-05 22:46:08 | INFO     | pipeline.parsers.mw | MarketWatchParser result: 15 constituents
2026-05-05 22:46:08 | INFO     | pipeline.parsers.mw | MarketWatchParser: MW-NIFTY-FMCG-17-Apr-2026.csv
2026-05-05 22:46:08 | INFO     | pipeline.parsers.mw | Index name: NIFTY FMCG
2026-05-05 22:46:08 | INFO     | pipeline.parsers.mw | MarketWatchParser result: 15 constituents
2026-05-05 22:46:08 | INFO     | pipeline.parsers.mw | MarketWatchParser: MW-NIFTY-FMCG-17-Mar-2026.csv
2026-05-05 22:46:08 | INFO     | pipeline.parsers.mw | Index name: NIFTY FMCG
2026-05-05 22:46:08 | INFO     | pipeline.parsers.mw | MarketWatchParser result: 15 constituents
2026-05-05 22:46:08 | INFO     | pipeline.parsers.mw | MarketWatchParser: MW-NIFTY-FMCG-18-Mar-2026.csv
2026-05-05 22:46:08 | INFO     | pipeline.parsers.mw | Index name: NIFTY FMCG
2026-05-05 22:46:08 | INFO     | pipeline.parsers.mw | MarketWatchParser result: 15 constituents
2026-05-05 22:46:08 | INFO     | pipeline.parsers.mw | MarketWatchParser: MW-NIFTY-FMCG-19-Mar-2026.csv
2026-05-05 22:46:08 | INFO     | pipeline.parsers.mw | Index name: NIFTY FMCG
2026-05-05 22:46:08 | INFO     | pipeline.parsers.mw | MarketWatchParser result: 15 constituents
2026-05-05 22:46:08 | INFO     | pipeline.parsers.mw | MarketWatchParser: MW-NIFTY-FMCG-20-Mar-2026.csv
2026-05-05 22:46:08 | INFO     | pipeline.parsers.mw | Index name: NIFTY FMCG
2026-05-05 22:46:08 | INFO     | pipeline.parsers.mw | MarketWatchParser result: 15 constituents
2026-05-05 22:46:08 | INFO     | pipeline.parsers.mw | MarketWatchParser: MW-NIFTY-FMCG-21-Apr-2026.csv
2026-05-05 22:46:08 | INFO     | pipeline.parsers.mw | Index name: NIFTY FMCG
2026-05-05 22:46:08 | INFO     | pipeline.parsers.mw | MarketWatchParser result: 15 constituents
2026-05-05 22:46:08 | INFO     | pipeline.parsers.mw | MarketWatchParser: MW-NIFTY-FMCG-22-Apr-2026.csv
2026-05-05 22:46:08 | INFO     | pipeline.parsers.mw | Index name: NIFTY FMCG
2026-05-05 22:46:08 | INFO     | pipeline.parsers.mw | MarketWatchParser result: 15 constituents
2026-05-05 22:46:08 | INFO     | pipeline.parsers.mw | MarketWatchParser: MW-NIFTY-FMCG-23-Apr-2026.csv
2026-05-05 22:46:08 | INFO     | pipeline.parsers.mw | Index name: NIFTY FMCG
2026-05-05 22:46:08 | INFO     | pipeline.parsers.mw | MarketWatchParser result: 15 constituents
2026-05-05 22:46:08 | INFO     | pipeline.parsers.mw | MarketWatchParser: MW-NIFTY-FMCG-23-Mar-2026.csv
2026-05-05 22:46:08 | INFO     | pipeline.parsers.mw | Index name: NIFTY FMCG
2026-05-05 22:46:08 | INFO     | pipeline.parsers.mw | MarketWatchParser result: 15 constituents
2026-05-05 22:46:09 | INFO     | pipeline.parsers.mw | MarketWatchParser: MW-NIFTY-FMCG-24-Apr-2026.csv
2026-05-05 22:46:09 | INFO     | pipeline.parsers.mw | Index name: NIFTY FMCG
2026-05-05 22:46:09 | INFO     | pipeline.parsers.mw | MarketWatchParser result: 15 constituents
2026-05-05 22:46:09 | INFO     | pipeline.parsers.mw | MarketWatchParser: MW-NIFTY-FMCG-24-Mar-2026.csv
2026-05-05 22:46:09 | INFO     | pipeline.parsers.mw | Index name: NIFTY FMCG
2026-05-05 22:46:09 | INFO     | pipeline.parsers.mw | MarketWatchParser result: 15 constituents
2026-05-05 22:46:09 | INFO     | pipeline.parsers.mw | MarketWatchParser: MW-NIFTY-FMCG-27-Apr-2026.csv
2026-05-05 22:46:09 | INFO     | pipeline.parsers.mw | Index name: NIFTY FMCG
2026-05-05 22:46:09 | INFO     | pipeline.parsers.mw | MarketWatchParser result: 15 constituents
2026-05-05 22:46:09 | INFO     | pipeline.parsers.mw | MarketWatchParser: MW-NIFTY-FMCG-27-Mar-2026.csv
2026-05-05 22:46:09 | INFO     | pipeline.parsers.mw | Index name: NIFTY FMCG
2026-05-05 22:46:09 | INFO     | pipeline.parsers.mw | MarketWatchParser result: 15 constituents
2026-05-05 22:46:09 | INFO     | pipeline.parsers.mw | MarketWatchParser: MW-NIFTY-FMCG-28-Apr-2026.csv
2026-05-05 22:46:09 | INFO     | pipeline.parsers.mw | Index name: NIFTY FMCG
2026-05-05 22:46:09 | INFO     | pipeline.parsers.mw | MarketWatchParser result: 15 constituents
2026-05-05 22:46:09 | INFO     | pipeline.parsers.mw | MarketWatchParser: MW-NIFTY-FMCG-29-Apr-2026.csv
2026-05-05 22:46:09 | INFO     | pipeline.parsers.mw | Index name: NIFTY FMCG
2026-05-05 22:46:09 | INFO     | pipeline.parsers.mw | MarketWatchParser result: 15 constituents
2026-05-05 22:46:09 | INFO     | pipeline.parsers.mw | MarketWatchParser: MW-NIFTY-FMCG-30-Mar-2026.csv
2026-05-05 22:46:09 | INFO     | pipeline.parsers.mw | Index name: NIFTY FMCG
2026-05-05 22:46:09 | INFO     | pipeline.parsers.mw | MarketWatchParser result: 15 constituents
2026-05-05 22:46:09 | INFO     | pipeline.parsers.mw | MarketWatchParser: MW-NIFTY-HEALTHCARE-INDEX-03-Apr-2026.csv
2026-05-05 22:46:09 | INFO     | pipeline.parsers.mw | Index name: NIFTY HEALTHCARE INDEX
2026-05-05 22:46:09 | INFO     | pipeline.parsers.mw | MarketWatchParser result: 20 constituents
2026-05-05 22:46:09 | INFO     | pipeline.parsers.mw | MarketWatchParser: MW-NIFTY-HEALTHCARE-INDEX-06-Apr-2026.csv
2026-05-05 22:46:09 | INFO     | pipeline.parsers.mw | Index name: NIFTY HEALTHCARE INDEX
2026-05-05 22:46:09 | INFO     | pipeline.parsers.mw | MarketWatchParser result: 20 constituents
2026-05-05 22:46:09 | INFO     | pipeline.parsers.mw | MarketWatchParser: MW-NIFTY-HEALTHCARE-INDEX-07-Apr-2026.csv
2026-05-05 22:46:09 | INFO     | pipeline.parsers.mw | Index name: NIFTY HEALTHCARE INDEX
2026-05-05 22:46:09 | INFO     | pipeline.parsers.mw | MarketWatchParser result: 20 constituents
2026-05-05 22:46:09 | INFO     | pipeline.parsers.mw | MarketWatchParser: MW-NIFTY-HEALTHCARE-INDEX-08-Apr-2026.csv
2026-05-05 22:46:09 | INFO     | pipeline.parsers.mw | Index name: NIFTY HEALTHCARE INDEX
2026-05-05 22:46:09 | INFO     | pipeline.parsers.mw | MarketWatchParser result: 20 constituents
2026-05-05 22:46:09 | INFO     | pipeline.parsers.mw | MarketWatchParser: MW-NIFTY-HEALTHCARE-INDEX-09-Apr-2026.csv
2026-05-05 22:46:09 | INFO     | pipeline.parsers.mw | Index name: NIFTY HEALTHCARE INDEX
2026-05-05 22:46:09 | INFO     | pipeline.parsers.mw | MarketWatchParser result: 20 constituents
2026-05-05 22:46:09 | INFO     | pipeline.parsers.mw | MarketWatchParser: MW-NIFTY-HEALTHCARE-INDEX-10-Apr-2026.csv
2026-05-05 22:46:09 | INFO     | pipeline.parsers.mw | Index name: NIFTY HEALTHCARE INDEX
2026-05-05 22:46:09 | INFO     | pipeline.parsers.mw | MarketWatchParser result: 20 constituents
2026-05-05 22:46:09 | INFO     | pipeline.parsers.mw | MarketWatchParser: MW-NIFTY-HEALTHCARE-INDEX-13-Apr-2026.csv
2026-05-05 22:46:09 | INFO     | pipeline.parsers.mw | Index name: NIFTY HEALTHCARE INDEX
2026-05-05 22:46:09 | INFO     | pipeline.parsers.mw | MarketWatchParser result: 20 constituents
2026-05-05 22:46:09 | INFO     | pipeline.parsers.mw | MarketWatchParser: MW-NIFTY-HEALTHCARE-INDEX-15-Apr-2026.csv
2026-05-05 22:46:09 | INFO     | pipeline.parsers.mw | Index name: NIFTY HEALTHCARE INDEX
2026-05-05 22:46:09 | INFO     | pipeline.parsers.mw | MarketWatchParser result: 20 constituents
2026-05-05 22:46:09 | INFO     | pipeline.parsers.mw | MarketWatchParser: MW-NIFTY-HEALTHCARE-INDEX-16-Apr-2026.csv
2026-05-05 22:46:09 | INFO     | pipeline.parsers.mw | Index name: NIFTY HEALTHCARE INDEX
2026-05-05 22:46:09 | INFO     | pipeline.parsers.mw | MarketWatchParser result: 20 constituents
2026-05-05 22:46:09 | INFO     | pipeline.parsers.mw | MarketWatchParser: MW-NIFTY-HEALTHCARE-INDEX-17-Apr-2026.csv
2026-05-05 22:46:09 | INFO     | pipeline.parsers.mw | Index name: NIFTY HEALTHCARE INDEX
2026-05-05 22:46:09 | INFO     | pipeline.parsers.mw | MarketWatchParser result: 20 constituents
2026-05-05 22:46:09 | INFO     | pipeline.parsers.mw | MarketWatchParser: MW-NIFTY-HEALTHCARE-INDEX-17-Mar-2026.csv
2026-05-05 22:46:09 | INFO     | pipeline.parsers.mw | Index name: NIFTY HEALTHCARE INDEX
2026-05-05 22:46:10 | INFO     | pipeline.parsers.mw | MarketWatchParser result: 20 constituents
2026-05-05 22:46:10 | INFO     | pipeline.parsers.mw | MarketWatchParser: MW-NIFTY-HEALTHCARE-INDEX-18-Mar-2026.csv
2026-05-05 22:46:10 | INFO     | pipeline.parsers.mw | Index name: NIFTY HEALTHCARE INDEX
2026-05-05 22:46:10 | INFO     | pipeline.parsers.mw | MarketWatchParser result: 20 constituents
2026-05-05 22:46:10 | INFO     | pipeline.parsers.mw | MarketWatchParser: MW-NIFTY-HEALTHCARE-INDEX-19-Mar-2026.csv
2026-05-05 22:46:10 | INFO     | pipeline.parsers.mw | Index name: NIFTY HEALTHCARE INDEX
2026-05-05 22:46:10 | INFO     | pipeline.parsers.mw | MarketWatchParser result: 20 constituents
2026-05-05 22:46:10 | INFO     | pipeline.parsers.mw | MarketWatchParser: MW-NIFTY-HEALTHCARE-INDEX-20-Mar-2026.csv
2026-05-05 22:46:10 | INFO     | pipeline.parsers.mw | Index name: NIFTY HEALTHCARE INDEX
2026-05-05 22:46:10 | INFO     | pipeline.parsers.mw | MarketWatchParser result: 20 constituents
2026-05-05 22:46:10 | INFO     | pipeline.parsers.mw | MarketWatchParser: MW-NIFTY-HEALTHCARE-INDEX-21-Apr-2026.csv
2026-05-05 22:46:10 | INFO     | pipeline.parsers.mw | Index name: NIFTY HEALTHCARE INDEX
2026-05-05 22:46:10 | INFO     | pipeline.parsers.mw | MarketWatchParser result: 20 constituents
2026-05-05 22:46:10 | INFO     | pipeline.parsers.mw | MarketWatchParser: MW-NIFTY-HEALTHCARE-INDEX-22-Apr-2026.csv
2026-05-05 22:46:10 | INFO     | pipeline.parsers.mw | Index name: NIFTY HEALTHCARE INDEX
2026-05-05 22:46:10 | INFO     | pipeline.parsers.mw | MarketWatchParser result: 20 constituents
2026-05-05 22:46:10 | INFO     | pipeline.parsers.mw | MarketWatchParser: MW-NIFTY-HEALTHCARE-INDEX-23-Apr-2026.csv
2026-05-05 22:46:10 | INFO     | pipeline.parsers.mw | Index name: NIFTY HEALTHCARE INDEX
2026-05-05 22:46:10 | INFO     | pipeline.parsers.mw | MarketWatchParser result: 20 constituents
2026-05-05 22:46:10 | INFO     | pipeline.parsers.mw | MarketWatchParser: MW-NIFTY-HEALTHCARE-INDEX-23-Mar-2026.csv
2026-05-05 22:46:10 | INFO     | pipeline.parsers.mw | Index name: NIFTY HEALTHCARE INDEX
2026-05-05 22:46:10 | INFO     | pipeline.parsers.mw | MarketWatchParser result: 20 constituents
2026-05-05 22:46:10 | INFO     | pipeline.parsers.mw | MarketWatchParser: MW-NIFTY-HEALTHCARE-INDEX-24-Apr-2026.csv
2026-05-05 22:46:10 | INFO     | pipeline.parsers.mw | Index name: NIFTY HEALTHCARE INDEX
2026-05-05 22:46:10 | INFO     | pipeline.parsers.mw | MarketWatchParser result: 20 constituents
2026-05-05 22:46:10 | INFO     | pipeline.parsers.mw | MarketWatchParser: MW-NIFTY-HEALTHCARE-INDEX-24-Mar-2026.csv
2026-05-05 22:46:10 | INFO     | pipeline.parsers.mw | Index name: NIFTY HEALTHCARE INDEX
2026-05-05 22:46:10 | INFO     | pipeline.parsers.mw | MarketWatchParser result: 20 constituents
2026-05-05 22:46:10 | INFO     | pipeline.parsers.mw | MarketWatchParser: MW-NIFTY-HEALTHCARE-INDEX-27-Apr-2026.csv
2026-05-05 22:46:10 | INFO     | pipeline.parsers.mw | Index name: NIFTY HEALTHCARE INDEX
2026-05-05 22:46:10 | INFO     | pipeline.parsers.mw | MarketWatchParser result: 20 constituents
2026-05-05 22:46:10 | INFO     | pipeline.parsers.mw | MarketWatchParser: MW-NIFTY-HEALTHCARE-INDEX-27-Mar-2026.csv
2026-05-05 22:46:10 | INFO     | pipeline.parsers.mw | Index name: NIFTY HEALTHCARE INDEX
2026-05-05 22:46:10 | INFO     | pipeline.parsers.mw | MarketWatchParser result: 20 constituents
2026-05-05 22:46:10 | INFO     | pipeline.parsers.mw | MarketWatchParser: MW-NIFTY-HEALTHCARE-INDEX-28-Apr-2026.csv
2026-05-05 22:46:10 | INFO     | pipeline.parsers.mw | Index name: NIFTY HEALTHCARE INDEX
2026-05-05 22:46:10 | INFO     | pipeline.parsers.mw | MarketWatchParser result: 20 constituents
2026-05-05 22:46:10 | INFO     | pipeline.parsers.mw | MarketWatchParser: MW-NIFTY-HEALTHCARE-INDEX-29-Apr-2026.csv
2026-05-05 22:46:10 | INFO     | pipeline.parsers.mw | Index name: NIFTY HEALTHCARE INDEX
2026-05-05 22:46:10 | INFO     | pipeline.parsers.mw | MarketWatchParser result: 20 constituents
2026-05-05 22:46:10 | INFO     | pipeline.parsers.mw | MarketWatchParser: MW-NIFTY-HEALTHCARE-INDEX-30-Mar-2026.csv
2026-05-05 22:46:10 | INFO     | pipeline.parsers.mw | Index name: NIFTY HEALTHCARE INDEX
2026-05-05 22:46:10 | INFO     | pipeline.parsers.mw | MarketWatchParser result: 20 constituents
2026-05-05 22:46:10 | INFO     | pipeline.parsers.mw | MarketWatchParser: MW-NIFTY-IT-03-Apr-2026.csv
2026-05-05 22:46:10 | INFO     | pipeline.parsers.mw | Index name: NIFTY IT
2026-05-05 22:46:11 | INFO     | pipeline.parsers.mw | MarketWatchParser result: 10 constituents
2026-05-05 22:46:11 | INFO     | pipeline.parsers.mw | MarketWatchParser: MW-NIFTY-IT-06-Apr-2026.csv
2026-05-05 22:46:11 | INFO     | pipeline.parsers.mw | Index name: NIFTY IT
2026-05-05 22:46:11 | INFO     | pipeline.parsers.mw | MarketWatchParser result: 10 constituents
2026-05-05 22:46:11 | INFO     | pipeline.parsers.mw | MarketWatchParser: MW-NIFTY-IT-07-Apr-2026.csv
2026-05-05 22:46:11 | INFO     | pipeline.parsers.mw | Index name: NIFTY IT
2026-05-05 22:46:11 | INFO     | pipeline.parsers.mw | MarketWatchParser result: 10 constituents
2026-05-05 22:46:11 | INFO     | pipeline.parsers.mw | MarketWatchParser: MW-NIFTY-IT-08-Apr-2026.csv
2026-05-05 22:46:11 | INFO     | pipeline.parsers.mw | Index name: NIFTY IT
2026-05-05 22:46:11 | INFO     | pipeline.parsers.mw | MarketWatchParser result: 10 constituents
2026-05-05 22:46:11 | INFO     | pipeline.parsers.mw | MarketWatchParser: MW-NIFTY-IT-09-Apr-2026.csv
2026-05-05 22:46:11 | INFO     | pipeline.parsers.mw | Index name: NIFTY IT
2026-05-05 22:46:11 | INFO     | pipeline.parsers.mw | MarketWatchParser result: 10 constituents
2026-05-05 22:46:11 | INFO     | pipeline.parsers.mw | MarketWatchParser: MW-NIFTY-IT-10-Apr-2026.csv
2026-05-05 22:46:11 | INFO     | pipeline.parsers.mw | Index name: NIFTY IT
2026-05-05 22:46:11 | INFO     | pipeline.parsers.mw | MarketWatchParser result: 10 constituents
2026-05-05 22:46:11 | INFO     | pipeline.parsers.mw | MarketWatchParser: MW-NIFTY-IT-13-Apr-2026.csv
2026-05-05 22:46:11 | INFO     | pipeline.parsers.mw | Index name: NIFTY IT
2026-05-05 22:46:11 | INFO     | pipeline.parsers.mw | MarketWatchParser result: 10 constituents
2026-05-05 22:46:11 | INFO     | pipeline.parsers.mw | MarketWatchParser: MW-NIFTY-IT-15-Apr-2026.csv
2026-05-05 22:46:11 | INFO     | pipeline.parsers.mw | Index name: NIFTY IT
2026-05-05 22:46:11 | INFO     | pipeline.parsers.mw | MarketWatchParser result: 10 constituents
2026-05-05 22:46:11 | INFO     | pipeline.parsers.mw | MarketWatchParser: MW-NIFTY-IT-16-Apr-2026.csv
2026-05-05 22:46:11 | INFO     | pipeline.parsers.mw | Index name: NIFTY IT
2026-05-05 22:46:11 | INFO     | pipeline.parsers.mw | MarketWatchParser result: 10 constituents
2026-05-05 22:46:11 | INFO     | pipeline.parsers.mw | MarketWatchParser: MW-NIFTY-IT-17-Apr-2026.csv
2026-05-05 22:46:11 | INFO     | pipeline.parsers.mw | Index name: NIFTY IT
2026-05-05 22:46:11 | INFO     | pipeline.parsers.mw | MarketWatchParser result: 10 constituents
2026-05-05 22:46:11 | INFO     | pipeline.parsers.mw | MarketWatchParser: MW-NIFTY-IT-17-Mar-2026.csv
2026-05-05 22:46:11 | INFO     | pipeline.parsers.mw | Index name: NIFTY IT
2026-05-05 22:46:11 | INFO     | pipeline.parsers.mw | MarketWatchParser result: 10 constituents
2026-05-05 22:46:11 | INFO     | pipeline.parsers.mw | MarketWatchParser: MW-NIFTY-IT-18-Mar-2026.csv
2026-05-05 22:46:11 | INFO     | pipeline.parsers.mw | Index name: NIFTY IT
2026-05-05 22:46:11 | INFO     | pipeline.parsers.mw | MarketWatchParser result: 10 constituents
2026-05-05 22:46:11 | INFO     | pipeline.parsers.mw | MarketWatchParser: MW-NIFTY-IT-19-Mar-2026.csv
2026-05-05 22:46:11 | INFO     | pipeline.parsers.mw | Index name: NIFTY IT
2026-05-05 22:46:11 | INFO     | pipeline.parsers.mw | MarketWatchParser result: 10 constituents
2026-05-05 22:46:11 | INFO     | pipeline.parsers.mw | MarketWatchParser: MW-NIFTY-IT-20-Mar-2026.csv
2026-05-05 22:46:11 | INFO     | pipeline.parsers.mw | Index name: NIFTY IT
2026-05-05 22:46:11 | INFO     | pipeline.parsers.mw | MarketWatchParser result: 10 constituents
2026-05-05 22:46:11 | INFO     | pipeline.parsers.mw | MarketWatchParser: MW-NIFTY-IT-21-Apr-2026.csv
2026-05-05 22:46:11 | INFO     | pipeline.parsers.mw | Index name: NIFTY IT
2026-05-05 22:46:11 | INFO     | pipeline.parsers.mw | MarketWatchParser result: 10 constituents
2026-05-05 22:46:11 | INFO     | pipeline.parsers.mw | MarketWatchParser: MW-NIFTY-IT-22-Apr-2026.csv
2026-05-05 22:46:11 | INFO     | pipeline.parsers.mw | Index name: NIFTY IT
2026-05-05 22:46:11 | INFO     | pipeline.parsers.mw | MarketWatchParser result: 10 constituents
2026-05-05 22:46:11 | INFO     | pipeline.parsers.mw | MarketWatchParser: MW-NIFTY-IT-23-Apr-2026.csv
2026-05-05 22:46:11 | INFO     | pipeline.parsers.mw | Index name: NIFTY IT
2026-05-05 22:46:11 | INFO     | pipeline.parsers.mw | MarketWatchParser result: 10 constituents
2026-05-05 22:46:11 | INFO     | pipeline.parsers.mw | MarketWatchParser: MW-NIFTY-IT-23-Mar-2026.csv
2026-05-05 22:46:11 | INFO     | pipeline.parsers.mw | Index name: NIFTY IT
2026-05-05 22:46:11 | INFO     | pipeline.parsers.mw | MarketWatchParser result: 10 constituents
2026-05-05 22:46:11 | INFO     | pipeline.parsers.mw | MarketWatchParser: MW-NIFTY-IT-24-Apr-2026.csv
2026-05-05 22:46:11 | INFO     | pipeline.parsers.mw | Index name: NIFTY IT
2026-05-05 22:46:11 | INFO     | pipeline.parsers.mw | MarketWatchParser result: 10 constituents
2026-05-05 22:46:11 | INFO     | pipeline.parsers.mw | MarketWatchParser: MW-NIFTY-IT-24-Mar-2026.csv
2026-05-05 22:46:11 | INFO     | pipeline.parsers.mw | Index name: NIFTY IT
2026-05-05 22:46:11 | INFO     | pipeline.parsers.mw | MarketWatchParser result: 10 constituents
2026-05-05 22:46:11 | INFO     | pipeline.parsers.mw | MarketWatchParser: MW-NIFTY-IT-27-Apr-2026.csv
2026-05-05 22:46:11 | INFO     | pipeline.parsers.mw | Index name: NIFTY IT
2026-05-05 22:46:12 | INFO     | pipeline.parsers.mw | MarketWatchParser result: 10 constituents
2026-05-05 22:46:12 | INFO     | pipeline.parsers.mw | MarketWatchParser: MW-NIFTY-IT-27-Mar-2026.csv
2026-05-05 22:46:12 | INFO     | pipeline.parsers.mw | Index name: NIFTY IT
2026-05-05 22:46:12 | INFO     | pipeline.parsers.mw | MarketWatchParser result: 10 constituents
2026-05-05 22:46:12 | INFO     | pipeline.parsers.mw | MarketWatchParser: MW-NIFTY-IT-28-Apr-2026.csv
2026-05-05 22:46:12 | INFO     | pipeline.parsers.mw | Index name: NIFTY IT
2026-05-05 22:46:12 | INFO     | pipeline.parsers.mw | MarketWatchParser result: 10 constituents
2026-05-05 22:46:12 | INFO     | pipeline.parsers.mw | MarketWatchParser: MW-NIFTY-IT-29-Apr-2026.csv
2026-05-05 22:46:12 | INFO     | pipeline.parsers.mw | Index name: NIFTY IT
2026-05-05 22:46:12 | INFO     | pipeline.parsers.mw | MarketWatchParser result: 10 constituents
2026-05-05 22:46:12 | INFO     | pipeline.parsers.mw | MarketWatchParser: MW-NIFTY-IT-30-Mar-2026.csv
2026-05-05 22:46:12 | INFO     | pipeline.parsers.mw | Index name: NIFTY IT
2026-05-05 22:46:12 | INFO     | pipeline.parsers.mw | MarketWatchParser result: 10 constituents
2026-05-05 22:46:12 | INFO     | pipeline.parsers.mw | MarketWatchParser: MW-NIFTY-MEDIA-03-Apr-2026.csv
2026-05-05 22:46:12 | INFO     | pipeline.parsers.mw | Index name: NIFTY MEDIA
2026-05-05 22:46:12 | INFO     | pipeline.parsers.mw | MarketWatchParser result: 10 constituents
2026-05-05 22:46:12 | INFO     | pipeline.parsers.mw | MarketWatchParser: MW-NIFTY-MEDIA-06-Apr-2026.csv
2026-05-05 22:46:12 | INFO     | pipeline.parsers.mw | Index name: NIFTY MEDIA
2026-05-05 22:46:12 | INFO     | pipeline.parsers.mw | MarketWatchParser result: 10 constituents
2026-05-05 22:46:12 | INFO     | pipeline.parsers.mw | MarketWatchParser: MW-NIFTY-MEDIA-07-Apr-2026.csv
2026-05-05 22:46:12 | INFO     | pipeline.parsers.mw | Index name: NIFTY MEDIA
2026-05-05 22:46:12 | INFO     | pipeline.parsers.mw | MarketWatchParser result: 10 constituents
2026-05-05 22:46:12 | INFO     | pipeline.parsers.mw | MarketWatchParser: MW-NIFTY-MEDIA-08-Apr-2026.csv
2026-05-05 22:46:12 | INFO     | pipeline.parsers.mw | Index name: NIFTY MEDIA
2026-05-05 22:46:12 | INFO     | pipeline.parsers.mw | MarketWatchParser result: 10 constituents
2026-05-05 22:46:12 | INFO     | pipeline.parsers.mw | MarketWatchParser: MW-NIFTY-MEDIA-09-Apr-2026.csv
2026-05-05 22:46:12 | INFO     | pipeline.parsers.mw | Index name: NIFTY MEDIA
2026-05-05 22:46:12 | INFO     | pipeline.parsers.mw | MarketWatchParser result: 10 constituents
2026-05-05 22:46:12 | INFO     | pipeline.parsers.mw | MarketWatchParser: MW-NIFTY-MEDIA-10-Apr-2026.csv
2026-05-05 22:46:12 | INFO     | pipeline.parsers.mw | Index name: NIFTY MEDIA
2026-05-05 22:46:12 | INFO     | pipeline.parsers.mw | MarketWatchParser result: 10 constituents
2026-05-05 22:46:12 | INFO     | pipeline.parsers.mw | MarketWatchParser: MW-NIFTY-MEDIA-13-Apr-2026.csv
2026-05-05 22:46:12 | INFO     | pipeline.parsers.mw | Index name: NIFTY MEDIA
2026-05-05 22:46:12 | INFO     | pipeline.parsers.mw | MarketWatchParser result: 10 constituents
2026-05-05 22:46:12 | INFO     | pipeline.parsers.mw | MarketWatchParser: MW-NIFTY-MEDIA-15-Apr-2026.csv
2026-05-05 22:46:12 | INFO     | pipeline.parsers.mw | Index name: NIFTY MEDIA
2026-05-05 22:46:12 | INFO     | pipeline.parsers.mw | MarketWatchParser result: 10 constituents
2026-05-05 22:46:12 | INFO     | pipeline.parsers.mw | MarketWatchParser: MW-NIFTY-MEDIA-16-Apr-2026.csv
2026-05-05 22:46:12 | INFO     | pipeline.parsers.mw | Index name: NIFTY MEDIA
2026-05-05 22:46:12 | INFO     | pipeline.parsers.mw | MarketWatchParser result: 10 constituents
2026-05-05 22:46:12 | INFO     | pipeline.parsers.mw | MarketWatchParser: MW-NIFTY-MEDIA-17-Apr-2026.csv
2026-05-05 22:46:12 | INFO     | pipeline.parsers.mw | Index name: NIFTY MEDIA
2026-05-05 22:46:12 | INFO     | pipeline.parsers.mw | MarketWatchParser result: 10 constituents
2026-05-05 22:46:12 | INFO     | pipeline.parsers.mw | MarketWatchParser: MW-NIFTY-MEDIA-17-Mar-2026.csv
2026-05-05 22:46:12 | INFO     | pipeline.parsers.mw | Index name: NIFTY MEDIA
2026-05-05 22:46:12 | INFO     | pipeline.parsers.mw | MarketWatchParser result: 10 constituents
2026-05-05 22:46:12 | INFO     | pipeline.parsers.mw | MarketWatchParser: MW-NIFTY-MEDIA-18-Mar-2026.csv
2026-05-05 22:46:12 | INFO     | pipeline.parsers.mw | Index name: NIFTY MEDIA
2026-05-05 22:46:12 | INFO     | pipeline.parsers.mw | MarketWatchParser result: 10 constituents
2026-05-05 22:46:13 | INFO     | pipeline.parsers.mw | MarketWatchParser: MW-NIFTY-MEDIA-19-Mar-2026.csv
2026-05-05 22:46:13 | INFO     | pipeline.parsers.mw | Index name: NIFTY MEDIA
2026-05-05 22:46:13 | INFO     | pipeline.parsers.mw | MarketWatchParser result: 10 constituents
2026-05-05 22:46:13 | INFO     | pipeline.parsers.mw | MarketWatchParser: MW-NIFTY-MEDIA-20-Mar-2026.csv
2026-05-05 22:46:13 | INFO     | pipeline.parsers.mw | Index name: NIFTY MEDIA
2026-05-05 22:46:13 | INFO     | pipeline.parsers.mw | MarketWatchParser result: 10 constituents
2026-05-05 22:46:13 | INFO     | pipeline.parsers.mw | MarketWatchParser: MW-NIFTY-MEDIA-21-Apr-2026.csv
2026-05-05 22:46:13 | INFO     | pipeline.parsers.mw | Index name: NIFTY MEDIA
2026-05-05 22:46:13 | INFO     | pipeline.parsers.mw | MarketWatchParser result: 10 constituents
2026-05-05 22:46:13 | INFO     | pipeline.parsers.mw | MarketWatchParser: MW-NIFTY-MEDIA-22-Apr-2026.csv
2026-05-05 22:46:13 | INFO     | pipeline.parsers.mw | Index name: NIFTY MEDIA
2026-05-05 22:46:13 | INFO     | pipeline.parsers.mw | MarketWatchParser result: 10 constituents
2026-05-05 22:46:13 | INFO     | pipeline.parsers.mw | MarketWatchParser: MW-NIFTY-MEDIA-23-Apr-2026.csv
2026-05-05 22:46:13 | INFO     | pipeline.parsers.mw | Index name: NIFTY MEDIA
2026-05-05 22:46:13 | INFO     | pipeline.parsers.mw | MarketWatchParser result: 10 constituents
2026-05-05 22:46:13 | INFO     | pipeline.parsers.mw | MarketWatchParser: MW-NIFTY-MEDIA-23-Mar-2026.csv
2026-05-05 22:46:13 | INFO     | pipeline.parsers.mw | Index name: NIFTY MEDIA
2026-05-05 22:46:13 | INFO     | pipeline.parsers.mw | MarketWatchParser result: 10 constituents
2026-05-05 22:46:13 | INFO     | pipeline.parsers.mw | MarketWatchParser: MW-NIFTY-MEDIA-24-Apr-2026.csv
2026-05-05 22:46:13 | INFO     | pipeline.parsers.mw | Index name: NIFTY MEDIA
2026-05-05 22:46:13 | INFO     | pipeline.parsers.mw | MarketWatchParser result: 10 constituents
2026-05-05 22:46:13 | INFO     | pipeline.parsers.mw | MarketWatchParser: MW-NIFTY-MEDIA-24-Mar-2026.csv
2026-05-05 22:46:13 | INFO     | pipeline.parsers.mw | Index name: NIFTY MEDIA
2026-05-05 22:46:13 | INFO     | pipeline.parsers.mw | MarketWatchParser result: 10 constituents
2026-05-05 22:46:13 | INFO     | pipeline.parsers.mw | MarketWatchParser: MW-NIFTY-MEDIA-27-Apr-2026 (1).csv
2026-05-05 22:46:13 | INFO     | pipeline.parsers.mw | Index name: NIFTY MEDIA 27 Apr 2026 (1)
2026-05-05 22:46:13 | INFO     | pipeline.parsers.mw | MarketWatchParser result: 10 constituents
2026-05-05 22:46:13 | INFO     | pipeline.parsers.mw | MarketWatchParser: MW-NIFTY-MEDIA-27-Apr-2026 (2).csv
2026-05-05 22:46:13 | INFO     | pipeline.parsers.mw | Index name: NIFTY MEDIA 27 Apr 2026 (2)
2026-05-05 22:46:13 | INFO     | pipeline.parsers.mw | MarketWatchParser result: 10 constituents
2026-05-05 22:46:13 | INFO     | pipeline.parsers.mw | MarketWatchParser: MW-NIFTY-MEDIA-27-Apr-2026 (3).csv
2026-05-05 22:46:13 | INFO     | pipeline.parsers.mw | Index name: NIFTY MEDIA 27 Apr 2026 (3)
2026-05-05 22:46:13 | INFO     | pipeline.parsers.mw | MarketWatchParser result: 10 constituents
2026-05-05 22:46:13 | INFO     | pipeline.parsers.mw | MarketWatchParser: MW-NIFTY-MEDIA-27-Apr-2026.csv
2026-05-05 22:46:13 | INFO     | pipeline.parsers.mw | Index name: NIFTY MEDIA
2026-05-05 22:46:13 | INFO     | pipeline.parsers.mw | MarketWatchParser result: 10 constituents
2026-05-05 22:46:13 | INFO     | pipeline.parsers.mw | MarketWatchParser: MW-NIFTY-MEDIA-27-Mar-2026.csv
2026-05-05 22:46:13 | INFO     | pipeline.parsers.mw | Index name: NIFTY MEDIA
2026-05-05 22:46:13 | INFO     | pipeline.parsers.mw | MarketWatchParser result: 10 constituents
2026-05-05 22:46:13 | INFO     | pipeline.parsers.mw | MarketWatchParser: MW-NIFTY-MEDIA-28-Apr-2026.csv
2026-05-05 22:46:13 | INFO     | pipeline.parsers.mw | Index name: NIFTY MEDIA
2026-05-05 22:46:13 | INFO     | pipeline.parsers.mw | MarketWatchParser result: 10 constituents
2026-05-05 22:46:13 | INFO     | pipeline.parsers.mw | MarketWatchParser: MW-NIFTY-MEDIA-29-Apr-2026.csv
2026-05-05 22:46:13 | INFO     | pipeline.parsers.mw | Index name: NIFTY MEDIA
2026-05-05 22:46:13 | INFO     | pipeline.parsers.mw | MarketWatchParser result: 10 constituents
2026-05-05 22:46:13 | INFO     | pipeline.parsers.mw | MarketWatchParser: MW-NIFTY-MEDIA-30-Mar-2026.csv
2026-05-05 22:46:13 | INFO     | pipeline.parsers.mw | Index name: NIFTY MEDIA
2026-05-05 22:46:13 | INFO     | pipeline.parsers.mw | MarketWatchParser result: 10 constituents
2026-05-05 22:46:13 | INFO     | pipeline.parsers.mw | MarketWatchParser: MW-NIFTY-METAL-03-Apr-2026.csv
2026-05-05 22:46:13 | INFO     | pipeline.parsers.mw | Index name: NIFTY METAL
2026-05-05 22:46:14 | INFO     | pipeline.parsers.mw | MarketWatchParser result: 15 constituents
2026-05-05 22:46:14 | INFO     | pipeline.parsers.mw | MarketWatchParser: MW-NIFTY-METAL-06-Apr-2026.csv
2026-05-05 22:46:14 | INFO     | pipeline.parsers.mw | Index name: NIFTY METAL
2026-05-05 22:46:14 | INFO     | pipeline.parsers.mw | MarketWatchParser result: 15 constituents
2026-05-05 22:46:14 | INFO     | pipeline.parsers.mw | MarketWatchParser: MW-NIFTY-METAL-07-Apr-2026.csv
2026-05-05 22:46:14 | INFO     | pipeline.parsers.mw | Index name: NIFTY METAL
2026-05-05 22:46:14 | INFO     | pipeline.parsers.mw | MarketWatchParser result: 15 constituents
2026-05-05 22:46:14 | INFO     | pipeline.parsers.mw | MarketWatchParser: MW-NIFTY-METAL-08-Apr-2026.csv
2026-05-05 22:46:14 | INFO     | pipeline.parsers.mw | Index name: NIFTY METAL
2026-05-05 22:46:14 | INFO     | pipeline.parsers.mw | MarketWatchParser result: 15 constituents
2026-05-05 22:46:14 | INFO     | pipeline.parsers.mw | MarketWatchParser: MW-NIFTY-METAL-09-Apr-2026.csv
2026-05-05 22:46:14 | INFO     | pipeline.parsers.mw | Index name: NIFTY METAL
2026-05-05 22:46:14 | INFO     | pipeline.parsers.mw | MarketWatchParser result: 15 constituents
2026-05-05 22:46:14 | INFO     | pipeline.parsers.mw | MarketWatchParser: MW-NIFTY-METAL-10-Apr-2026.csv
2026-05-05 22:46:14 | INFO     | pipeline.parsers.mw | Index name: NIFTY METAL
2026-05-05 22:46:14 | INFO     | pipeline.parsers.mw | MarketWatchParser result: 15 constituents
2026-05-05 22:46:14 | INFO     | pipeline.parsers.mw | MarketWatchParser: MW-NIFTY-METAL-13-Apr-2026.csv
2026-05-05 22:46:14 | INFO     | pipeline.parsers.mw | Index name: NIFTY METAL
2026-05-05 22:46:14 | INFO     | pipeline.parsers.mw | MarketWatchParser result: 15 constituents
2026-05-05 22:46:14 | INFO     | pipeline.parsers.mw | MarketWatchParser: MW-NIFTY-METAL-15-Apr-2026.csv
2026-05-05 22:46:14 | INFO     | pipeline.parsers.mw | Index name: NIFTY METAL
2026-05-05 22:46:14 | INFO     | pipeline.parsers.mw | MarketWatchParser result: 15 constituents
2026-05-05 22:46:14 | INFO     | pipeline.parsers.mw | MarketWatchParser: MW-NIFTY-METAL-16-Apr-2026.csv
2026-05-05 22:46:14 | INFO     | pipeline.parsers.mw | Index name: NIFTY METAL
2026-05-05 22:46:14 | INFO     | pipeline.parsers.mw | MarketWatchParser result: 15 constituents
2026-05-05 22:46:14 | INFO     | pipeline.parsers.mw | MarketWatchParser: MW-NIFTY-METAL-17-Apr-2026.csv
2026-05-05 22:46:14 | INFO     | pipeline.parsers.mw | Index name: NIFTY METAL
2026-05-05 22:46:14 | INFO     | pipeline.parsers.mw | MarketWatchParser result: 15 constituents
2026-05-05 22:46:14 | INFO     | pipeline.parsers.mw | MarketWatchParser: MW-NIFTY-METAL-17-Mar-2026.csv
2026-05-05 22:46:14 | INFO     | pipeline.parsers.mw | Index name: NIFTY METAL
2026-05-05 22:46:14 | INFO     | pipeline.parsers.mw | MarketWatchParser result: 15 constituents
2026-05-05 22:46:14 | INFO     | pipeline.parsers.mw | MarketWatchParser: MW-NIFTY-METAL-18-Mar-2026.csv
2026-05-05 22:46:14 | INFO     | pipeline.parsers.mw | Index name: NIFTY METAL
2026-05-05 22:46:14 | INFO     | pipeline.parsers.mw | MarketWatchParser result: 15 constituents
2026-05-05 22:46:14 | INFO     | pipeline.parsers.mw | MarketWatchParser: MW-NIFTY-METAL-19-Mar-2026.csv
2026-05-05 22:46:14 | INFO     | pipeline.parsers.mw | Index name: NIFTY METAL
2026-05-05 22:46:14 | INFO     | pipeline.parsers.mw | MarketWatchParser result: 15 constituents
2026-05-05 22:46:14 | INFO     | pipeline.parsers.mw | MarketWatchParser: MW-NIFTY-METAL-20-Mar-2026.csv
2026-05-05 22:46:14 | INFO     | pipeline.parsers.mw | Index name: NIFTY METAL
2026-05-05 22:46:14 | INFO     | pipeline.parsers.mw | MarketWatchParser result: 15 constituents
2026-05-05 22:46:14 | INFO     | pipeline.parsers.mw | MarketWatchParser: MW-NIFTY-METAL-21-Apr-2026.csv
2026-05-05 22:46:14 | INFO     | pipeline.parsers.mw | Index name: NIFTY METAL
2026-05-05 22:46:14 | INFO     | pipeline.parsers.mw | MarketWatchParser result: 15 constituents
2026-05-05 22:46:15 | INFO     | pipeline.parsers.mw | MarketWatchParser: MW-NIFTY-METAL-22-Apr-2026.csv
2026-05-05 22:46:15 | INFO     | pipeline.parsers.mw | Index name: NIFTY METAL
2026-05-05 22:46:15 | INFO     | pipeline.parsers.mw | MarketWatchParser result: 15 constituents
2026-05-05 22:46:15 | INFO     | pipeline.parsers.mw | MarketWatchParser: MW-NIFTY-METAL-23-Apr-2026.csv
2026-05-05 22:46:15 | INFO     | pipeline.parsers.mw | Index name: NIFTY METAL
2026-05-05 22:46:15 | INFO     | pipeline.parsers.mw | MarketWatchParser result: 15 constituents
2026-05-05 22:46:15 | INFO     | pipeline.parsers.mw | MarketWatchParser: MW-NIFTY-METAL-23-Mar-2026.csv
2026-05-05 22:46:15 | INFO     | pipeline.parsers.mw | Index name: NIFTY METAL
2026-05-05 22:46:15 | INFO     | pipeline.parsers.mw | MarketWatchParser result: 15 constituents
2026-05-05 22:46:15 | INFO     | pipeline.parsers.mw | MarketWatchParser: MW-NIFTY-METAL-24-Apr-2026.csv
2026-05-05 22:46:15 | INFO     | pipeline.parsers.mw | Index name: NIFTY METAL
2026-05-05 22:46:15 | INFO     | pipeline.parsers.mw | MarketWatchParser result: 15 constituents
2026-05-05 22:46:15 | INFO     | pipeline.parsers.mw | MarketWatchParser: MW-NIFTY-METAL-24-Mar-2026.csv
2026-05-05 22:46:15 | INFO     | pipeline.parsers.mw | Index name: NIFTY METAL
2026-05-05 22:46:15 | INFO     | pipeline.parsers.mw | MarketWatchParser result: 15 constituents
2026-05-05 22:46:15 | INFO     | pipeline.parsers.mw | MarketWatchParser: MW-NIFTY-METAL-27-Apr-2026.csv
2026-05-05 22:46:15 | INFO     | pipeline.parsers.mw | Index name: NIFTY METAL
2026-05-05 22:46:15 | INFO     | pipeline.parsers.mw | MarketWatchParser result: 15 constituents
2026-05-05 22:46:15 | INFO     | pipeline.parsers.mw | MarketWatchParser: MW-NIFTY-METAL-27-Mar-2026.csv
2026-05-05 22:46:15 | INFO     | pipeline.parsers.mw | Index name: NIFTY METAL
2026-05-05 22:46:15 | INFO     | pipeline.parsers.mw | MarketWatchParser result: 15 constituents
2026-05-05 22:46:15 | INFO     | pipeline.parsers.mw | MarketWatchParser: MW-NIFTY-METAL-28-Apr-2026.csv
2026-05-05 22:46:15 | INFO     | pipeline.parsers.mw | Index name: NIFTY METAL
2026-05-05 22:46:15 | INFO     | pipeline.parsers.mw | MarketWatchParser result: 15 constituents
2026-05-05 22:46:15 | INFO     | pipeline.parsers.mw | MarketWatchParser: MW-NIFTY-METAL-29-Apr-2026.csv
2026-05-05 22:46:15 | INFO     | pipeline.parsers.mw | Index name: NIFTY METAL
2026-05-05 22:46:15 | INFO     | pipeline.parsers.mw | MarketWatchParser result: 15 constituents
2026-05-05 22:46:15 | INFO     | pipeline.parsers.mw | MarketWatchParser: MW-NIFTY-METAL-30-Mar-2026.csv
2026-05-05 22:46:15 | INFO     | pipeline.parsers.mw | Index name: NIFTY METAL
2026-05-05 22:46:15 | INFO     | pipeline.parsers.mw | MarketWatchParser result: 15 constituents
2026-05-05 22:46:15 | INFO     | pipeline.parsers.mw | MarketWatchParser: MW-NIFTY-MIDSMALL-FINANCIAL-SERVICES-03-Apr-2026.csv
2026-05-05 22:46:15 | INFO     | pipeline.parsers.mw | Index name: NIFTY MIDSMALL FINANCIAL SERVICES
2026-05-05 22:46:15 | INFO     | pipeline.parsers.mw | MarketWatchParser result: 30 constituents
2026-05-05 22:46:15 | INFO     | pipeline.parsers.mw | MarketWatchParser: MW-NIFTY-MIDSMALL-FINANCIAL-SERVICES-06-Apr-2026.csv
2026-05-05 22:46:15 | INFO     | pipeline.parsers.mw | Index name: NIFTY MIDSMALL FINANCIAL SERVICES
2026-05-05 22:46:15 | INFO     | pipeline.parsers.mw | MarketWatchParser result: 30 constituents
2026-05-05 22:46:15 | INFO     | pipeline.parsers.mw | MarketWatchParser: MW-NIFTY-MIDSMALL-FINANCIAL-SERVICES-07-Apr-2026.csv
2026-05-05 22:46:15 | INFO     | pipeline.parsers.mw | Index name: NIFTY MIDSMALL FINANCIAL SERVICES
2026-05-05 22:46:15 | INFO     | pipeline.parsers.mw | MarketWatchParser result: 30 constituents
2026-05-05 22:46:15 | INFO     | pipeline.parsers.mw | MarketWatchParser: MW-NIFTY-MIDSMALL-FINANCIAL-SERVICES-08-Apr-2026.csv
2026-05-05 22:46:15 | INFO     | pipeline.parsers.mw | Index name: NIFTY MIDSMALL FINANCIAL SERVICES
2026-05-05 22:46:15 | INFO     | pipeline.parsers.mw | MarketWatchParser result: 30 constituents
2026-05-05 22:46:15 | INFO     | pipeline.parsers.mw | MarketWatchParser: MW-NIFTY-MIDSMALL-FINANCIAL-SERVICES-09-Apr-2026.csv
2026-05-05 22:46:15 | INFO     | pipeline.parsers.mw | Index name: NIFTY MIDSMALL FINANCIAL SERVICES
2026-05-05 22:46:15 | INFO     | pipeline.parsers.mw | MarketWatchParser result: 30 constituents
2026-05-05 22:46:15 | INFO     | pipeline.parsers.mw | MarketWatchParser: MW-NIFTY-MIDSMALL-FINANCIAL-SERVICES-10-Apr-2026.csv
2026-05-05 22:46:15 | INFO     | pipeline.parsers.mw | Index name: NIFTY MIDSMALL FINANCIAL SERVICES
2026-05-05 22:46:15 | INFO     | pipeline.parsers.mw | MarketWatchParser result: 30 constituents
2026-05-05 22:46:15 | INFO     | pipeline.parsers.mw | MarketWatchParser: MW-NIFTY-MIDSMALL-FINANCIAL-SERVICES-13-Apr-2026.csv
2026-05-05 22:46:15 | INFO     | pipeline.parsers.mw | Index name: NIFTY MIDSMALL FINANCIAL SERVICES
2026-05-05 22:46:16 | INFO     | pipeline.parsers.mw | MarketWatchParser result: 30 constituents
2026-05-05 22:46:16 | INFO     | pipeline.parsers.mw | MarketWatchParser: MW-NIFTY-MIDSMALL-FINANCIAL-SERVICES-15-Apr-2026.csv
2026-05-05 22:46:16 | INFO     | pipeline.parsers.mw | Index name: NIFTY MIDSMALL FINANCIAL SERVICES
2026-05-05 22:46:16 | INFO     | pipeline.parsers.mw | MarketWatchParser result: 30 constituents
2026-05-05 22:46:16 | INFO     | pipeline.parsers.mw | MarketWatchParser: MW-NIFTY-MIDSMALL-FINANCIAL-SERVICES-16-Apr-2026.csv
2026-05-05 22:46:16 | INFO     | pipeline.parsers.mw | Index name: NIFTY MIDSMALL FINANCIAL SERVICES
2026-05-05 22:46:16 | INFO     | pipeline.parsers.mw | MarketWatchParser result: 30 constituents
2026-05-05 22:46:16 | INFO     | pipeline.parsers.mw | MarketWatchParser: MW-NIFTY-MIDSMALL-FINANCIAL-SERVICES-17-Apr-2026.csv
2026-05-05 22:46:16 | INFO     | pipeline.parsers.mw | Index name: NIFTY MIDSMALL FINANCIAL SERVICES
2026-05-05 22:46:16 | INFO     | pipeline.parsers.mw | MarketWatchParser result: 30 constituents
2026-05-05 22:46:16 | INFO     | pipeline.parsers.mw | MarketWatchParser: MW-NIFTY-MIDSMALL-FINANCIAL-SERVICES-17-Mar-2026.csv
2026-05-05 22:46:16 | INFO     | pipeline.parsers.mw | Index name: NIFTY MIDSMALL FINANCIAL SERVICES
2026-05-05 22:46:16 | INFO     | pipeline.parsers.mw | MarketWatchParser result: 30 constituents
2026-05-05 22:46:16 | INFO     | pipeline.parsers.mw | MarketWatchParser: MW-NIFTY-MIDSMALL-FINANCIAL-SERVICES-18-Mar-2026.csv
2026-05-05 22:46:16 | INFO     | pipeline.parsers.mw | Index name: NIFTY MIDSMALL FINANCIAL SERVICES
2026-05-05 22:46:16 | INFO     | pipeline.parsers.mw | MarketWatchParser result: 30 constituents
2026-05-05 22:46:16 | INFO     | pipeline.parsers.mw | MarketWatchParser: MW-NIFTY-MIDSMALL-FINANCIAL-SERVICES-19-Mar-2026.csv
2026-05-05 22:46:16 | INFO     | pipeline.parsers.mw | Index name: NIFTY MIDSMALL FINANCIAL SERVICES
2026-05-05 22:46:16 | INFO     | pipeline.parsers.mw | MarketWatchParser result: 30 constituents
2026-05-05 22:46:16 | INFO     | pipeline.parsers.mw | MarketWatchParser: MW-NIFTY-MIDSMALL-FINANCIAL-SERVICES-20-Mar-2026.csv
2026-05-05 22:46:16 | INFO     | pipeline.parsers.mw | Index name: NIFTY MIDSMALL FINANCIAL SERVICES
2026-05-05 22:46:16 | INFO     | pipeline.parsers.mw | MarketWatchParser result: 30 constituents
2026-05-05 22:46:16 | INFO     | pipeline.parsers.mw | MarketWatchParser: MW-NIFTY-MIDSMALL-FINANCIAL-SERVICES-21-Apr-2026.csv
2026-05-05 22:46:16 | INFO     | pipeline.parsers.mw | Index name: NIFTY MIDSMALL FINANCIAL SERVICES
2026-05-05 22:46:16 | INFO     | pipeline.parsers.mw | MarketWatchParser result: 30 constituents
2026-05-05 22:46:16 | INFO     | pipeline.parsers.mw | MarketWatchParser: MW-NIFTY-MIDSMALL-FINANCIAL-SERVICES-22-Apr-2026.csv
2026-05-05 22:46:16 | INFO     | pipeline.parsers.mw | Index name: NIFTY MIDSMALL FINANCIAL SERVICES
2026-05-05 22:46:16 | INFO     | pipeline.parsers.mw | MarketWatchParser result: 30 constituents
2026-05-05 22:46:16 | INFO     | pipeline.parsers.mw | MarketWatchParser: MW-NIFTY-MIDSMALL-FINANCIAL-SERVICES-23-Apr-2026.csv
2026-05-05 22:46:16 | INFO     | pipeline.parsers.mw | Index name: NIFTY MIDSMALL FINANCIAL SERVICES
2026-05-05 22:46:16 | INFO     | pipeline.parsers.mw | MarketWatchParser result: 30 constituents
2026-05-05 22:46:16 | INFO     | pipeline.parsers.mw | MarketWatchParser: MW-NIFTY-MIDSMALL-FINANCIAL-SERVICES-23-Mar-2026.csv
2026-05-05 22:46:16 | INFO     | pipeline.parsers.mw | Index name: NIFTY MIDSMALL FINANCIAL SERVICES
2026-05-05 22:46:16 | INFO     | pipeline.parsers.mw | MarketWatchParser result: 30 constituents
2026-05-05 22:46:16 | INFO     | pipeline.parsers.mw | MarketWatchParser: MW-NIFTY-MIDSMALL-FINANCIAL-SERVICES-24-Apr-2026.csv
2026-05-05 22:46:16 | INFO     | pipeline.parsers.mw | Index name: NIFTY MIDSMALL FINANCIAL SERVICES
2026-05-05 22:46:16 | INFO     | pipeline.parsers.mw | MarketWatchParser result: 30 constituents
2026-05-05 22:46:16 | INFO     | pipeline.parsers.mw | MarketWatchParser: MW-NIFTY-MIDSMALL-FINANCIAL-SERVICES-24-Mar-2026.csv
2026-05-05 22:46:16 | INFO     | pipeline.parsers.mw | Index name: NIFTY MIDSMALL FINANCIAL SERVICES
2026-05-05 22:46:16 | INFO     | pipeline.parsers.mw | MarketWatchParser result: 30 constituents
2026-05-05 22:46:16 | INFO     | pipeline.parsers.mw | MarketWatchParser: MW-NIFTY-MIDSMALL-FINANCIAL-SERVICES-27-Mar-2026.csv
2026-05-05 22:46:16 | INFO     | pipeline.parsers.mw | Index name: NIFTY MIDSMALL FINANCIAL SERVICES
2026-05-05 22:46:16 | INFO     | pipeline.parsers.mw | MarketWatchParser result: 30 constituents
2026-05-05 22:46:16 | INFO     | pipeline.parsers.mw | MarketWatchParser: MW-NIFTY-MIDSMALL-FINANCIAL-SERVICES-30-Mar-2026.csv
2026-05-05 22:46:16 | INFO     | pipeline.parsers.mw | Index name: NIFTY MIDSMALL FINANCIAL SERVICES
2026-05-05 22:46:16 | INFO     | pipeline.parsers.mw | MarketWatchParser result: 30 constituents
2026-05-05 22:46:16 | INFO     | pipeline.parsers.mw | MarketWatchParser: MW-NIFTY-MIDSMALL-HEALTHCARE-03-Apr-2026.csv
2026-05-05 22:46:16 | INFO     | pipeline.parsers.mw | Index name: NIFTY MIDSMALL HEALTHCARE
2026-05-05 22:46:16 | INFO     | pipeline.parsers.mw | MarketWatchParser result: 30 constituents
2026-05-05 22:46:16 | INFO     | pipeline.parsers.mw | MarketWatchParser: MW-NIFTY-MIDSMALL-HEALTHCARE-06-Apr-2026.csv
2026-05-05 22:46:16 | INFO     | pipeline.parsers.mw | Index name: NIFTY MIDSMALL HEALTHCARE
2026-05-05 22:46:16 | INFO     | pipeline.parsers.mw | MarketWatchParser result: 30 constituents
2026-05-05 22:46:17 | INFO     | pipeline.parsers.mw | MarketWatchParser: MW-NIFTY-MIDSMALL-HEALTHCARE-07-Apr-2026.csv
2026-05-05 22:46:17 | INFO     | pipeline.parsers.mw | Index name: NIFTY MIDSMALL HEALTHCARE
2026-05-05 22:46:17 | INFO     | pipeline.parsers.mw | MarketWatchParser result: 30 constituents
2026-05-05 22:46:17 | INFO     | pipeline.parsers.mw | MarketWatchParser: MW-NIFTY-MIDSMALL-HEALTHCARE-08-Apr-2026.csv
2026-05-05 22:46:17 | INFO     | pipeline.parsers.mw | Index name: NIFTY MIDSMALL HEALTHCARE
2026-05-05 22:46:17 | INFO     | pipeline.parsers.mw | MarketWatchParser result: 30 constituents
2026-05-05 22:46:17 | INFO     | pipeline.parsers.mw | MarketWatchParser: MW-NIFTY-MIDSMALL-HEALTHCARE-09-Apr-2026.csv
2026-05-05 22:46:17 | INFO     | pipeline.parsers.mw | Index name: NIFTY MIDSMALL HEALTHCARE
2026-05-05 22:46:17 | INFO     | pipeline.parsers.mw | MarketWatchParser result: 30 constituents
2026-05-05 22:46:17 | INFO     | pipeline.parsers.mw | MarketWatchParser: MW-NIFTY-MIDSMALL-HEALTHCARE-10-Apr-2026.csv
2026-05-05 22:46:17 | INFO     | pipeline.parsers.mw | Index name: NIFTY MIDSMALL HEALTHCARE
2026-05-05 22:46:17 | INFO     | pipeline.parsers.mw | MarketWatchParser result: 30 constituents
2026-05-05 22:46:17 | INFO     | pipeline.parsers.mw | MarketWatchParser: MW-NIFTY-MIDSMALL-HEALTHCARE-13-Apr-2026.csv
2026-05-05 22:46:17 | INFO     | pipeline.parsers.mw | Index name: NIFTY MIDSMALL HEALTHCARE
2026-05-05 22:46:17 | INFO     | pipeline.parsers.mw | MarketWatchParser result: 30 constituents
2026-05-05 22:46:17 | INFO     | pipeline.parsers.mw | MarketWatchParser: MW-NIFTY-MIDSMALL-HEALTHCARE-15-Apr-2026.csv
2026-05-05 22:46:17 | INFO     | pipeline.parsers.mw | Index name: NIFTY MIDSMALL HEALTHCARE
2026-05-05 22:46:17 | INFO     | pipeline.parsers.mw | MarketWatchParser result: 30 constituents
2026-05-05 22:46:17 | INFO     | pipeline.parsers.mw | MarketWatchParser: MW-NIFTY-MIDSMALL-HEALTHCARE-16-Apr-2026.csv
2026-05-05 22:46:17 | INFO     | pipeline.parsers.mw | Index name: NIFTY MIDSMALL HEALTHCARE
2026-05-05 22:46:17 | INFO     | pipeline.parsers.mw | MarketWatchParser result: 30 constituents
2026-05-05 22:46:17 | INFO     | pipeline.parsers.mw | MarketWatchParser: MW-NIFTY-MIDSMALL-HEALTHCARE-17-Apr-2026.csv
2026-05-05 22:46:17 | INFO     | pipeline.parsers.mw | Index name: NIFTY MIDSMALL HEALTHCARE
2026-05-05 22:46:17 | INFO     | pipeline.parsers.mw | MarketWatchParser result: 30 constituents
2026-05-05 22:46:17 | INFO     | pipeline.parsers.mw | MarketWatchParser: MW-NIFTY-MIDSMALL-HEALTHCARE-17-Mar-2026.csv
2026-05-05 22:46:17 | INFO     | pipeline.parsers.mw | Index name: NIFTY MIDSMALL HEALTHCARE
2026-05-05 22:46:17 | INFO     | pipeline.parsers.mw | MarketWatchParser result: 30 constituents
2026-05-05 22:46:17 | INFO     | pipeline.parsers.mw | MarketWatchParser: MW-NIFTY-MIDSMALL-HEALTHCARE-18-Mar-2026.csv
2026-05-05 22:46:17 | INFO     | pipeline.parsers.mw | Index name: NIFTY MIDSMALL HEALTHCARE
2026-05-05 22:46:17 | INFO     | pipeline.parsers.mw | MarketWatchParser result: 30 constituents
2026-05-05 22:46:17 | INFO     | pipeline.parsers.mw | MarketWatchParser: MW-NIFTY-MIDSMALL-HEALTHCARE-19-Mar-2026.csv
2026-05-05 22:46:17 | INFO     | pipeline.parsers.mw | Index name: NIFTY MIDSMALL HEALTHCARE
2026-05-05 22:46:17 | INFO     | pipeline.parsers.mw | MarketWatchParser result: 30 constituents
2026-05-05 22:46:17 | INFO     | pipeline.parsers.mw | MarketWatchParser: MW-NIFTY-MIDSMALL-HEALTHCARE-20-Mar-2026.csv
2026-05-05 22:46:17 | INFO     | pipeline.parsers.mw | Index name: NIFTY MIDSMALL HEALTHCARE
2026-05-05 22:46:17 | INFO     | pipeline.parsers.mw | MarketWatchParser result: 30 constituents
2026-05-05 22:46:17 | INFO     | pipeline.parsers.mw | MarketWatchParser: MW-NIFTY-MIDSMALL-HEALTHCARE-21-Apr-2026.csv
2026-05-05 22:46:17 | INFO     | pipeline.parsers.mw | Index name: NIFTY MIDSMALL HEALTHCARE
2026-05-05 22:46:17 | INFO     | pipeline.parsers.mw | MarketWatchParser result: 30 constituents
2026-05-05 22:46:17 | INFO     | pipeline.parsers.mw | MarketWatchParser: MW-NIFTY-MIDSMALL-HEALTHCARE-22-Apr-2026.csv
2026-05-05 22:46:17 | INFO     | pipeline.parsers.mw | Index name: NIFTY MIDSMALL HEALTHCARE
2026-05-05 22:46:17 | INFO     | pipeline.parsers.mw | MarketWatchParser result: 30 constituents
2026-05-05 22:46:17 | INFO     | pipeline.parsers.mw | MarketWatchParser: MW-NIFTY-MIDSMALL-HEALTHCARE-23-Apr-2026.csv
2026-05-05 22:46:17 | INFO     | pipeline.parsers.mw | Index name: NIFTY MIDSMALL HEALTHCARE
2026-05-05 22:46:17 | INFO     | pipeline.parsers.mw | MarketWatchParser result: 30 constituents
2026-05-05 22:46:17 | INFO     | pipeline.parsers.mw | MarketWatchParser: MW-NIFTY-MIDSMALL-HEALTHCARE-23-Mar-2026.csv
2026-05-05 22:46:17 | INFO     | pipeline.parsers.mw | Index name: NIFTY MIDSMALL HEALTHCARE
2026-05-05 22:46:17 | INFO     | pipeline.parsers.mw | MarketWatchParser result: 30 constituents
2026-05-05 22:46:17 | INFO     | pipeline.parsers.mw | MarketWatchParser: MW-NIFTY-MIDSMALL-HEALTHCARE-24-Apr-2026.csv
2026-05-05 22:46:17 | INFO     | pipeline.parsers.mw | Index name: NIFTY MIDSMALL HEALTHCARE
2026-05-05 22:46:18 | INFO     | pipeline.parsers.mw | MarketWatchParser result: 30 constituents
2026-05-05 22:46:18 | INFO     | pipeline.parsers.mw | MarketWatchParser: MW-NIFTY-MIDSMALL-HEALTHCARE-24-Mar-2026.csv
2026-05-05 22:46:18 | INFO     | pipeline.parsers.mw | Index name: NIFTY MIDSMALL HEALTHCARE
2026-05-05 22:46:18 | INFO     | pipeline.parsers.mw | MarketWatchParser result: 30 constituents
2026-05-05 22:46:18 | INFO     | pipeline.parsers.mw | MarketWatchParser: MW-NIFTY-MIDSMALL-HEALTHCARE-27-Mar-2026.csv
2026-05-05 22:46:18 | INFO     | pipeline.parsers.mw | Index name: NIFTY MIDSMALL HEALTHCARE
2026-05-05 22:46:18 | INFO     | pipeline.parsers.mw | MarketWatchParser result: 30 constituents
2026-05-05 22:46:18 | INFO     | pipeline.parsers.mw | MarketWatchParser: MW-NIFTY-MIDSMALL-HEALTHCARE-30-Mar-2026.csv
2026-05-05 22:46:18 | INFO     | pipeline.parsers.mw | Index name: NIFTY MIDSMALL HEALTHCARE
2026-05-05 22:46:18 | INFO     | pipeline.parsers.mw | MarketWatchParser result: 30 constituents
2026-05-05 22:46:18 | INFO     | pipeline.parsers.mw | MarketWatchParser: MW-NIFTY-MIDSMALL-IT-&-TELECOM-03-Apr-2026.csv
2026-05-05 22:46:18 | INFO     | pipeline.parsers.mw | Index name: NIFTY MIDSMALL IT & TELECOM
2026-05-05 22:46:18 | INFO     | pipeline.parsers.mw | MarketWatchParser result: 20 constituents
2026-05-05 22:46:18 | INFO     | pipeline.parsers.mw | MarketWatchParser: MW-NIFTY-MIDSMALL-IT-&-TELECOM-06-Apr-2026.csv
2026-05-05 22:46:18 | INFO     | pipeline.parsers.mw | Index name: NIFTY MIDSMALL IT & TELECOM
2026-05-05 22:46:18 | INFO     | pipeline.parsers.mw | MarketWatchParser result: 20 constituents
2026-05-05 22:46:18 | INFO     | pipeline.parsers.mw | MarketWatchParser: MW-NIFTY-MIDSMALL-IT-&-TELECOM-07-Apr-2026.csv
2026-05-05 22:46:18 | INFO     | pipeline.parsers.mw | Index name: NIFTY MIDSMALL IT & TELECOM
2026-05-05 22:46:18 | INFO     | pipeline.parsers.mw | MarketWatchParser result: 20 constituents
2026-05-05 22:46:18 | INFO     | pipeline.parsers.mw | MarketWatchParser: MW-NIFTY-MIDSMALL-IT-&-TELECOM-08-Apr-2026.csv
2026-05-05 22:46:18 | INFO     | pipeline.parsers.mw | Index name: NIFTY MIDSMALL IT & TELECOM
2026-05-05 22:46:18 | INFO     | pipeline.parsers.mw | MarketWatchParser result: 20 constituents
2026-05-05 22:46:18 | INFO     | pipeline.parsers.mw | MarketWatchParser: MW-NIFTY-MIDSMALL-IT-&-TELECOM-09-Apr-2026.csv
2026-05-05 22:46:18 | INFO     | pipeline.parsers.mw | Index name: NIFTY MIDSMALL IT & TELECOM
2026-05-05 22:46:18 | INFO     | pipeline.parsers.mw | MarketWatchParser result: 20 constituents
2026-05-05 22:46:18 | INFO     | pipeline.parsers.mw | MarketWatchParser: MW-NIFTY-MIDSMALL-IT-&-TELECOM-10-Apr-2026.csv
2026-05-05 22:46:18 | INFO     | pipeline.parsers.mw | Index name: NIFTY MIDSMALL IT & TELECOM
2026-05-05 22:46:18 | INFO     | pipeline.parsers.mw | MarketWatchParser result: 20 constituents
2026-05-05 22:46:18 | INFO     | pipeline.parsers.mw | MarketWatchParser: MW-NIFTY-MIDSMALL-IT-&-TELECOM-13-Apr-2026.csv
2026-05-05 22:46:18 | INFO     | pipeline.parsers.mw | Index name: NIFTY MIDSMALL IT & TELECOM
2026-05-05 22:46:18 | INFO     | pipeline.parsers.mw | MarketWatchParser result: 20 constituents
2026-05-05 22:46:18 | INFO     | pipeline.parsers.mw | MarketWatchParser: MW-NIFTY-MIDSMALL-IT-&-TELECOM-15-Apr-2026.csv
2026-05-05 22:46:18 | INFO     | pipeline.parsers.mw | Index name: NIFTY MIDSMALL IT & TELECOM
2026-05-05 22:46:18 | INFO     | pipeline.parsers.mw | MarketWatchParser result: 20 constituents
2026-05-05 22:46:18 | INFO     | pipeline.parsers.mw | MarketWatchParser: MW-NIFTY-MIDSMALL-IT-&-TELECOM-16-Apr-2026.csv
2026-05-05 22:46:18 | INFO     | pipeline.parsers.mw | Index name: NIFTY MIDSMALL IT & TELECOM
2026-05-05 22:46:18 | INFO     | pipeline.parsers.mw | MarketWatchParser result: 20 constituents
2026-05-05 22:46:18 | INFO     | pipeline.parsers.mw | MarketWatchParser: MW-NIFTY-MIDSMALL-IT-&-TELECOM-17-Apr-2026.csv
2026-05-05 22:46:18 | INFO     | pipeline.parsers.mw | Index name: NIFTY MIDSMALL IT & TELECOM
2026-05-05 22:46:19 | INFO     | pipeline.parsers.mw | MarketWatchParser result: 20 constituents
2026-05-05 22:46:19 | INFO     | pipeline.parsers.mw | MarketWatchParser: MW-NIFTY-MIDSMALL-IT-&-TELECOM-17-Mar-2026.csv
2026-05-05 22:46:19 | INFO     | pipeline.parsers.mw | Index name: NIFTY MIDSMALL IT & TELECOM
2026-05-05 22:46:19 | INFO     | pipeline.parsers.mw | MarketWatchParser result: 20 constituents
2026-05-05 22:46:19 | INFO     | pipeline.parsers.mw | MarketWatchParser: MW-NIFTY-MIDSMALL-IT-&-TELECOM-18-Mar-2026.csv
2026-05-05 22:46:19 | INFO     | pipeline.parsers.mw | Index name: NIFTY MIDSMALL IT & TELECOM
2026-05-05 22:46:19 | INFO     | pipeline.parsers.mw | MarketWatchParser result: 20 constituents
2026-05-05 22:46:19 | INFO     | pipeline.parsers.mw | MarketWatchParser: MW-NIFTY-MIDSMALL-IT-&-TELECOM-19-Mar-2026.csv
2026-05-05 22:46:19 | INFO     | pipeline.parsers.mw | Index name: NIFTY MIDSMALL IT & TELECOM
2026-05-05 22:46:19 | INFO     | pipeline.parsers.mw | MarketWatchParser result: 20 constituents
2026-05-05 22:46:19 | INFO     | pipeline.parsers.mw | MarketWatchParser: MW-NIFTY-MIDSMALL-IT-&-TELECOM-20-Mar-2026.csv
2026-05-05 22:46:19 | INFO     | pipeline.parsers.mw | Index name: NIFTY MIDSMALL IT & TELECOM
2026-05-05 22:46:19 | INFO     | pipeline.parsers.mw | MarketWatchParser result: 20 constituents
2026-05-05 22:46:19 | INFO     | pipeline.parsers.mw | MarketWatchParser: MW-NIFTY-MIDSMALL-IT-&-TELECOM-21-Apr-2026.csv
2026-05-05 22:46:19 | INFO     | pipeline.parsers.mw | Index name: NIFTY MIDSMALL IT & TELECOM
2026-05-05 22:46:19 | INFO     | pipeline.parsers.mw | MarketWatchParser result: 20 constituents
2026-05-05 22:46:19 | INFO     | pipeline.parsers.mw | MarketWatchParser: MW-NIFTY-MIDSMALL-IT-&-TELECOM-22-Apr-2026.csv
2026-05-05 22:46:19 | INFO     | pipeline.parsers.mw | Index name: NIFTY MIDSMALL IT & TELECOM
2026-05-05 22:46:19 | INFO     | pipeline.parsers.mw | MarketWatchParser result: 20 constituents
2026-05-05 22:46:19 | INFO     | pipeline.parsers.mw | MarketWatchParser: MW-NIFTY-MIDSMALL-IT-&-TELECOM-23-Apr-2026.csv
2026-05-05 22:46:19 | INFO     | pipeline.parsers.mw | Index name: NIFTY MIDSMALL IT & TELECOM
2026-05-05 22:46:19 | INFO     | pipeline.parsers.mw | MarketWatchParser result: 20 constituents
2026-05-05 22:46:19 | INFO     | pipeline.parsers.mw | MarketWatchParser: MW-NIFTY-MIDSMALL-IT-&-TELECOM-23-Mar-2026.csv
2026-05-05 22:46:19 | INFO     | pipeline.parsers.mw | Index name: NIFTY MIDSMALL IT & TELECOM
2026-05-05 22:46:19 | INFO     | pipeline.parsers.mw | MarketWatchParser result: 20 constituents
2026-05-05 22:46:20 | INFO     | pipeline.parsers.mw | MarketWatchParser: MW-NIFTY-MIDSMALL-IT-&-TELECOM-24-Apr-2026.csv
2026-05-05 22:46:20 | INFO     | pipeline.parsers.mw | Index name: NIFTY MIDSMALL IT & TELECOM
2026-05-05 22:46:20 | INFO     | pipeline.parsers.mw | MarketWatchParser result: 20 constituents
2026-05-05 22:46:20 | INFO     | pipeline.parsers.mw | MarketWatchParser: MW-NIFTY-MIDSMALL-IT-&-TELECOM-24-Mar-2026.csv
2026-05-05 22:46:20 | INFO     | pipeline.parsers.mw | Index name: NIFTY MIDSMALL IT & TELECOM
2026-05-05 22:46:20 | INFO     | pipeline.parsers.mw | MarketWatchParser result: 20 constituents
2026-05-05 22:46:20 | INFO     | pipeline.parsers.mw | MarketWatchParser: MW-NIFTY-MIDSMALL-IT-&-TELECOM-27-Mar-2026.csv
2026-05-05 22:46:20 | INFO     | pipeline.parsers.mw | Index name: NIFTY MIDSMALL IT & TELECOM
2026-05-05 22:46:20 | INFO     | pipeline.parsers.mw | MarketWatchParser result: 20 constituents
2026-05-05 22:46:20 | INFO     | pipeline.parsers.mw | MarketWatchParser: MW-NIFTY-MIDSMALL-IT-&-TELECOM-30-Mar-2026.csv
2026-05-05 22:46:20 | INFO     | pipeline.parsers.mw | Index name: NIFTY MIDSMALL IT & TELECOM
2026-05-05 22:46:20 | INFO     | pipeline.parsers.mw | MarketWatchParser result: 20 constituents
2026-05-05 22:46:20 | INFO     | pipeline.parsers.mw | MarketWatchParser: MW-NIFTY-OIL-&-GAS-03-Apr-2026 (1).csv
2026-05-05 22:46:20 | INFO     | pipeline.parsers.mw | Index name: NIFTY OIL & GAS 03 Apr 2026 (1)
2026-05-05 22:46:20 | INFO     | pipeline.parsers.mw | MarketWatchParser result: 15 constituents
2026-05-05 22:46:20 | INFO     | pipeline.parsers.mw | MarketWatchParser: MW-NIFTY-OIL-&-GAS-03-Apr-2026.csv
2026-05-05 22:46:20 | INFO     | pipeline.parsers.mw | Index name: NIFTY OIL & GAS
2026-05-05 22:46:20 | INFO     | pipeline.parsers.mw | MarketWatchParser result: 15 constituents
2026-05-05 22:46:20 | INFO     | pipeline.parsers.mw | MarketWatchParser: MW-NIFTY-OIL-&-GAS-06-Apr-2026 (1).csv
2026-05-05 22:46:20 | INFO     | pipeline.parsers.mw | Index name: NIFTY OIL & GAS 06 Apr 2026 (1)
2026-05-05 22:46:20 | INFO     | pipeline.parsers.mw | MarketWatchParser result: 15 constituents
2026-05-05 22:46:20 | INFO     | pipeline.parsers.mw | MarketWatchParser: MW-NIFTY-OIL-&-GAS-06-Apr-2026.csv
2026-05-05 22:46:20 | INFO     | pipeline.parsers.mw | Index name: NIFTY OIL & GAS
2026-05-05 22:46:20 | INFO     | pipeline.parsers.mw | MarketWatchParser result: 15 constituents
2026-05-05 22:46:20 | INFO     | pipeline.parsers.mw | MarketWatchParser: MW-NIFTY-OIL-&-GAS-07-Apr-2026 (1).csv
2026-05-05 22:46:20 | INFO     | pipeline.parsers.mw | Index name: NIFTY OIL & GAS 07 Apr 2026 (1)
2026-05-05 22:46:20 | INFO     | pipeline.parsers.mw | MarketWatchParser result: 15 constituents
2026-05-05 22:46:20 | INFO     | pipeline.parsers.mw | MarketWatchParser: MW-NIFTY-OIL-&-GAS-07-Apr-2026.csv
2026-05-05 22:46:20 | INFO     | pipeline.parsers.mw | Index name: NIFTY OIL & GAS
2026-05-05 22:46:20 | INFO     | pipeline.parsers.mw | MarketWatchParser result: 15 constituents
2026-05-05 22:46:20 | INFO     | pipeline.parsers.mw | MarketWatchParser: MW-NIFTY-OIL-&-GAS-08-Apr-2026.csv
2026-05-05 22:46:20 | INFO     | pipeline.parsers.mw | Index name: NIFTY OIL & GAS
2026-05-05 22:46:20 | INFO     | pipeline.parsers.mw | MarketWatchParser result: 15 constituents
2026-05-05 22:46:20 | INFO     | pipeline.parsers.mw | MarketWatchParser: MW-NIFTY-OIL-&-GAS-09-Apr-2026.csv
2026-05-05 22:46:20 | INFO     | pipeline.parsers.mw | Index name: NIFTY OIL & GAS
2026-05-05 22:46:20 | INFO     | pipeline.parsers.mw | MarketWatchParser result: 15 constituents
2026-05-05 22:46:20 | INFO     | pipeline.parsers.mw | MarketWatchParser: MW-NIFTY-OIL-&-GAS-10-Apr-2026.csv
2026-05-05 22:46:20 | INFO     | pipeline.parsers.mw | Index name: NIFTY OIL & GAS
2026-05-05 22:46:20 | INFO     | pipeline.parsers.mw | MarketWatchParser result: 15 constituents
2026-05-05 22:46:20 | INFO     | pipeline.parsers.mw | MarketWatchParser: MW-NIFTY-OIL-&-GAS-13-Apr-2026.csv
2026-05-05 22:46:20 | INFO     | pipeline.parsers.mw | Index name: NIFTY OIL & GAS
2026-05-05 22:46:20 | INFO     | pipeline.parsers.mw | MarketWatchParser result: 15 constituents
2026-05-05 22:46:20 | INFO     | pipeline.parsers.mw | MarketWatchParser: MW-NIFTY-OIL-&-GAS-15-Apr-2026.csv
2026-05-05 22:46:20 | INFO     | pipeline.parsers.mw | Index name: NIFTY OIL & GAS
2026-05-05 22:46:20 | INFO     | pipeline.parsers.mw | MarketWatchParser result: 15 constituents
2026-05-05 22:46:20 | INFO     | pipeline.parsers.mw | MarketWatchParser: MW-NIFTY-OIL-&-GAS-16-Apr-2026.csv
2026-05-05 22:46:20 | INFO     | pipeline.parsers.mw | Index name: NIFTY OIL & GAS
2026-05-05 22:46:20 | INFO     | pipeline.parsers.mw | MarketWatchParser result: 15 constituents
2026-05-05 22:46:20 | INFO     | pipeline.parsers.mw | MarketWatchParser: MW-NIFTY-OIL-&-GAS-17-Apr-2026.csv
2026-05-05 22:46:20 | INFO     | pipeline.parsers.mw | Index name: NIFTY OIL & GAS
2026-05-05 22:46:21 | INFO     | pipeline.parsers.mw | MarketWatchParser result: 15 constituents
2026-05-05 22:46:21 | INFO     | pipeline.parsers.mw | MarketWatchParser: MW-NIFTY-OIL-&-GAS-17-Mar-2026.csv
2026-05-05 22:46:21 | INFO     | pipeline.parsers.mw | Index name: NIFTY OIL & GAS
2026-05-05 22:46:21 | INFO     | pipeline.parsers.mw | MarketWatchParser result: 15 constituents
2026-05-05 22:46:21 | INFO     | pipeline.parsers.mw | MarketWatchParser: MW-NIFTY-OIL-&-GAS-18-Mar-2026.csv
2026-05-05 22:46:21 | INFO     | pipeline.parsers.mw | Index name: NIFTY OIL & GAS
2026-05-05 22:46:21 | INFO     | pipeline.parsers.mw | MarketWatchParser result: 15 constituents
2026-05-05 22:46:21 | INFO     | pipeline.parsers.mw | MarketWatchParser: MW-NIFTY-OIL-&-GAS-19-Mar-2026.csv
2026-05-05 22:46:21 | INFO     | pipeline.parsers.mw | Index name: NIFTY OIL & GAS
2026-05-05 22:46:21 | INFO     | pipeline.parsers.mw | MarketWatchParser result: 15 constituents
2026-05-05 22:46:21 | INFO     | pipeline.parsers.mw | MarketWatchParser: MW-NIFTY-OIL-&-GAS-20-Mar-2026.csv
2026-05-05 22:46:21 | INFO     | pipeline.parsers.mw | Index name: NIFTY OIL & GAS
2026-05-05 22:46:21 | INFO     | pipeline.parsers.mw | MarketWatchParser result: 15 constituents
2026-05-05 22:46:21 | INFO     | pipeline.parsers.mw | MarketWatchParser: MW-NIFTY-OIL-&-GAS-21-Apr-2026.csv
2026-05-05 22:46:21 | INFO     | pipeline.parsers.mw | Index name: NIFTY OIL & GAS
2026-05-05 22:46:21 | INFO     | pipeline.parsers.mw | MarketWatchParser result: 15 constituents
2026-05-05 22:46:21 | INFO     | pipeline.parsers.mw | MarketWatchParser: MW-NIFTY-OIL-&-GAS-22-Apr-2026.csv
2026-05-05 22:46:21 | INFO     | pipeline.parsers.mw | Index name: NIFTY OIL & GAS
2026-05-05 22:46:21 | INFO     | pipeline.parsers.mw | MarketWatchParser result: 15 constituents
2026-05-05 22:46:21 | INFO     | pipeline.parsers.mw | MarketWatchParser: MW-NIFTY-OIL-&-GAS-23-Apr-2026.csv
2026-05-05 22:46:21 | INFO     | pipeline.parsers.mw | Index name: NIFTY OIL & GAS
2026-05-05 22:46:21 | INFO     | pipeline.parsers.mw | MarketWatchParser result: 15 constituents
2026-05-05 22:46:21 | INFO     | pipeline.parsers.mw | MarketWatchParser: MW-NIFTY-OIL-&-GAS-23-Mar-2026.csv
2026-05-05 22:46:21 | INFO     | pipeline.parsers.mw | Index name: NIFTY OIL & GAS
2026-05-05 22:46:21 | INFO     | pipeline.parsers.mw | MarketWatchParser result: 15 constituents
2026-05-05 22:46:21 | INFO     | pipeline.parsers.mw | MarketWatchParser: MW-NIFTY-OIL-&-GAS-24-Apr-2026.csv
2026-05-05 22:46:21 | INFO     | pipeline.parsers.mw | Index name: NIFTY OIL & GAS
2026-05-05 22:46:21 | INFO     | pipeline.parsers.mw | MarketWatchParser result: 15 constituents
2026-05-05 22:46:21 | INFO     | pipeline.parsers.mw | MarketWatchParser: MW-NIFTY-OIL-&-GAS-24-Mar-2026.csv
2026-05-05 22:46:21 | INFO     | pipeline.parsers.mw | Index name: NIFTY OIL & GAS
2026-05-05 22:46:21 | INFO     | pipeline.parsers.mw | MarketWatchParser result: 15 constituents
2026-05-05 22:46:21 | INFO     | pipeline.parsers.mw | MarketWatchParser: MW-NIFTY-OIL-&-GAS-27-Apr-2026.csv
2026-05-05 22:46:21 | INFO     | pipeline.parsers.mw | Index name: NIFTY OIL & GAS
2026-05-05 22:46:21 | INFO     | pipeline.parsers.mw | MarketWatchParser result: 15 constituents
2026-05-05 22:46:21 | INFO     | pipeline.parsers.mw | MarketWatchParser: MW-NIFTY-OIL-&-GAS-27-Mar-2026.csv
2026-05-05 22:46:21 | INFO     | pipeline.parsers.mw | Index name: NIFTY OIL & GAS
2026-05-05 22:46:21 | INFO     | pipeline.parsers.mw | MarketWatchParser result: 15 constituents
2026-05-05 22:46:21 | INFO     | pipeline.parsers.mw | MarketWatchParser: MW-NIFTY-OIL-&-GAS-28-Apr-2026.csv
2026-05-05 22:46:21 | INFO     | pipeline.parsers.mw | Index name: NIFTY OIL & GAS
2026-05-05 22:46:21 | INFO     | pipeline.parsers.mw | MarketWatchParser result: 15 constituents
2026-05-05 22:46:21 | INFO     | pipeline.parsers.mw | MarketWatchParser: MW-NIFTY-OIL-&-GAS-29-Apr-2026.csv
2026-05-05 22:46:21 | INFO     | pipeline.parsers.mw | Index name: NIFTY OIL & GAS
2026-05-05 22:46:21 | INFO     | pipeline.parsers.mw | MarketWatchParser result: 15 constituents
2026-05-05 22:46:21 | INFO     | pipeline.parsers.mw | MarketWatchParser: MW-NIFTY-OIL-&-GAS-30-Mar-2026.csv
2026-05-05 22:46:21 | INFO     | pipeline.parsers.mw | Index name: NIFTY OIL & GAS
2026-05-05 22:46:21 | INFO     | pipeline.parsers.mw | MarketWatchParser result: 15 constituents
2026-05-05 22:46:22 | INFO     | pipeline.parsers.mw | MarketWatchParser: MW-NIFTY-PHARMA-03-Apr-2026.csv
2026-05-05 22:46:22 | INFO     | pipeline.parsers.mw | Index name: NIFTY PHARMA
2026-05-05 22:46:22 | INFO     | pipeline.parsers.mw | MarketWatchParser result: 20 constituents
2026-05-05 22:46:22 | INFO     | pipeline.parsers.mw | MarketWatchParser: MW-NIFTY-PHARMA-06-Apr-2026.csv
2026-05-05 22:46:22 | INFO     | pipeline.parsers.mw | Index name: NIFTY PHARMA
2026-05-05 22:46:22 | INFO     | pipeline.parsers.mw | MarketWatchParser result: 20 constituents
2026-05-05 22:46:22 | INFO     | pipeline.parsers.mw | MarketWatchParser: MW-NIFTY-PHARMA-07-Apr-2026.csv
2026-05-05 22:46:22 | INFO     | pipeline.parsers.mw | Index name: NIFTY PHARMA
2026-05-05 22:46:22 | INFO     | pipeline.parsers.mw | MarketWatchParser result: 20 constituents
2026-05-05 22:46:22 | INFO     | pipeline.parsers.mw | MarketWatchParser: MW-NIFTY-PHARMA-08-Apr-2026.csv
2026-05-05 22:46:22 | INFO     | pipeline.parsers.mw | Index name: NIFTY PHARMA
2026-05-05 22:46:22 | INFO     | pipeline.parsers.mw | MarketWatchParser result: 20 constituents
2026-05-05 22:46:22 | INFO     | pipeline.parsers.mw | MarketWatchParser: MW-NIFTY-PHARMA-09-Apr-2026.csv
2026-05-05 22:46:22 | INFO     | pipeline.parsers.mw | Index name: NIFTY PHARMA
2026-05-05 22:46:22 | INFO     | pipeline.parsers.mw | MarketWatchParser result: 20 constituents
2026-05-05 22:46:22 | INFO     | pipeline.parsers.mw | MarketWatchParser: MW-NIFTY-PHARMA-10-Apr-2026.csv
2026-05-05 22:46:22 | INFO     | pipeline.parsers.mw | Index name: NIFTY PHARMA
2026-05-05 22:46:22 | INFO     | pipeline.parsers.mw | MarketWatchParser result: 20 constituents
2026-05-05 22:46:22 | INFO     | pipeline.parsers.mw | MarketWatchParser: MW-NIFTY-PHARMA-13-Apr-2026.csv
2026-05-05 22:46:22 | INFO     | pipeline.parsers.mw | Index name: NIFTY PHARMA
2026-05-05 22:46:22 | INFO     | pipeline.parsers.mw | MarketWatchParser result: 20 constituents
2026-05-05 22:46:22 | INFO     | pipeline.parsers.mw | MarketWatchParser: MW-NIFTY-PHARMA-15-Apr-2026.csv
2026-05-05 22:46:22 | INFO     | pipeline.parsers.mw | Index name: NIFTY PHARMA
2026-05-05 22:46:22 | INFO     | pipeline.parsers.mw | MarketWatchParser result: 20 constituents
2026-05-05 22:46:22 | INFO     | pipeline.parsers.mw | MarketWatchParser: MW-NIFTY-PHARMA-16-Apr-2026.csv
2026-05-05 22:46:22 | INFO     | pipeline.parsers.mw | Index name: NIFTY PHARMA
2026-05-05 22:46:22 | INFO     | pipeline.parsers.mw | MarketWatchParser result: 20 constituents
2026-05-05 22:46:22 | INFO     | pipeline.parsers.mw | MarketWatchParser: MW-NIFTY-PHARMA-17-Apr-2026.csv
2026-05-05 22:46:22 | INFO     | pipeline.parsers.mw | Index name: NIFTY PHARMA
2026-05-05 22:46:22 | INFO     | pipeline.parsers.mw | MarketWatchParser result: 20 constituents
2026-05-05 22:46:22 | INFO     | pipeline.parsers.mw | MarketWatchParser: MW-NIFTY-PHARMA-17-Mar-2026.csv
2026-05-05 22:46:22 | INFO     | pipeline.parsers.mw | Index name: NIFTY PHARMA
2026-05-05 22:46:22 | INFO     | pipeline.parsers.mw | MarketWatchParser result: 20 constituents
2026-05-05 22:46:22 | INFO     | pipeline.parsers.mw | MarketWatchParser: MW-NIFTY-PHARMA-18-Mar-2026.csv
2026-05-05 22:46:22 | INFO     | pipeline.parsers.mw | Index name: NIFTY PHARMA
2026-05-05 22:46:22 | INFO     | pipeline.parsers.mw | MarketWatchParser result: 20 constituents
2026-05-05 22:46:22 | INFO     | pipeline.parsers.mw | MarketWatchParser: MW-NIFTY-PHARMA-19-Mar-2026.csv
2026-05-05 22:46:22 | INFO     | pipeline.parsers.mw | Index name: NIFTY PHARMA
2026-05-05 22:46:22 | INFO     | pipeline.parsers.mw | MarketWatchParser result: 20 constituents
2026-05-05 22:46:22 | INFO     | pipeline.parsers.mw | MarketWatchParser: MW-NIFTY-PHARMA-20-Mar-2026.csv
2026-05-05 22:46:22 | INFO     | pipeline.parsers.mw | Index name: NIFTY PHARMA
2026-05-05 22:46:22 | INFO     | pipeline.parsers.mw | MarketWatchParser result: 20 constituents
2026-05-05 22:46:22 | INFO     | pipeline.parsers.mw | MarketWatchParser: MW-NIFTY-PHARMA-21-Apr-2026.csv
2026-05-05 22:46:22 | INFO     | pipeline.parsers.mw | Index name: NIFTY PHARMA
2026-05-05 22:46:22 | INFO     | pipeline.parsers.mw | MarketWatchParser result: 20 constituents
2026-05-05 22:46:22 | INFO     | pipeline.parsers.mw | MarketWatchParser: MW-NIFTY-PHARMA-22-Apr-2026.csv
2026-05-05 22:46:22 | INFO     | pipeline.parsers.mw | Index name: NIFTY PHARMA
2026-05-05 22:46:22 | INFO     | pipeline.parsers.mw | MarketWatchParser result: 20 constituents
2026-05-05 22:46:22 | INFO     | pipeline.parsers.mw | MarketWatchParser: MW-NIFTY-PHARMA-23-Apr-2026.csv
2026-05-05 22:46:22 | INFO     | pipeline.parsers.mw | Index name: NIFTY PHARMA
2026-05-05 22:46:22 | INFO     | pipeline.parsers.mw | MarketWatchParser result: 20 constituents
2026-05-05 22:46:22 | INFO     | pipeline.parsers.mw | MarketWatchParser: MW-NIFTY-PHARMA-23-Mar-2026.csv
2026-05-05 22:46:22 | INFO     | pipeline.parsers.mw | Index name: NIFTY PHARMA
2026-05-05 22:46:23 | INFO     | pipeline.parsers.mw | MarketWatchParser result: 20 constituents
2026-05-05 22:46:23 | INFO     | pipeline.parsers.mw | MarketWatchParser: MW-NIFTY-PHARMA-24-Apr-2026.csv
2026-05-05 22:46:23 | INFO     | pipeline.parsers.mw | Index name: NIFTY PHARMA
2026-05-05 22:46:23 | INFO     | pipeline.parsers.mw | MarketWatchParser result: 20 constituents
2026-05-05 22:46:23 | INFO     | pipeline.parsers.mw | MarketWatchParser: MW-NIFTY-PHARMA-24-Mar-2026.csv
2026-05-05 22:46:23 | INFO     | pipeline.parsers.mw | Index name: NIFTY PHARMA
2026-05-05 22:46:23 | INFO     | pipeline.parsers.mw | MarketWatchParser result: 20 constituents
2026-05-05 22:46:23 | INFO     | pipeline.parsers.mw | MarketWatchParser: MW-NIFTY-PHARMA-27-Mar-2026.csv
2026-05-05 22:46:23 | INFO     | pipeline.parsers.mw | Index name: NIFTY PHARMA
2026-05-05 22:46:23 | INFO     | pipeline.parsers.mw | MarketWatchParser result: 20 constituents
2026-05-05 22:46:23 | INFO     | pipeline.parsers.mw | MarketWatchParser: MW-NIFTY-PHARMA-30-Mar-2026.csv
2026-05-05 22:46:23 | INFO     | pipeline.parsers.mw | Index name: NIFTY PHARMA
2026-05-05 22:46:23 | INFO     | pipeline.parsers.mw | MarketWatchParser result: 20 constituents
2026-05-05 22:46:23 | INFO     | pipeline.parsers.mw | MarketWatchParser: MW-NIFTY-PRIVATE-BANK-03-Apr-2026.csv
2026-05-05 22:46:23 | INFO     | pipeline.parsers.mw | Index name: NIFTY PRIVATE BANK
2026-05-05 22:46:23 | INFO     | pipeline.parsers.mw | MarketWatchParser result: 10 constituents
2026-05-05 22:46:23 | INFO     | pipeline.parsers.mw | MarketWatchParser: MW-NIFTY-PRIVATE-BANK-06-Apr-2026.csv
2026-05-05 22:46:23 | INFO     | pipeline.parsers.mw | Index name: NIFTY PRIVATE BANK
2026-05-05 22:46:23 | INFO     | pipeline.parsers.mw | MarketWatchParser result: 10 constituents
2026-05-05 22:46:23 | INFO     | pipeline.parsers.mw | MarketWatchParser: MW-NIFTY-PRIVATE-BANK-07-Apr-2026.csv
2026-05-05 22:46:23 | INFO     | pipeline.parsers.mw | Index name: NIFTY PRIVATE BANK
2026-05-05 22:46:23 | INFO     | pipeline.parsers.mw | MarketWatchParser result: 10 constituents
2026-05-05 22:46:23 | INFO     | pipeline.parsers.mw | MarketWatchParser: MW-NIFTY-PRIVATE-BANK-08-Apr-2026.csv
2026-05-05 22:46:23 | INFO     | pipeline.parsers.mw | Index name: NIFTY PRIVATE BANK
2026-05-05 22:46:23 | INFO     | pipeline.parsers.mw | MarketWatchParser result: 10 constituents
2026-05-05 22:46:23 | INFO     | pipeline.parsers.mw | MarketWatchParser: MW-NIFTY-PRIVATE-BANK-09-Apr-2026.csv
2026-05-05 22:46:23 | INFO     | pipeline.parsers.mw | Index name: NIFTY PRIVATE BANK
2026-05-05 22:46:23 | INFO     | pipeline.parsers.mw | MarketWatchParser result: 10 constituents
2026-05-05 22:46:23 | INFO     | pipeline.parsers.mw | MarketWatchParser: MW-NIFTY-PRIVATE-BANK-10-Apr-2026.csv
2026-05-05 22:46:23 | INFO     | pipeline.parsers.mw | Index name: NIFTY PRIVATE BANK
2026-05-05 22:46:23 | INFO     | pipeline.parsers.mw | MarketWatchParser result: 10 constituents
2026-05-05 22:46:23 | INFO     | pipeline.parsers.mw | MarketWatchParser: MW-NIFTY-PRIVATE-BANK-13-Apr-2026.csv
2026-05-05 22:46:23 | INFO     | pipeline.parsers.mw | Index name: NIFTY PRIVATE BANK
2026-05-05 22:46:23 | INFO     | pipeline.parsers.mw | MarketWatchParser result: 10 constituents
2026-05-05 22:46:23 | INFO     | pipeline.parsers.mw | MarketWatchParser: MW-NIFTY-PRIVATE-BANK-15-Apr-2026.csv
2026-05-05 22:46:23 | INFO     | pipeline.parsers.mw | Index name: NIFTY PRIVATE BANK
2026-05-05 22:46:23 | INFO     | pipeline.parsers.mw | MarketWatchParser result: 10 constituents
2026-05-05 22:46:23 | INFO     | pipeline.parsers.mw | MarketWatchParser: MW-NIFTY-PRIVATE-BANK-16-Apr-2026.csv
2026-05-05 22:46:23 | INFO     | pipeline.parsers.mw | Index name: NIFTY PRIVATE BANK
2026-05-05 22:46:23 | INFO     | pipeline.parsers.mw | MarketWatchParser result: 10 constituents
2026-05-05 22:46:23 | INFO     | pipeline.parsers.mw | MarketWatchParser: MW-NIFTY-PRIVATE-BANK-17-Apr-2026.csv
2026-05-05 22:46:23 | INFO     | pipeline.parsers.mw | Index name: NIFTY PRIVATE BANK
2026-05-05 22:46:23 | INFO     | pipeline.parsers.mw | MarketWatchParser result: 10 constituents
2026-05-05 22:46:23 | INFO     | pipeline.parsers.mw | MarketWatchParser: MW-NIFTY-PRIVATE-BANK-17-Mar-2026.csv
2026-05-05 22:46:23 | INFO     | pipeline.parsers.mw | Index name: NIFTY PRIVATE BANK
2026-05-05 22:46:23 | INFO     | pipeline.parsers.mw | MarketWatchParser result: 10 constituents
2026-05-05 22:46:23 | INFO     | pipeline.parsers.mw | MarketWatchParser: MW-NIFTY-PRIVATE-BANK-18-Mar-2026.csv
2026-05-05 22:46:23 | INFO     | pipeline.parsers.mw | Index name: NIFTY PRIVATE BANK
2026-05-05 22:46:23 | INFO     | pipeline.parsers.mw | MarketWatchParser result: 10 constituents
2026-05-05 22:46:23 | INFO     | pipeline.parsers.mw | MarketWatchParser: MW-NIFTY-PRIVATE-BANK-19-Mar-2026.csv
2026-05-05 22:46:23 | INFO     | pipeline.parsers.mw | Index name: NIFTY PRIVATE BANK
2026-05-05 22:46:23 | INFO     | pipeline.parsers.mw | MarketWatchParser result: 10 constituents
2026-05-05 22:46:24 | INFO     | pipeline.parsers.mw | MarketWatchParser: MW-NIFTY-PRIVATE-BANK-20-Mar-2026.csv
2026-05-05 22:46:24 | INFO     | pipeline.parsers.mw | Index name: NIFTY PRIVATE BANK
2026-05-05 22:46:24 | INFO     | pipeline.parsers.mw | MarketWatchParser result: 10 constituents
2026-05-05 22:46:24 | INFO     | pipeline.parsers.mw | MarketWatchParser: MW-NIFTY-PRIVATE-BANK-21-Apr-2026.csv
2026-05-05 22:46:24 | INFO     | pipeline.parsers.mw | Index name: NIFTY PRIVATE BANK
2026-05-05 22:46:24 | INFO     | pipeline.parsers.mw | MarketWatchParser result: 10 constituents
2026-05-05 22:46:24 | INFO     | pipeline.parsers.mw | MarketWatchParser: MW-NIFTY-PRIVATE-BANK-22-Apr-2026.csv
2026-05-05 22:46:24 | INFO     | pipeline.parsers.mw | Index name: NIFTY PRIVATE BANK
2026-05-05 22:46:24 | INFO     | pipeline.parsers.mw | MarketWatchParser result: 10 constituents
2026-05-05 22:46:24 | INFO     | pipeline.parsers.mw | MarketWatchParser: MW-NIFTY-PRIVATE-BANK-23-Apr-2026.csv
2026-05-05 22:46:24 | INFO     | pipeline.parsers.mw | Index name: NIFTY PRIVATE BANK
2026-05-05 22:46:24 | INFO     | pipeline.parsers.mw | MarketWatchParser result: 10 constituents
2026-05-05 22:46:24 | INFO     | pipeline.parsers.mw | MarketWatchParser: MW-NIFTY-PRIVATE-BANK-23-Mar-2026.csv
2026-05-05 22:46:24 | INFO     | pipeline.parsers.mw | Index name: NIFTY PRIVATE BANK
2026-05-05 22:46:24 | INFO     | pipeline.parsers.mw | MarketWatchParser result: 10 constituents
2026-05-05 22:46:24 | INFO     | pipeline.parsers.mw | MarketWatchParser: MW-NIFTY-PRIVATE-BANK-24-Apr-2026.csv
2026-05-05 22:46:24 | INFO     | pipeline.parsers.mw | Index name: NIFTY PRIVATE BANK
2026-05-05 22:46:24 | INFO     | pipeline.parsers.mw | MarketWatchParser result: 10 constituents
2026-05-05 22:46:24 | INFO     | pipeline.parsers.mw | MarketWatchParser: MW-NIFTY-PRIVATE-BANK-24-Mar-2026.csv
2026-05-05 22:46:24 | INFO     | pipeline.parsers.mw | Index name: NIFTY PRIVATE BANK
2026-05-05 22:46:24 | INFO     | pipeline.parsers.mw | MarketWatchParser result: 10 constituents
2026-05-05 22:46:24 | INFO     | pipeline.parsers.mw | MarketWatchParser: MW-NIFTY-PRIVATE-BANK-27-Apr-2026.csv
2026-05-05 22:46:24 | INFO     | pipeline.parsers.mw | Index name: NIFTY PRIVATE BANK
2026-05-05 22:46:24 | INFO     | pipeline.parsers.mw | MarketWatchParser result: 10 constituents
2026-05-05 22:46:24 | INFO     | pipeline.parsers.mw | MarketWatchParser: MW-NIFTY-PRIVATE-BANK-27-Mar-2026.csv
2026-05-05 22:46:24 | INFO     | pipeline.parsers.mw | Index name: NIFTY PRIVATE BANK
2026-05-05 22:46:24 | INFO     | pipeline.parsers.mw | MarketWatchParser result: 10 constituents
2026-05-05 22:46:24 | INFO     | pipeline.parsers.mw | MarketWatchParser: MW-NIFTY-PRIVATE-BANK-28-Apr-2026.csv
2026-05-05 22:46:24 | INFO     | pipeline.parsers.mw | Index name: NIFTY PRIVATE BANK
2026-05-05 22:46:24 | INFO     | pipeline.parsers.mw | MarketWatchParser result: 10 constituents
2026-05-05 22:46:24 | INFO     | pipeline.parsers.mw | MarketWatchParser: MW-NIFTY-PRIVATE-BANK-29-Apr-2026.csv
2026-05-05 22:46:24 | INFO     | pipeline.parsers.mw | Index name: NIFTY PRIVATE BANK
2026-05-05 22:46:24 | INFO     | pipeline.parsers.mw | MarketWatchParser result: 10 constituents
2026-05-05 22:46:24 | INFO     | pipeline.parsers.mw | MarketWatchParser: MW-NIFTY-PRIVATE-BANK-30-Mar-2026.csv
2026-05-05 22:46:24 | INFO     | pipeline.parsers.mw | Index name: NIFTY PRIVATE BANK
2026-05-05 22:46:24 | INFO     | pipeline.parsers.mw | MarketWatchParser result: 10 constituents
2026-05-05 22:46:24 | INFO     | pipeline.parsers.mw | MarketWatchParser: MW-NIFTY-PSU-BANK-03-Apr-2026.csv
2026-05-05 22:46:24 | INFO     | pipeline.parsers.mw | Index name: NIFTY PSU BANK
2026-05-05 22:46:24 | INFO     | pipeline.parsers.mw | MarketWatchParser result: 12 constituents
2026-05-05 22:46:24 | INFO     | pipeline.parsers.mw | MarketWatchParser: MW-NIFTY-PSU-BANK-06-Apr-2026.csv
2026-05-05 22:46:24 | INFO     | pipeline.parsers.mw | Index name: NIFTY PSU BANK
2026-05-05 22:46:24 | INFO     | pipeline.parsers.mw | MarketWatchParser result: 12 constituents
2026-05-05 22:46:24 | INFO     | pipeline.parsers.mw | MarketWatchParser: MW-NIFTY-PSU-BANK-07-Apr-2026.csv
2026-05-05 22:46:24 | INFO     | pipeline.parsers.mw | Index name: NIFTY PSU BANK
2026-05-05 22:46:24 | INFO     | pipeline.parsers.mw | MarketWatchParser result: 12 constituents
2026-05-05 22:46:24 | INFO     | pipeline.parsers.mw | MarketWatchParser: MW-NIFTY-PSU-BANK-08-Apr-2026.csv
2026-05-05 22:46:24 | INFO     | pipeline.parsers.mw | Index name: NIFTY PSU BANK
2026-05-05 22:46:24 | INFO     | pipeline.parsers.mw | MarketWatchParser result: 12 constituents
2026-05-05 22:46:25 | INFO     | pipeline.parsers.mw | MarketWatchParser: MW-NIFTY-PSU-BANK-09-Apr-2026.csv
2026-05-05 22:46:25 | INFO     | pipeline.parsers.mw | Index name: NIFTY PSU BANK
2026-05-05 22:46:25 | INFO     | pipeline.parsers.mw | MarketWatchParser result: 12 constituents
2026-05-05 22:46:25 | INFO     | pipeline.parsers.mw | MarketWatchParser: MW-NIFTY-PSU-BANK-10-Apr-2026.csv
2026-05-05 22:46:25 | INFO     | pipeline.parsers.mw | Index name: NIFTY PSU BANK
2026-05-05 22:46:25 | INFO     | pipeline.parsers.mw | MarketWatchParser result: 12 constituents
2026-05-05 22:46:25 | INFO     | pipeline.parsers.mw | MarketWatchParser: MW-NIFTY-PSU-BANK-13-Apr-2026.csv
2026-05-05 22:46:25 | INFO     | pipeline.parsers.mw | Index name: NIFTY PSU BANK
2026-05-05 22:46:25 | INFO     | pipeline.parsers.mw | MarketWatchParser result: 12 constituents
2026-05-05 22:46:25 | INFO     | pipeline.parsers.mw | MarketWatchParser: MW-NIFTY-PSU-BANK-15-Apr-2026.csv
2026-05-05 22:46:25 | INFO     | pipeline.parsers.mw | Index name: NIFTY PSU BANK
2026-05-05 22:46:25 | INFO     | pipeline.parsers.mw | MarketWatchParser result: 12 constituents
2026-05-05 22:46:25 | INFO     | pipeline.parsers.mw | MarketWatchParser: MW-NIFTY-PSU-BANK-16-Apr-2026.csv
2026-05-05 22:46:25 | INFO     | pipeline.parsers.mw | Index name: NIFTY PSU BANK
2026-05-05 22:46:25 | INFO     | pipeline.parsers.mw | MarketWatchParser result: 12 constituents
2026-05-05 22:46:25 | INFO     | pipeline.parsers.mw | MarketWatchParser: MW-NIFTY-PSU-BANK-17-Apr-2026.csv
2026-05-05 22:46:25 | INFO     | pipeline.parsers.mw | Index name: NIFTY PSU BANK
2026-05-05 22:46:25 | INFO     | pipeline.parsers.mw | MarketWatchParser result: 12 constituents
2026-05-05 22:46:25 | INFO     | pipeline.parsers.mw | MarketWatchParser: MW-NIFTY-PSU-BANK-17-Mar-2026.csv
2026-05-05 22:46:25 | INFO     | pipeline.parsers.mw | Index name: NIFTY PSU BANK
2026-05-05 22:46:25 | INFO     | pipeline.parsers.mw | MarketWatchParser result: 12 constituents
2026-05-05 22:46:25 | INFO     | pipeline.parsers.mw | MarketWatchParser: MW-NIFTY-PSU-BANK-18-Mar-2026.csv
2026-05-05 22:46:25 | INFO     | pipeline.parsers.mw | Index name: NIFTY PSU BANK
2026-05-05 22:46:25 | INFO     | pipeline.parsers.mw | MarketWatchParser result: 12 constituents
2026-05-05 22:46:25 | INFO     | pipeline.parsers.mw | MarketWatchParser: MW-NIFTY-PSU-BANK-19-Mar-2026.csv
2026-05-05 22:46:25 | INFO     | pipeline.parsers.mw | Index name: NIFTY PSU BANK
2026-05-05 22:46:25 | INFO     | pipeline.parsers.mw | MarketWatchParser result: 12 constituents
2026-05-05 22:46:25 | INFO     | pipeline.parsers.mw | MarketWatchParser: MW-NIFTY-PSU-BANK-20-Mar-2026.csv
2026-05-05 22:46:25 | INFO     | pipeline.parsers.mw | Index name: NIFTY PSU BANK
2026-05-05 22:46:25 | INFO     | pipeline.parsers.mw | MarketWatchParser result: 12 constituents
2026-05-05 22:46:25 | INFO     | pipeline.parsers.mw | MarketWatchParser: MW-NIFTY-PSU-BANK-21-Apr-2026.csv
2026-05-05 22:46:25 | INFO     | pipeline.parsers.mw | Index name: NIFTY PSU BANK
2026-05-05 22:46:25 | INFO     | pipeline.parsers.mw | MarketWatchParser result: 12 constituents
2026-05-05 22:46:25 | INFO     | pipeline.parsers.mw | MarketWatchParser: MW-NIFTY-PSU-BANK-22-Apr-2026.csv
2026-05-05 22:46:25 | INFO     | pipeline.parsers.mw | Index name: NIFTY PSU BANK
2026-05-05 22:46:25 | INFO     | pipeline.parsers.mw | MarketWatchParser result: 12 constituents
2026-05-05 22:46:25 | INFO     | pipeline.parsers.mw | MarketWatchParser: MW-NIFTY-PSU-BANK-23-Apr-2026.csv
2026-05-05 22:46:25 | INFO     | pipeline.parsers.mw | Index name: NIFTY PSU BANK
2026-05-05 22:46:25 | INFO     | pipeline.parsers.mw | MarketWatchParser result: 12 constituents
2026-05-05 22:46:25 | INFO     | pipeline.parsers.mw | MarketWatchParser: MW-NIFTY-PSU-BANK-23-Mar-2026.csv
2026-05-05 22:46:25 | INFO     | pipeline.parsers.mw | Index name: NIFTY PSU BANK
2026-05-05 22:46:25 | INFO     | pipeline.parsers.mw | MarketWatchParser result: 12 constituents
2026-05-05 22:46:25 | INFO     | pipeline.parsers.mw | MarketWatchParser: MW-NIFTY-PSU-BANK-24-Apr-2026.csv
2026-05-05 22:46:25 | INFO     | pipeline.parsers.mw | Index name: NIFTY PSU BANK
2026-05-05 22:46:25 | INFO     | pipeline.parsers.mw | MarketWatchParser result: 12 constituents
2026-05-05 22:46:25 | INFO     | pipeline.parsers.mw | MarketWatchParser: MW-NIFTY-PSU-BANK-24-Mar-2026.csv
2026-05-05 22:46:25 | INFO     | pipeline.parsers.mw | Index name: NIFTY PSU BANK
2026-05-05 22:46:25 | INFO     | pipeline.parsers.mw | MarketWatchParser result: 12 constituents
2026-05-05 22:46:26 | INFO     | pipeline.parsers.mw | MarketWatchParser: MW-NIFTY-PSU-BANK-27-Apr-2026.csv
2026-05-05 22:46:26 | INFO     | pipeline.parsers.mw | Index name: NIFTY PSU BANK
2026-05-05 22:46:26 | INFO     | pipeline.parsers.mw | MarketWatchParser result: 12 constituents
2026-05-05 22:46:26 | INFO     | pipeline.parsers.mw | MarketWatchParser: MW-NIFTY-PSU-BANK-27-Mar-2026.csv
2026-05-05 22:46:26 | INFO     | pipeline.parsers.mw | Index name: NIFTY PSU BANK
2026-05-05 22:46:26 | INFO     | pipeline.parsers.mw | MarketWatchParser result: 12 constituents
2026-05-05 22:46:26 | INFO     | pipeline.parsers.mw | MarketWatchParser: MW-NIFTY-PSU-BANK-28-Apr-2026.csv
2026-05-05 22:46:26 | INFO     | pipeline.parsers.mw | Index name: NIFTY PSU BANK
2026-05-05 22:46:26 | INFO     | pipeline.parsers.mw | MarketWatchParser result: 12 constituents
2026-05-05 22:46:26 | INFO     | pipeline.parsers.mw | MarketWatchParser: MW-NIFTY-PSU-BANK-29-Apr-2026.csv
2026-05-05 22:46:26 | INFO     | pipeline.parsers.mw | Index name: NIFTY PSU BANK
2026-05-05 22:46:26 | INFO     | pipeline.parsers.mw | MarketWatchParser result: 12 constituents
2026-05-05 22:46:26 | INFO     | pipeline.parsers.mw | MarketWatchParser: MW-NIFTY-PSU-BANK-30-Mar-2026.csv
2026-05-05 22:46:26 | INFO     | pipeline.parsers.mw | Index name: NIFTY PSU BANK
2026-05-05 22:46:26 | INFO     | pipeline.parsers.mw | MarketWatchParser result: 12 constituents
2026-05-05 22:46:26 | INFO     | pipeline.parsers.mw | MarketWatchParser: MW-NIFTY-REALTY-03-Apr-2026.csv
2026-05-05 22:46:26 | INFO     | pipeline.parsers.mw | Index name: NIFTY REALTY
2026-05-05 22:46:26 | INFO     | pipeline.parsers.mw | MarketWatchParser result: 10 constituents
2026-05-05 22:46:26 | INFO     | pipeline.parsers.mw | MarketWatchParser: MW-NIFTY-REALTY-06-Apr-2026.csv
2026-05-05 22:46:26 | INFO     | pipeline.parsers.mw | Index name: NIFTY REALTY
2026-05-05 22:46:26 | INFO     | pipeline.parsers.mw | MarketWatchParser result: 10 constituents
2026-05-05 22:46:26 | INFO     | pipeline.parsers.mw | MarketWatchParser: MW-NIFTY-REALTY-07-Apr-2026.csv
2026-05-05 22:46:26 | INFO     | pipeline.parsers.mw | Index name: NIFTY REALTY
2026-05-05 22:46:26 | INFO     | pipeline.parsers.mw | MarketWatchParser result: 10 constituents
2026-05-05 22:46:26 | INFO     | pipeline.parsers.mw | MarketWatchParser: MW-NIFTY-REALTY-08-Apr-2026.csv
2026-05-05 22:46:26 | INFO     | pipeline.parsers.mw | Index name: NIFTY REALTY
2026-05-05 22:46:26 | INFO     | pipeline.parsers.mw | MarketWatchParser result: 10 constituents
2026-05-05 22:46:26 | INFO     | pipeline.parsers.mw | MarketWatchParser: MW-NIFTY-REALTY-09-Apr-2026.csv
2026-05-05 22:46:26 | INFO     | pipeline.parsers.mw | Index name: NIFTY REALTY
2026-05-05 22:46:26 | INFO     | pipeline.parsers.mw | MarketWatchParser result: 10 constituents
2026-05-05 22:46:26 | INFO     | pipeline.parsers.mw | MarketWatchParser: MW-NIFTY-REALTY-10-Apr-2026.csv
2026-05-05 22:46:26 | INFO     | pipeline.parsers.mw | Index name: NIFTY REALTY
2026-05-05 22:46:26 | INFO     | pipeline.parsers.mw | MarketWatchParser result: 10 constituents
2026-05-05 22:46:26 | INFO     | pipeline.parsers.mw | MarketWatchParser: MW-NIFTY-REALTY-13-Apr-2026.csv
2026-05-05 22:46:26 | INFO     | pipeline.parsers.mw | Index name: NIFTY REALTY
2026-05-05 22:46:26 | INFO     | pipeline.parsers.mw | MarketWatchParser result: 10 constituents
2026-05-05 22:46:26 | INFO     | pipeline.parsers.mw | MarketWatchParser: MW-NIFTY-REALTY-15-Apr-2026.csv
2026-05-05 22:46:26 | INFO     | pipeline.parsers.mw | Index name: NIFTY REALTY
2026-05-05 22:46:26 | INFO     | pipeline.parsers.mw | MarketWatchParser result: 10 constituents
2026-05-05 22:46:26 | INFO     | pipeline.parsers.mw | MarketWatchParser: MW-NIFTY-REALTY-16-Apr-2026.csv
2026-05-05 22:46:26 | INFO     | pipeline.parsers.mw | Index name: NIFTY REALTY
2026-05-05 22:46:26 | INFO     | pipeline.parsers.mw | MarketWatchParser result: 10 constituents
2026-05-05 22:46:26 | INFO     | pipeline.parsers.mw | MarketWatchParser: MW-NIFTY-REALTY-17-Apr-2026.csv
2026-05-05 22:46:26 | INFO     | pipeline.parsers.mw | Index name: NIFTY REALTY
2026-05-05 22:46:26 | INFO     | pipeline.parsers.mw | MarketWatchParser result: 10 constituents
2026-05-05 22:46:26 | INFO     | pipeline.parsers.mw | MarketWatchParser: MW-NIFTY-REALTY-17-Mar-2026.csv
2026-05-05 22:46:26 | INFO     | pipeline.parsers.mw | Index name: NIFTY REALTY
2026-05-05 22:46:26 | INFO     | pipeline.parsers.mw | MarketWatchParser result: 10 constituents
2026-05-05 22:46:26 | INFO     | pipeline.parsers.mw | MarketWatchParser: MW-NIFTY-REALTY-18-Mar-2026.csv
2026-05-05 22:46:26 | INFO     | pipeline.parsers.mw | Index name: NIFTY REALTY
2026-05-05 22:46:27 | INFO     | pipeline.parsers.mw | MarketWatchParser result: 10 constituents
2026-05-05 22:46:27 | INFO     | pipeline.parsers.mw | MarketWatchParser: MW-NIFTY-REALTY-19-Mar-2026.csv
2026-05-05 22:46:27 | INFO     | pipeline.parsers.mw | Index name: NIFTY REALTY
2026-05-05 22:46:27 | INFO     | pipeline.parsers.mw | MarketWatchParser result: 10 constituents
2026-05-05 22:46:27 | INFO     | pipeline.parsers.mw | MarketWatchParser: MW-NIFTY-REALTY-20-Mar-2026.csv
2026-05-05 22:46:27 | INFO     | pipeline.parsers.mw | Index name: NIFTY REALTY
2026-05-05 22:46:27 | INFO     | pipeline.parsers.mw | MarketWatchParser result: 10 constituents
2026-05-05 22:46:27 | INFO     | pipeline.parsers.mw | MarketWatchParser: MW-NIFTY-REALTY-21-Apr-2026.csv
2026-05-05 22:46:27 | INFO     | pipeline.parsers.mw | Index name: NIFTY REALTY
2026-05-05 22:46:27 | INFO     | pipeline.parsers.mw | MarketWatchParser result: 10 constituents
2026-05-05 22:46:27 | INFO     | pipeline.parsers.mw | MarketWatchParser: MW-NIFTY-REALTY-22-Apr-2026.csv
2026-05-05 22:46:27 | INFO     | pipeline.parsers.mw | Index name: NIFTY REALTY
2026-05-05 22:46:27 | INFO     | pipeline.parsers.mw | MarketWatchParser result: 10 constituents
2026-05-05 22:46:27 | INFO     | pipeline.parsers.mw | MarketWatchParser: MW-NIFTY-REALTY-23-Apr-2026.csv
2026-05-05 22:46:27 | INFO     | pipeline.parsers.mw | Index name: NIFTY REALTY
2026-05-05 22:46:27 | INFO     | pipeline.parsers.mw | MarketWatchParser result: 10 constituents
2026-05-05 22:46:27 | INFO     | pipeline.parsers.mw | MarketWatchParser: MW-NIFTY-REALTY-23-Mar-2026.csv
2026-05-05 22:46:27 | INFO     | pipeline.parsers.mw | Index name: NIFTY REALTY
2026-05-05 22:46:27 | INFO     | pipeline.parsers.mw | MarketWatchParser result: 10 constituents
2026-05-05 22:46:27 | INFO     | pipeline.parsers.mw | MarketWatchParser: MW-NIFTY-REALTY-24-Apr-2026.csv
2026-05-05 22:46:27 | INFO     | pipeline.parsers.mw | Index name: NIFTY REALTY
2026-05-05 22:46:27 | INFO     | pipeline.parsers.mw | MarketWatchParser result: 10 constituents
2026-05-05 22:46:27 | INFO     | pipeline.parsers.mw | MarketWatchParser: MW-NIFTY-REALTY-24-Mar-2026.csv
2026-05-05 22:46:27 | INFO     | pipeline.parsers.mw | Index name: NIFTY REALTY
2026-05-05 22:46:27 | INFO     | pipeline.parsers.mw | MarketWatchParser result: 10 constituents
2026-05-05 22:46:27 | INFO     | pipeline.parsers.mw | MarketWatchParser: MW-NIFTY-REALTY-27-Apr-2026.csv
2026-05-05 22:46:27 | INFO     | pipeline.parsers.mw | Index name: NIFTY REALTY
2026-05-05 22:46:27 | INFO     | pipeline.parsers.mw | MarketWatchParser result: 10 constituents
2026-05-05 22:46:27 | INFO     | pipeline.parsers.mw | MarketWatchParser: MW-NIFTY-REALTY-27-Mar-2026.csv
2026-05-05 22:46:27 | INFO     | pipeline.parsers.mw | Index name: NIFTY REALTY
2026-05-05 22:46:27 | INFO     | pipeline.parsers.mw | MarketWatchParser result: 10 constituents
2026-05-05 22:46:27 | INFO     | pipeline.parsers.mw | MarketWatchParser: MW-NIFTY-REALTY-28-Apr-2026.csv
2026-05-05 22:46:27 | INFO     | pipeline.parsers.mw | Index name: NIFTY REALTY
2026-05-05 22:46:27 | INFO     | pipeline.parsers.mw | MarketWatchParser result: 10 constituents
2026-05-05 22:46:27 | INFO     | pipeline.parsers.mw | MarketWatchParser: MW-NIFTY-REALTY-29-Apr-2026.csv
2026-05-05 22:46:27 | INFO     | pipeline.parsers.mw | Index name: NIFTY REALTY
2026-05-05 22:46:27 | INFO     | pipeline.parsers.mw | MarketWatchParser result: 10 constituents
2026-05-05 22:46:27 | INFO     | pipeline.parsers.mw | MarketWatchParser: MW-NIFTY-REALTY-30-Mar-2026.csv
2026-05-05 22:46:27 | INFO     | pipeline.parsers.mw | Index name: NIFTY REALTY
2026-05-05 22:46:27 | INFO     | pipeline.parsers.mw | MarketWatchParser result: 10 constituents
2026-05-05 22:46:27 | INFO     | pipeline.parsers.mw | MarketWatchParser: MW-NIFTY500-HEALTHCARE-03-Apr-2026.csv
2026-05-05 22:46:27 | INFO     | pipeline.parsers.mw | Index name: NIFTY500 HEALTHCARE
2026-05-05 22:46:27 | INFO     | pipeline.parsers.mw | MarketWatchParser result: 49 constituents
2026-05-05 22:46:27 | INFO     | pipeline.parsers.mw | MarketWatchParser: MW-NIFTY500-HEALTHCARE-06-Apr-2026.csv
2026-05-05 22:46:27 | INFO     | pipeline.parsers.mw | Index name: NIFTY500 HEALTHCARE
2026-05-05 22:46:27 | INFO     | pipeline.parsers.mw | MarketWatchParser result: 49 constituents
2026-05-05 22:46:27 | INFO     | pipeline.parsers.mw | MarketWatchParser: MW-NIFTY500-HEALTHCARE-07-Apr-2026.csv
2026-05-05 22:46:27 | INFO     | pipeline.parsers.mw | Index name: NIFTY500 HEALTHCARE
2026-05-05 22:46:27 | INFO     | pipeline.parsers.mw | MarketWatchParser result: 49 constituents
2026-05-05 22:46:27 | INFO     | pipeline.parsers.mw | MarketWatchParser: MW-NIFTY500-HEALTHCARE-08-Apr-2026.csv
2026-05-05 22:46:27 | INFO     | pipeline.parsers.mw | Index name: NIFTY500 HEALTHCARE
2026-05-05 22:46:28 | INFO     | pipeline.parsers.mw | MarketWatchParser result: 49 constituents
2026-05-05 22:46:28 | INFO     | pipeline.parsers.mw | MarketWatchParser: MW-NIFTY500-HEALTHCARE-09-Apr-2026.csv
2026-05-05 22:46:28 | INFO     | pipeline.parsers.mw | Index name: NIFTY500 HEALTHCARE
2026-05-05 22:46:28 | INFO     | pipeline.parsers.mw | MarketWatchParser result: 49 constituents
2026-05-05 22:46:28 | INFO     | pipeline.parsers.mw | MarketWatchParser: MW-NIFTY500-HEALTHCARE-10-Apr-2026.csv
2026-05-05 22:46:28 | INFO     | pipeline.parsers.mw | Index name: NIFTY500 HEALTHCARE
2026-05-05 22:46:28 | INFO     | pipeline.parsers.mw | MarketWatchParser result: 49 constituents
2026-05-05 22:46:28 | INFO     | pipeline.parsers.mw | MarketWatchParser: MW-NIFTY500-HEALTHCARE-13-Apr-2026.csv
2026-05-05 22:46:28 | INFO     | pipeline.parsers.mw | Index name: NIFTY500 HEALTHCARE
2026-05-05 22:46:28 | INFO     | pipeline.parsers.mw | MarketWatchParser result: 49 constituents
2026-05-05 22:46:28 | INFO     | pipeline.parsers.mw | MarketWatchParser: MW-NIFTY500-HEALTHCARE-15-Apr-2026.csv
2026-05-05 22:46:28 | INFO     | pipeline.parsers.mw | Index name: NIFTY500 HEALTHCARE
2026-05-05 22:46:28 | INFO     | pipeline.parsers.mw | MarketWatchParser result: 49 constituents
2026-05-05 22:46:28 | INFO     | pipeline.parsers.mw | MarketWatchParser: MW-NIFTY500-HEALTHCARE-16-Apr-2026.csv
2026-05-05 22:46:28 | INFO     | pipeline.parsers.mw | Index name: NIFTY500 HEALTHCARE
2026-05-05 22:46:28 | INFO     | pipeline.parsers.mw | MarketWatchParser result: 49 constituents
2026-05-05 22:46:28 | INFO     | pipeline.parsers.mw | MarketWatchParser: MW-NIFTY500-HEALTHCARE-17-Apr-2026.csv
2026-05-05 22:46:28 | INFO     | pipeline.parsers.mw | Index name: NIFTY500 HEALTHCARE
2026-05-05 22:46:28 | INFO     | pipeline.parsers.mw | MarketWatchParser result: 49 constituents
2026-05-05 22:46:28 | INFO     | pipeline.parsers.mw | MarketWatchParser: MW-NIFTY500-HEALTHCARE-17-Mar-2026.csv
2026-05-05 22:46:28 | INFO     | pipeline.parsers.mw | Index name: NIFTY500 HEALTHCARE
2026-05-05 22:46:28 | INFO     | pipeline.parsers.mw | MarketWatchParser result: 50 constituents
2026-05-05 22:46:28 | INFO     | pipeline.parsers.mw | MarketWatchParser: MW-NIFTY500-HEALTHCARE-18-Mar-2026.csv
2026-05-05 22:46:28 | INFO     | pipeline.parsers.mw | Index name: NIFTY500 HEALTHCARE
2026-05-05 22:46:28 | INFO     | pipeline.parsers.mw | MarketWatchParser result: 50 constituents
2026-05-05 22:46:28 | INFO     | pipeline.parsers.mw | MarketWatchParser: MW-NIFTY500-HEALTHCARE-19-Mar-2026.csv
2026-05-05 22:46:28 | INFO     | pipeline.parsers.mw | Index name: NIFTY500 HEALTHCARE
2026-05-05 22:46:28 | INFO     | pipeline.parsers.mw | MarketWatchParser result: 50 constituents
2026-05-05 22:46:28 | INFO     | pipeline.parsers.mw | MarketWatchParser: MW-NIFTY500-HEALTHCARE-20-Mar-2026.csv
2026-05-05 22:46:28 | INFO     | pipeline.parsers.mw | Index name: NIFTY500 HEALTHCARE
2026-05-05 22:46:28 | INFO     | pipeline.parsers.mw | MarketWatchParser result: 50 constituents
2026-05-05 22:46:28 | INFO     | pipeline.parsers.mw | MarketWatchParser: MW-NIFTY500-HEALTHCARE-21-Apr-2026.csv
2026-05-05 22:46:28 | INFO     | pipeline.parsers.mw | Index name: NIFTY500 HEALTHCARE
2026-05-05 22:46:28 | INFO     | pipeline.parsers.mw | MarketWatchParser result: 49 constituents
2026-05-05 22:46:28 | INFO     | pipeline.parsers.mw | MarketWatchParser: MW-NIFTY500-HEALTHCARE-22-Apr-2026.csv
2026-05-05 22:46:28 | INFO     | pipeline.parsers.mw | Index name: NIFTY500 HEALTHCARE
2026-05-05 22:46:28 | INFO     | pipeline.parsers.mw | MarketWatchParser result: 49 constituents
2026-05-05 22:46:28 | INFO     | pipeline.parsers.mw | MarketWatchParser: MW-NIFTY500-HEALTHCARE-23-Apr-2026.csv
2026-05-05 22:46:28 | INFO     | pipeline.parsers.mw | Index name: NIFTY500 HEALTHCARE
2026-05-05 22:46:28 | INFO     | pipeline.parsers.mw | MarketWatchParser result: 49 constituents
2026-05-05 22:46:28 | INFO     | pipeline.parsers.mw | MarketWatchParser: MW-NIFTY500-HEALTHCARE-23-Mar-2026.csv
2026-05-05 22:46:28 | INFO     | pipeline.parsers.mw | Index name: NIFTY500 HEALTHCARE
2026-05-05 22:46:28 | INFO     | pipeline.parsers.mw | MarketWatchParser result: 50 constituents
2026-05-05 22:46:28 | INFO     | pipeline.parsers.mw | MarketWatchParser: MW-NIFTY500-HEALTHCARE-24-Apr-2026.csv
2026-05-05 22:46:28 | INFO     | pipeline.parsers.mw | Index name: NIFTY500 HEALTHCARE
2026-05-05 22:46:29 | INFO     | pipeline.parsers.mw | MarketWatchParser result: 49 constituents
2026-05-05 22:46:29 | INFO     | pipeline.parsers.mw | MarketWatchParser: MW-NIFTY500-HEALTHCARE-24-Mar-2026.csv
2026-05-05 22:46:29 | INFO     | pipeline.parsers.mw | Index name: NIFTY500 HEALTHCARE
2026-05-05 22:46:29 | INFO     | pipeline.parsers.mw | MarketWatchParser result: 50 constituents
2026-05-05 22:46:29 | INFO     | pipeline.parsers.mw | MarketWatchParser: MW-NIFTY500-HEALTHCARE-27-Apr-2026.csv
2026-05-05 22:46:29 | INFO     | pipeline.parsers.mw | Index name: NIFTY500 HEALTHCARE
2026-05-05 22:46:29 | INFO     | pipeline.parsers.mw | MarketWatchParser result: 49 constituents
2026-05-05 22:46:29 | INFO     | pipeline.parsers.mw | MarketWatchParser: MW-NIFTY500-HEALTHCARE-27-Mar-2026.csv
2026-05-05 22:46:29 | INFO     | pipeline.parsers.mw | Index name: NIFTY500 HEALTHCARE
2026-05-05 22:46:29 | INFO     | pipeline.parsers.mw | MarketWatchParser result: 50 constituents
2026-05-05 22:46:29 | INFO     | pipeline.parsers.mw | MarketWatchParser: MW-NIFTY500-HEALTHCARE-28-Apr-2026.csv
2026-05-05 22:46:29 | INFO     | pipeline.parsers.mw | Index name: NIFTY500 HEALTHCARE
2026-05-05 22:46:29 | INFO     | pipeline.parsers.mw | MarketWatchParser result: 49 constituents
2026-05-05 22:46:29 | INFO     | pipeline.parsers.mw | MarketWatchParser: MW-NIFTY500-HEALTHCARE-29-Apr-2026.csv
2026-05-05 22:46:29 | INFO     | pipeline.parsers.mw | Index name: NIFTY500 HEALTHCARE
2026-05-05 22:46:29 | INFO     | pipeline.parsers.mw | MarketWatchParser result: 49 constituents
2026-05-05 22:46:29 | INFO     | pipeline.parsers.mw | MarketWatchParser: MW-NIFTY500-HEALTHCARE-30-Mar-2026.csv
2026-05-05 22:46:29 | INFO     | pipeline.parsers.mw | Index name: NIFTY500 HEALTHCARE
2026-05-05 22:46:29 | INFO     | pipeline.parsers.mw | MarketWatchParser result: 50 constituents
2026-05-05 22:46:29 | INFO     | pipeline.parsers.mw | MarketWatchParser: MW-NIFTY-50-03-Apr-2026.csv
2026-05-05 22:46:29 | INFO     | pipeline.parsers.mw | Index name: NIFTY 50
2026-05-05 22:46:29 | INFO     | pipeline.parsers.mw | MarketWatchParser result: 50 constituents
2026-05-05 22:46:29 | INFO     | pipeline.parsers.mw | MarketWatchParser: MW-NIFTY-50-05-May-2026.csv
2026-05-05 22:46:29 | INFO     | pipeline.parsers.mw | Index name: NIFTY 50
2026-05-05 22:46:29 | INFO     | pipeline.parsers.mw | MarketWatchParser result: 50 constituents
2026-05-05 22:46:29 | INFO     | pipeline.parsers.mw | MarketWatchParser: MW-NIFTY-50-07-Apr-2026.csv
2026-05-05 22:46:29 | INFO     | pipeline.parsers.mw | Index name: NIFTY 50
2026-05-05 22:46:29 | INFO     | pipeline.parsers.mw | MarketWatchParser result: 50 constituents
2026-05-05 22:46:29 | INFO     | pipeline.parsers.mw | MarketWatchParser: MW-NIFTY-50-08-Apr-2026.csv
2026-05-05 22:46:29 | INFO     | pipeline.parsers.mw | Index name: NIFTY 50
2026-05-05 22:46:29 | INFO     | pipeline.parsers.mw | MarketWatchParser result: 50 constituents
2026-05-05 22:46:29 | INFO     | pipeline.parsers.mw | MarketWatchParser: MW-NIFTY-50-09-Apr-2026.csv
2026-05-05 22:46:29 | INFO     | pipeline.parsers.mw | Index name: NIFTY 50
2026-05-05 22:46:29 | INFO     | pipeline.parsers.mw | MarketWatchParser result: 50 constituents
2026-05-05 22:46:29 | INFO     | pipeline.parsers.mw | MarketWatchParser: MW-NIFTY-50-10-Apr-2026.csv
2026-05-05 22:46:29 | INFO     | pipeline.parsers.mw | Index name: NIFTY 50
2026-05-05 22:46:29 | INFO     | pipeline.parsers.mw | MarketWatchParser result: 50 constituents
2026-05-05 22:46:29 | INFO     | pipeline.parsers.mw | MarketWatchParser: MW-NIFTY-50-13-Apr-2026 (1).csv
2026-05-05 22:46:29 | INFO     | pipeline.parsers.mw | Index name: NIFTY 50 13 Apr 2026 (1)
2026-05-05 22:46:29 | INFO     | pipeline.parsers.mw | MarketWatchParser result: 50 constituents
2026-05-05 22:46:29 | INFO     | pipeline.parsers.mw | MarketWatchParser: MW-NIFTY-50-13-Apr-2026.csv
2026-05-05 22:46:29 | INFO     | pipeline.parsers.mw | Index name: NIFTY 50
2026-05-05 22:46:29 | INFO     | pipeline.parsers.mw | MarketWatchParser result: 50 constituents
2026-05-05 22:46:29 | INFO     | pipeline.parsers.mw | MarketWatchParser: MW-NIFTY-50-15-Apr-2026.csv
2026-05-05 22:46:29 | INFO     | pipeline.parsers.mw | Index name: NIFTY 50
2026-05-05 22:46:29 | INFO     | pipeline.parsers.mw | MarketWatchParser result: 50 constituents
2026-05-05 22:46:29 | INFO     | pipeline.parsers.mw | MarketWatchParser: MW-NIFTY-50-16-Apr-2026.csv
2026-05-05 22:46:29 | INFO     | pipeline.parsers.mw | Index name: NIFTY 50
2026-05-05 22:46:29 | INFO     | pipeline.parsers.mw | MarketWatchParser result: 50 constituents
2026-05-05 22:46:29 | INFO     | pipeline.parsers.mw | MarketWatchParser: MW-NIFTY-50-17-Apr-2026.csv
2026-05-05 22:46:29 | INFO     | pipeline.parsers.mw | Index name: NIFTY 50
2026-05-05 22:46:30 | INFO     | pipeline.parsers.mw | MarketWatchParser result: 50 constituents
2026-05-05 22:46:30 | INFO     | pipeline.parsers.mw | MarketWatchParser: MW-NIFTY-50-17-Mar-2026.csv
2026-05-05 22:46:30 | INFO     | pipeline.parsers.mw | Index name: NIFTY 50
2026-05-05 22:46:30 | INFO     | pipeline.parsers.mw | MarketWatchParser result: 50 constituents
2026-05-05 22:46:30 | INFO     | pipeline.parsers.mw | MarketWatchParser: MW-NIFTY-50-18-Mar-2026.csv
2026-05-05 22:46:30 | INFO     | pipeline.parsers.mw | Index name: NIFTY 50
2026-05-05 22:46:30 | INFO     | pipeline.parsers.mw | MarketWatchParser result: 50 constituents
2026-05-05 22:46:30 | INFO     | pipeline.parsers.mw | MarketWatchParser: MW-NIFTY-50-19-Mar-2026.csv
2026-05-05 22:46:30 | INFO     | pipeline.parsers.mw | Index name: NIFTY 50
2026-05-05 22:46:30 | INFO     | pipeline.parsers.mw | MarketWatchParser result: 50 constituents
2026-05-05 22:46:30 | INFO     | pipeline.parsers.mw | MarketWatchParser: MW-NIFTY-50-20-Mar-2026.csv
2026-05-05 22:46:30 | INFO     | pipeline.parsers.mw | Index name: NIFTY 50
2026-05-05 22:46:30 | INFO     | pipeline.parsers.mw | MarketWatchParser result: 50 constituents
2026-05-05 22:46:30 | INFO     | pipeline.parsers.mw | MarketWatchParser: MW-NIFTY-50-21-Apr-2026.csv
2026-05-05 22:46:30 | INFO     | pipeline.parsers.mw | Index name: NIFTY 50
2026-05-05 22:46:30 | INFO     | pipeline.parsers.mw | MarketWatchParser result: 50 constituents
2026-05-05 22:46:30 | INFO     | pipeline.parsers.mw | MarketWatchParser: MW-NIFTY-50-22-Apr-2026.csv
2026-05-05 22:46:30 | INFO     | pipeline.parsers.mw | Index name: NIFTY 50
2026-05-05 22:46:30 | INFO     | pipeline.parsers.mw | MarketWatchParser result: 50 constituents
2026-05-05 22:46:30 | INFO     | pipeline.parsers.mw | MarketWatchParser: MW-NIFTY-50-23-Apr-2026.csv
2026-05-05 22:46:30 | INFO     | pipeline.parsers.mw | Index name: NIFTY 50
2026-05-05 22:46:30 | INFO     | pipeline.parsers.mw | MarketWatchParser result: 50 constituents
2026-05-05 22:46:30 | INFO     | pipeline.parsers.mw | MarketWatchParser: MW-NIFTY-50-23-Mar-2026.csv
2026-05-05 22:46:30 | INFO     | pipeline.parsers.mw | Index name: NIFTY 50
2026-05-05 22:46:30 | INFO     | pipeline.parsers.mw | MarketWatchParser result: 50 constituents
2026-05-05 22:46:30 | INFO     | pipeline.parsers.mw | MarketWatchParser: MW-NIFTY-50-24-Apr-2026.csv
2026-05-05 22:46:30 | INFO     | pipeline.parsers.mw | Index name: NIFTY 50
2026-05-05 22:46:30 | INFO     | pipeline.parsers.mw | MarketWatchParser result: 50 constituents
2026-05-05 22:46:30 | INFO     | pipeline.parsers.mw | MarketWatchParser: MW-NIFTY-50-24-Mar-2026.csv
2026-05-05 22:46:30 | INFO     | pipeline.parsers.mw | Index name: NIFTY 50
2026-05-05 22:46:30 | INFO     | pipeline.parsers.mw | MarketWatchParser result: 50 constituents
2026-05-05 22:46:30 | INFO     | pipeline.parsers.mw | MarketWatchParser: MW-NIFTY-50-27-Apr-2026.csv
2026-05-05 22:46:30 | INFO     | pipeline.parsers.mw | Index name: NIFTY 50
2026-05-05 22:46:30 | INFO     | pipeline.parsers.mw | MarketWatchParser result: 50 constituents
2026-05-05 22:46:30 | INFO     | pipeline.parsers.mw | MarketWatchParser: MW-NIFTY-50-27-Mar-2026.csv
2026-05-05 22:46:30 | INFO     | pipeline.parsers.mw | Index name: NIFTY 50
2026-05-05 22:46:30 | INFO     | pipeline.parsers.mw | MarketWatchParser result: 50 constituents
2026-05-05 22:46:30 | INFO     | pipeline.parsers.mw | MarketWatchParser: MW-NIFTY-50-28-Apr-2026.csv
2026-05-05 22:46:30 | INFO     | pipeline.parsers.mw | Index name: NIFTY 50
2026-05-05 22:46:30 | INFO     | pipeline.parsers.mw | MarketWatchParser result: 50 constituents
2026-05-05 22:46:30 | INFO     | pipeline.parsers.mw | MarketWatchParser: MW-NIFTY-50-29-Apr-2026.csv
2026-05-05 22:46:30 | INFO     | pipeline.parsers.mw | Index name: NIFTY 50
2026-05-05 22:46:31 | INFO     | pipeline.parsers.mw | MarketWatchParser result: 50 constituents
2026-05-05 22:46:31 | INFO     | pipeline.parsers.mw | MarketWatchParser: MW-NIFTY-50-30-Mar-2026.csv
2026-05-05 22:46:31 | INFO     | pipeline.parsers.mw | Index name: NIFTY 50
2026-05-05 22:46:31 | INFO     | pipeline.parsers.mw | MarketWatchParser result: 50 constituents
2026-05-05 22:46:31 | INFO     | pipeline.parsers.mw | MarketWatchParser: MW-NIFTY-BANK-03-Apr-2026.csv
2026-05-05 22:46:31 | INFO     | pipeline.parsers.mw | Index name: NIFTY BANK
2026-05-05 22:46:31 | INFO     | pipeline.parsers.mw | MarketWatchParser result: 14 constituents
2026-05-05 22:46:31 | INFO     | pipeline.parsers.mw | MarketWatchParser: MW-NIFTY-BANK-06-Apr-2026.csv
2026-05-05 22:46:31 | INFO     | pipeline.parsers.mw | Index name: NIFTY BANK
2026-05-05 22:46:31 | INFO     | pipeline.parsers.mw | MarketWatchParser result: 14 constituents
2026-05-05 22:46:31 | INFO     | pipeline.parsers.mw | MarketWatchParser: MW-NIFTY-BANK-07-Apr-2026.csv
2026-05-05 22:46:31 | INFO     | pipeline.parsers.mw | Index name: NIFTY BANK
2026-05-05 22:46:31 | INFO     | pipeline.parsers.mw | MarketWatchParser result: 14 constituents
2026-05-05 22:46:31 | INFO     | pipeline.parsers.mw | MarketWatchParser: MW-NIFTY-BANK-08-Apr-2026.csv
2026-05-05 22:46:31 | INFO     | pipeline.parsers.mw | Index name: NIFTY BANK
2026-05-05 22:46:31 | INFO     | pipeline.parsers.mw | MarketWatchParser result: 14 constituents
2026-05-05 22:46:31 | INFO     | pipeline.parsers.mw | MarketWatchParser: MW-NIFTY-BANK-09-Apr-2026.csv
2026-05-05 22:46:31 | INFO     | pipeline.parsers.mw | Index name: NIFTY BANK
2026-05-05 22:46:31 | INFO     | pipeline.parsers.mw | MarketWatchParser result: 14 constituents
2026-05-05 22:46:31 | INFO     | pipeline.parsers.mw | MarketWatchParser: MW-NIFTY-BANK-10-Apr-2026.csv
2026-05-05 22:46:31 | INFO     | pipeline.parsers.mw | Index name: NIFTY BANK
2026-05-05 22:46:31 | INFO     | pipeline.parsers.mw | MarketWatchParser result: 14 constituents
2026-05-05 22:46:31 | INFO     | pipeline.parsers.mw | MarketWatchParser: MW-NIFTY-BANK-13-Apr-2026.csv
2026-05-05 22:46:31 | INFO     | pipeline.parsers.mw | Index name: NIFTY BANK
2026-05-05 22:46:31 | INFO     | pipeline.parsers.mw | MarketWatchParser result: 14 constituents
2026-05-05 22:46:31 | INFO     | pipeline.parsers.mw | MarketWatchParser: MW-NIFTY-BANK-15-Apr-2026.csv
2026-05-05 22:46:31 | INFO     | pipeline.parsers.mw | Index name: NIFTY BANK
2026-05-05 22:46:31 | INFO     | pipeline.parsers.mw | MarketWatchParser result: 14 constituents
2026-05-05 22:46:31 | INFO     | pipeline.parsers.mw | MarketWatchParser: MW-NIFTY-BANK-16-Apr-2026.csv
2026-05-05 22:46:31 | INFO     | pipeline.parsers.mw | Index name: NIFTY BANK
2026-05-05 22:46:31 | INFO     | pipeline.parsers.mw | MarketWatchParser result: 14 constituents
2026-05-05 22:46:31 | INFO     | pipeline.parsers.mw | MarketWatchParser: MW-NIFTY-BANK-17-Apr-2026.csv
2026-05-05 22:46:31 | INFO     | pipeline.parsers.mw | Index name: NIFTY BANK
2026-05-05 22:46:31 | INFO     | pipeline.parsers.mw | MarketWatchParser result: 14 constituents
2026-05-05 22:46:31 | INFO     | pipeline.parsers.mw | MarketWatchParser: MW-NIFTY-BANK-17-Mar-2026.csv
2026-05-05 22:46:31 | INFO     | pipeline.parsers.mw | Index name: NIFTY BANK
2026-05-05 22:46:31 | INFO     | pipeline.parsers.mw | MarketWatchParser result: 14 constituents
2026-05-05 22:46:31 | INFO     | pipeline.parsers.mw | MarketWatchParser: MW-NIFTY-BANK-18-Mar-2026.csv
2026-05-05 22:46:31 | INFO     | pipeline.parsers.mw | Index name: NIFTY BANK
2026-05-05 22:46:31 | INFO     | pipeline.parsers.mw | MarketWatchParser result: 14 constituents
2026-05-05 22:46:31 | INFO     | pipeline.parsers.mw | MarketWatchParser: MW-NIFTY-BANK-19-Mar-2026.csv
2026-05-05 22:46:31 | INFO     | pipeline.parsers.mw | Index name: NIFTY BANK
2026-05-05 22:46:31 | INFO     | pipeline.parsers.mw | MarketWatchParser result: 14 constituents
2026-05-05 22:46:31 | INFO     | pipeline.parsers.mw | MarketWatchParser: MW-NIFTY-BANK-20-Mar-2026.csv
2026-05-05 22:46:31 | INFO     | pipeline.parsers.mw | Index name: NIFTY BANK
2026-05-05 22:46:31 | INFO     | pipeline.parsers.mw | MarketWatchParser result: 14 constituents
2026-05-05 22:46:31 | INFO     | pipeline.parsers.mw | MarketWatchParser: MW-NIFTY-BANK-21-Apr-2026 (1).csv
2026-05-05 22:46:31 | INFO     | pipeline.parsers.mw | Index name: NIFTY BANK 21 Apr 2026 (1)
2026-05-05 22:46:31 | INFO     | pipeline.parsers.mw | MarketWatchParser result: 14 constituents
2026-05-05 22:46:31 | INFO     | pipeline.parsers.mw | MarketWatchParser: MW-NIFTY-BANK-21-Apr-2026.csv
2026-05-05 22:46:31 | INFO     | pipeline.parsers.mw | Index name: NIFTY BANK
2026-05-05 22:46:31 | INFO     | pipeline.parsers.mw | MarketWatchParser result: 14 constituents
2026-05-05 22:46:31 | INFO     | pipeline.parsers.mw | MarketWatchParser: MW-NIFTY-BANK-22-Apr-2026.csv
2026-05-05 22:46:31 | INFO     | pipeline.parsers.mw | Index name: NIFTY BANK
2026-05-05 22:46:31 | INFO     | pipeline.parsers.mw | MarketWatchParser result: 14 constituents
2026-05-05 22:46:32 | INFO     | pipeline.parsers.mw | MarketWatchParser: MW-NIFTY-BANK-23-Apr-2026.csv
2026-05-05 22:46:32 | INFO     | pipeline.parsers.mw | Index name: NIFTY BANK
2026-05-05 22:46:32 | INFO     | pipeline.parsers.mw | MarketWatchParser result: 14 constituents
2026-05-05 22:46:32 | INFO     | pipeline.parsers.mw | MarketWatchParser: MW-NIFTY-BANK-24-Apr-2026.csv
2026-05-05 22:46:32 | INFO     | pipeline.parsers.mw | Index name: NIFTY BANK
2026-05-05 22:46:32 | INFO     | pipeline.parsers.mw | MarketWatchParser result: 14 constituents
2026-05-05 22:46:32 | INFO     | pipeline.parsers.mw | MarketWatchParser: MW-NIFTY-BANK-24-Mar-2026.csv
2026-05-05 22:46:32 | INFO     | pipeline.parsers.mw | Index name: NIFTY BANK
2026-05-05 22:46:32 | INFO     | pipeline.parsers.mw | MarketWatchParser result: 14 constituents
2026-05-05 22:46:32 | INFO     | pipeline.parsers.mw | MarketWatchParser: MW-NIFTY-BANK-27-Apr-2026.csv
2026-05-05 22:46:32 | INFO     | pipeline.parsers.mw | Index name: NIFTY BANK
2026-05-05 22:46:32 | INFO     | pipeline.parsers.mw | MarketWatchParser result: 14 constituents
2026-05-05 22:46:32 | INFO     | pipeline.parsers.mw | MarketWatchParser: MW-NIFTY-BANK-27-Mar-2026.csv
2026-05-05 22:46:32 | INFO     | pipeline.parsers.mw | Index name: NIFTY BANK
2026-05-05 22:46:32 | INFO     | pipeline.parsers.mw | MarketWatchParser result: 14 constituents
2026-05-05 22:46:32 | INFO     | pipeline.parsers.mw | MarketWatchParser: MW-NIFTY-BANK-28-Apr-2026.csv
2026-05-05 22:46:32 | INFO     | pipeline.parsers.mw | Index name: NIFTY BANK
2026-05-05 22:46:32 | INFO     | pipeline.parsers.mw | MarketWatchParser result: 14 constituents
2026-05-05 22:46:32 | INFO     | pipeline.parsers.mw | MarketWatchParser: MW-NIFTY-BANK-29-Apr-2026.csv
2026-05-05 22:46:32 | INFO     | pipeline.parsers.mw | Index name: NIFTY BANK
2026-05-05 22:46:32 | INFO     | pipeline.parsers.mw | MarketWatchParser result: 14 constituents
2026-05-05 22:46:32 | INFO     | pipeline.parsers.mw | MarketWatchParser: MW-NIFTY-BANK-30-Mar-2026.csv
2026-05-05 22:46:32 | INFO     | pipeline.parsers.mw | Index name: NIFTY BANK
2026-05-05 22:46:32 | INFO     | pipeline.parsers.mw | MarketWatchParser result: 14 constituents
2026-05-05 22:46:32 | INFO     | pipeline.parsers.mw | MarketWatchParser: MW-NIFTY-FINANCIAL-SERVICES-03-Apr-2026 (1).csv
2026-05-05 22:46:32 | INFO     | pipeline.parsers.mw | Index name: NIFTY FINANCIAL SERVICES 03 Apr 2026 (1)
2026-05-05 22:46:32 | INFO     | pipeline.parsers.mw | MarketWatchParser result: 20 constituents
2026-05-05 22:46:32 | INFO     | pipeline.parsers.mw | MarketWatchParser: MW-NIFTY-FINANCIAL-SERVICES-03-Apr-2026.csv
2026-05-05 22:46:32 | INFO     | pipeline.parsers.mw | Index name: NIFTY FINANCIAL SERVICES
2026-05-05 22:46:32 | INFO     | pipeline.parsers.mw | MarketWatchParser result: 20 constituents
2026-05-05 22:46:32 | INFO     | pipeline.parsers.mw | MarketWatchParser: MW-NIFTY-FINANCIAL-SERVICES-06-Apr-2026.csv
2026-05-05 22:46:32 | INFO     | pipeline.parsers.mw | Index name: NIFTY FINANCIAL SERVICES
2026-05-05 22:46:32 | INFO     | pipeline.parsers.mw | MarketWatchParser result: 20 constituents
2026-05-05 22:46:32 | INFO     | pipeline.parsers.mw | MarketWatchParser: MW-NIFTY-FINANCIAL-SERVICES-07-Apr-2026.csv
2026-05-05 22:46:32 | INFO     | pipeline.parsers.mw | Index name: NIFTY FINANCIAL SERVICES
2026-05-05 22:46:32 | INFO     | pipeline.parsers.mw | MarketWatchParser result: 20 constituents
2026-05-05 22:46:32 | INFO     | pipeline.parsers.mw | MarketWatchParser: MW-NIFTY-FINANCIAL-SERVICES-08-Apr-2026.csv
2026-05-05 22:46:32 | INFO     | pipeline.parsers.mw | Index name: NIFTY FINANCIAL SERVICES
2026-05-05 22:46:32 | INFO     | pipeline.parsers.mw | MarketWatchParser result: 20 constituents
2026-05-05 22:46:32 | INFO     | pipeline.parsers.mw | MarketWatchParser: MW-NIFTY-FINANCIAL-SERVICES-09-Apr-2026.csv
2026-05-05 22:46:32 | INFO     | pipeline.parsers.mw | Index name: NIFTY FINANCIAL SERVICES
2026-05-05 22:46:32 | INFO     | pipeline.parsers.mw | MarketWatchParser result: 20 constituents
2026-05-05 22:46:32 | INFO     | pipeline.parsers.mw | MarketWatchParser: MW-NIFTY-FINANCIAL-SERVICES-10-Apr-2026.csv
2026-05-05 22:46:32 | INFO     | pipeline.parsers.mw | Index name: NIFTY FINANCIAL SERVICES
2026-05-05 22:46:32 | INFO     | pipeline.parsers.mw | MarketWatchParser result: 20 constituents
2026-05-05 22:46:32 | INFO     | pipeline.parsers.mw | MarketWatchParser: MW-NIFTY-FINANCIAL-SERVICES-13-Apr-2026.csv
2026-05-05 22:46:32 | INFO     | pipeline.parsers.mw | Index name: NIFTY FINANCIAL SERVICES
2026-05-05 22:46:32 | INFO     | pipeline.parsers.mw | MarketWatchParser result: 20 constituents
2026-05-05 22:46:32 | INFO     | pipeline.parsers.mw | MarketWatchParser: MW-NIFTY-FINANCIAL-SERVICES-15-Apr-2026.csv
2026-05-05 22:46:32 | INFO     | pipeline.parsers.mw | Index name: NIFTY FINANCIAL SERVICES
2026-05-05 22:46:32 | INFO     | pipeline.parsers.mw | MarketWatchParser result: 20 constituents
2026-05-05 22:46:32 | INFO     | pipeline.parsers.mw | MarketWatchParser: MW-NIFTY-FINANCIAL-SERVICES-16-Apr-2026.csv
2026-05-05 22:46:32 | INFO     | pipeline.parsers.mw | Index name: NIFTY FINANCIAL SERVICES
2026-05-05 22:46:33 | INFO     | pipeline.parsers.mw | MarketWatchParser result: 20 constituents
2026-05-05 22:46:33 | INFO     | pipeline.parsers.mw | MarketWatchParser: MW-NIFTY-FINANCIAL-SERVICES-17-Apr-2026.csv
2026-05-05 22:46:33 | INFO     | pipeline.parsers.mw | Index name: NIFTY FINANCIAL SERVICES
2026-05-05 22:46:33 | INFO     | pipeline.parsers.mw | MarketWatchParser result: 20 constituents
2026-05-05 22:46:33 | INFO     | pipeline.parsers.mw | MarketWatchParser: MW-NIFTY-FINANCIAL-SERVICES-17-Mar-2026.csv
2026-05-05 22:46:33 | INFO     | pipeline.parsers.mw | Index name: NIFTY FINANCIAL SERVICES
2026-05-05 22:46:33 | INFO     | pipeline.parsers.mw | MarketWatchParser result: 20 constituents
2026-05-05 22:46:33 | INFO     | pipeline.parsers.mw | MarketWatchParser: MW-NIFTY-FINANCIAL-SERVICES-18-Mar-2026.csv
2026-05-05 22:46:33 | INFO     | pipeline.parsers.mw | Index name: NIFTY FINANCIAL SERVICES
2026-05-05 22:46:33 | INFO     | pipeline.parsers.mw | MarketWatchParser result: 20 constituents
2026-05-05 22:46:33 | INFO     | pipeline.parsers.mw | MarketWatchParser: MW-NIFTY-FINANCIAL-SERVICES-19-Mar-2026.csv
2026-05-05 22:46:33 | INFO     | pipeline.parsers.mw | Index name: NIFTY FINANCIAL SERVICES
2026-05-05 22:46:33 | INFO     | pipeline.parsers.mw | MarketWatchParser result: 20 constituents
2026-05-05 22:46:33 | INFO     | pipeline.parsers.mw | MarketWatchParser: MW-NIFTY-FINANCIAL-SERVICES-20-Mar-2026.csv
2026-05-05 22:46:33 | INFO     | pipeline.parsers.mw | Index name: NIFTY FINANCIAL SERVICES
2026-05-05 22:46:33 | INFO     | pipeline.parsers.mw | MarketWatchParser result: 20 constituents
2026-05-05 22:46:33 | INFO     | pipeline.parsers.mw | MarketWatchParser: MW-NIFTY-FINANCIAL-SERVICES-21-Apr-2026.csv
2026-05-05 22:46:33 | INFO     | pipeline.parsers.mw | Index name: NIFTY FINANCIAL SERVICES
2026-05-05 22:46:33 | INFO     | pipeline.parsers.mw | MarketWatchParser result: 20 constituents
2026-05-05 22:46:33 | INFO     | pipeline.parsers.mw | MarketWatchParser: MW-NIFTY-FINANCIAL-SERVICES-22-Apr-2026.csv
2026-05-05 22:46:33 | INFO     | pipeline.parsers.mw | Index name: NIFTY FINANCIAL SERVICES
2026-05-05 22:46:33 | INFO     | pipeline.parsers.mw | MarketWatchParser result: 20 constituents
2026-05-05 22:46:33 | INFO     | pipeline.parsers.mw | MarketWatchParser: MW-NIFTY-FINANCIAL-SERVICES-23-Apr-2026.csv
2026-05-05 22:46:33 | INFO     | pipeline.parsers.mw | Index name: NIFTY FINANCIAL SERVICES
2026-05-05 22:46:33 | INFO     | pipeline.parsers.mw | MarketWatchParser result: 20 constituents
2026-05-05 22:46:33 | INFO     | pipeline.parsers.mw | MarketWatchParser: MW-NIFTY-FINANCIAL-SERVICES-23-Mar-2026.csv
2026-05-05 22:46:33 | INFO     | pipeline.parsers.mw | Index name: NIFTY FINANCIAL SERVICES
2026-05-05 22:46:33 | INFO     | pipeline.parsers.mw | MarketWatchParser result: 20 constituents
2026-05-05 22:46:33 | INFO     | pipeline.parsers.mw | MarketWatchParser: MW-NIFTY-FINANCIAL-SERVICES-24-Apr-2026.csv
2026-05-05 22:46:33 | INFO     | pipeline.parsers.mw | Index name: NIFTY FINANCIAL SERVICES
2026-05-05 22:46:33 | INFO     | pipeline.parsers.mw | MarketWatchParser result: 20 constituents
2026-05-05 22:46:33 | INFO     | pipeline.parsers.mw | MarketWatchParser: MW-NIFTY-FINANCIAL-SERVICES-24-Mar-2026.csv
2026-05-05 22:46:33 | INFO     | pipeline.parsers.mw | Index name: NIFTY FINANCIAL SERVICES
2026-05-05 22:46:33 | INFO     | pipeline.parsers.mw | MarketWatchParser result: 20 constituents
2026-05-05 22:46:33 | INFO     | pipeline.parsers.mw | MarketWatchParser: MW-NIFTY-FINANCIAL-SERVICES-25_50-03-Apr-2026.csv
2026-05-05 22:46:33 | INFO     | pipeline.parsers.mw | Index name: NIFTY FINANCIAL SERVICES 25_50
2026-05-05 22:46:33 | INFO     | pipeline.parsers.mw | MarketWatchParser result: 20 constituents
2026-05-05 22:46:33 | INFO     | pipeline.parsers.mw | MarketWatchParser: MW-NIFTY-FINANCIAL-SERVICES-25_50-06-Apr-2026.csv
2026-05-05 22:46:33 | INFO     | pipeline.parsers.mw | Index name: NIFTY FINANCIAL SERVICES 25_50
2026-05-05 22:46:33 | INFO     | pipeline.parsers.mw | MarketWatchParser result: 20 constituents
2026-05-05 22:46:33 | INFO     | pipeline.parsers.mw | MarketWatchParser: MW-NIFTY-FINANCIAL-SERVICES-25_50-07-Apr-2026.csv
2026-05-05 22:46:33 | INFO     | pipeline.parsers.mw | Index name: NIFTY FINANCIAL SERVICES 25_50
2026-05-05 22:46:33 | INFO     | pipeline.parsers.mw | MarketWatchParser result: 20 constituents
2026-05-05 22:46:33 | INFO     | pipeline.parsers.mw | MarketWatchParser: MW-NIFTY-FINANCIAL-SERVICES-25_50-08-Apr-2026.csv
2026-05-05 22:46:33 | INFO     | pipeline.parsers.mw | Index name: NIFTY FINANCIAL SERVICES 25_50
2026-05-05 22:46:33 | INFO     | pipeline.parsers.mw | MarketWatchParser result: 20 constituents
2026-05-05 22:46:34 | INFO     | pipeline.parsers.mw | MarketWatchParser: MW-NIFTY-FINANCIAL-SERVICES-25_50-09-Apr-2026.csv
2026-05-05 22:46:34 | INFO     | pipeline.parsers.mw | Index name: NIFTY FINANCIAL SERVICES 25_50
2026-05-05 22:46:34 | INFO     | pipeline.parsers.mw | MarketWatchParser result: 20 constituents
2026-05-05 22:46:34 | INFO     | pipeline.parsers.mw | MarketWatchParser: MW-NIFTY-FINANCIAL-SERVICES-25_50-10-Apr-2026.csv
2026-05-05 22:46:34 | INFO     | pipeline.parsers.mw | Index name: NIFTY FINANCIAL SERVICES 25_50
2026-05-05 22:46:34 | INFO     | pipeline.parsers.mw | MarketWatchParser result: 20 constituents
2026-05-05 22:46:34 | INFO     | pipeline.parsers.mw | MarketWatchParser: MW-NIFTY-FINANCIAL-SERVICES-25_50-13-Apr-2026.csv
2026-05-05 22:46:34 | INFO     | pipeline.parsers.mw | Index name: NIFTY FINANCIAL SERVICES 25_50
2026-05-05 22:46:34 | INFO     | pipeline.parsers.mw | MarketWatchParser result: 20 constituents
2026-05-05 22:46:34 | INFO     | pipeline.parsers.mw | MarketWatchParser: MW-NIFTY-FINANCIAL-SERVICES-25_50-15-Apr-2026.csv
2026-05-05 22:46:34 | INFO     | pipeline.parsers.mw | Index name: NIFTY FINANCIAL SERVICES 25_50
2026-05-05 22:46:34 | INFO     | pipeline.parsers.mw | MarketWatchParser result: 20 constituents
2026-05-05 22:46:34 | INFO     | pipeline.parsers.mw | MarketWatchParser: MW-NIFTY-FINANCIAL-SERVICES-25_50-16-Apr-2026.csv
2026-05-05 22:46:34 | INFO     | pipeline.parsers.mw | Index name: NIFTY FINANCIAL SERVICES 25_50
2026-05-05 22:46:34 | INFO     | pipeline.parsers.mw | MarketWatchParser result: 20 constituents
2026-05-05 22:46:34 | INFO     | pipeline.parsers.mw | MarketWatchParser: MW-NIFTY-FINANCIAL-SERVICES-25_50-17-Apr-2026.csv
2026-05-05 22:46:34 | INFO     | pipeline.parsers.mw | Index name: NIFTY FINANCIAL SERVICES 25_50
2026-05-05 22:46:34 | INFO     | pipeline.parsers.mw | MarketWatchParser result: 20 constituents
2026-05-05 22:46:34 | INFO     | pipeline.parsers.mw | MarketWatchParser: MW-NIFTY-FINANCIAL-SERVICES-25_50-17-Mar-2026.csv
2026-05-05 22:46:34 | INFO     | pipeline.parsers.mw | Index name: NIFTY FINANCIAL SERVICES 25_50
2026-05-05 22:46:34 | INFO     | pipeline.parsers.mw | MarketWatchParser result: 20 constituents
2026-05-05 22:46:34 | INFO     | pipeline.parsers.mw | MarketWatchParser: MW-NIFTY-FINANCIAL-SERVICES-25_50-18-Mar-2026.csv
2026-05-05 22:46:34 | INFO     | pipeline.parsers.mw | Index name: NIFTY FINANCIAL SERVICES 25_50
2026-05-05 22:46:34 | INFO     | pipeline.parsers.mw | MarketWatchParser result: 20 constituents
2026-05-05 22:46:34 | INFO     | pipeline.parsers.mw | MarketWatchParser: MW-NIFTY-FINANCIAL-SERVICES-25_50-20-Mar-2026.csv
2026-05-05 22:46:34 | INFO     | pipeline.parsers.mw | Index name: NIFTY FINANCIAL SERVICES 25_50
2026-05-05 22:46:34 | INFO     | pipeline.parsers.mw | MarketWatchParser result: 20 constituents
2026-05-05 22:46:34 | INFO     | pipeline.parsers.mw | MarketWatchParser: MW-NIFTY-FINANCIAL-SERVICES-25_50-21-Apr-2026.csv
2026-05-05 22:46:34 | INFO     | pipeline.parsers.mw | Index name: NIFTY FINANCIAL SERVICES 25_50
2026-05-05 22:46:34 | INFO     | pipeline.parsers.mw | MarketWatchParser result: 20 constituents
2026-05-05 22:46:34 | INFO     | pipeline.parsers.mw | MarketWatchParser: MW-NIFTY-FINANCIAL-SERVICES-25_50-22-Apr-2026.csv
2026-05-05 22:46:34 | INFO     | pipeline.parsers.mw | Index name: NIFTY FINANCIAL SERVICES 25_50
2026-05-05 22:46:34 | INFO     | pipeline.parsers.mw | MarketWatchParser result: 20 constituents
2026-05-05 22:46:34 | INFO     | pipeline.parsers.mw | MarketWatchParser: MW-NIFTY-FINANCIAL-SERVICES-25_50-23-Apr-2026.csv
2026-05-05 22:46:34 | INFO     | pipeline.parsers.mw | Index name: NIFTY FINANCIAL SERVICES 25_50
2026-05-05 22:46:34 | INFO     | pipeline.parsers.mw | MarketWatchParser result: 20 constituents
2026-05-05 22:46:34 | INFO     | pipeline.parsers.mw | MarketWatchParser: MW-NIFTY-FINANCIAL-SERVICES-25_50-23-Mar-2026.csv
2026-05-05 22:46:34 | INFO     | pipeline.parsers.mw | Index name: NIFTY FINANCIAL SERVICES 25_50
2026-05-05 22:46:34 | INFO     | pipeline.parsers.mw | MarketWatchParser result: 20 constituents
2026-05-05 22:46:34 | INFO     | pipeline.parsers.mw | MarketWatchParser: MW-NIFTY-FINANCIAL-SERVICES-25_50-24-Apr-2026.csv
2026-05-05 22:46:34 | INFO     | pipeline.parsers.mw | Index name: NIFTY FINANCIAL SERVICES 25_50
2026-05-05 22:46:34 | INFO     | pipeline.parsers.mw | MarketWatchParser result: 20 constituents
2026-05-05 22:46:34 | INFO     | pipeline.parsers.mw | MarketWatchParser: MW-NIFTY-FINANCIAL-SERVICES-25_50-24-Mar-2026.csv
2026-05-05 22:46:34 | INFO     | pipeline.parsers.mw | Index name: NIFTY FINANCIAL SERVICES 25_50
2026-05-05 22:46:34 | INFO     | pipeline.parsers.mw | MarketWatchParser result: 20 constituents
2026-05-05 22:46:34 | INFO     | pipeline.parsers.mw | MarketWatchParser: MW-NIFTY-FINANCIAL-SERVICES-25_50-27-Apr-2026.csv
2026-05-05 22:46:34 | INFO     | pipeline.parsers.mw | Index name: NIFTY FINANCIAL SERVICES 25_50
2026-05-05 22:46:34 | INFO     | pipeline.parsers.mw | MarketWatchParser result: 20 constituents
2026-05-05 22:46:34 | INFO     | pipeline.parsers.mw | MarketWatchParser: MW-NIFTY-FINANCIAL-SERVICES-25_50-27-Mar-2026.csv
2026-05-05 22:46:34 | INFO     | pipeline.parsers.mw | Index name: NIFTY FINANCIAL SERVICES 25_50
2026-05-05 22:46:34 | INFO     | pipeline.parsers.mw | MarketWatchParser result: 20 constituents
2026-05-05 22:46:34 | INFO     | pipeline.parsers.mw | MarketWatchParser: MW-NIFTY-FINANCIAL-SERVICES-25_50-28-Apr-2026.csv
2026-05-05 22:46:34 | INFO     | pipeline.parsers.mw | Index name: NIFTY FINANCIAL SERVICES 25_50
2026-05-05 22:46:35 | INFO     | pipeline.parsers.mw | MarketWatchParser result: 20 constituents
2026-05-05 22:46:35 | INFO     | pipeline.parsers.mw | MarketWatchParser: MW-NIFTY-FINANCIAL-SERVICES-25_50-29-Apr-2026.csv
2026-05-05 22:46:35 | INFO     | pipeline.parsers.mw | Index name: NIFTY FINANCIAL SERVICES 25_50
2026-05-05 22:46:35 | INFO     | pipeline.parsers.mw | MarketWatchParser result: 20 constituents
2026-05-05 22:46:35 | INFO     | pipeline.parsers.mw | MarketWatchParser: MW-NIFTY-FINANCIAL-SERVICES-25_50-30-Mar-2026.csv
2026-05-05 22:46:35 | INFO     | pipeline.parsers.mw | Index name: NIFTY FINANCIAL SERVICES 25_50
2026-05-05 22:46:35 | INFO     | pipeline.parsers.mw | MarketWatchParser result: 20 constituents
2026-05-05 22:46:35 | INFO     | pipeline.parsers.mw | MarketWatchParser: MW-NIFTY-FINANCIAL-SERVICES-27-Apr-2026.csv
2026-05-05 22:46:35 | INFO     | pipeline.parsers.mw | Index name: NIFTY FINANCIAL SERVICES
2026-05-05 22:46:35 | INFO     | pipeline.parsers.mw | MarketWatchParser result: 20 constituents
2026-05-05 22:46:35 | INFO     | pipeline.parsers.mw | MarketWatchParser: MW-NIFTY-FINANCIAL-SERVICES-27-Mar-2026.csv
2026-05-05 22:46:35 | INFO     | pipeline.parsers.mw | Index name: NIFTY FINANCIAL SERVICES
2026-05-05 22:46:35 | INFO     | pipeline.parsers.mw | MarketWatchParser result: 20 constituents
2026-05-05 22:46:35 | INFO     | pipeline.parsers.mw | MarketWatchParser: MW-NIFTY-FINANCIAL-SERVICES-28-Apr-2026.csv
2026-05-05 22:46:35 | INFO     | pipeline.parsers.mw | Index name: NIFTY FINANCIAL SERVICES
2026-05-05 22:46:35 | INFO     | pipeline.parsers.mw | MarketWatchParser result: 20 constituents
2026-05-05 22:46:35 | INFO     | pipeline.parsers.mw | MarketWatchParser: MW-NIFTY-FINANCIAL-SERVICES-29-Apr-2026.csv
2026-05-05 22:46:35 | INFO     | pipeline.parsers.mw | Index name: NIFTY FINANCIAL SERVICES
2026-05-05 22:46:35 | INFO     | pipeline.parsers.mw | MarketWatchParser result: 20 constituents
2026-05-05 22:46:35 | INFO     | pipeline.parsers.mw | MarketWatchParser: MW-NIFTY-FINANCIAL-SERVICES-30-Mar-2026.csv
2026-05-05 22:46:35 | INFO     | pipeline.parsers.mw | Index name: NIFTY FINANCIAL SERVICES
2026-05-05 22:46:35 | INFO     | pipeline.parsers.mw | MarketWatchParser result: 20 constituents
2026-05-05 22:46:35 | INFO     | pipeline.parsers.mw | MarketWatchParser: MW-NIFTY-FINANCIAL-SERVICES-EX-BANK-03-Apr-2026.csv
2026-05-05 22:46:35 | INFO     | pipeline.parsers.mw | Index name: NIFTY FINANCIAL SERVICES EX BANK
2026-05-05 22:46:35 | INFO     | pipeline.parsers.mw | MarketWatchParser result: 30 constituents
2026-05-05 22:46:35 | INFO     | pipeline.parsers.mw | MarketWatchParser: MW-NIFTY-FINANCIAL-SERVICES-EX-BANK-06-Apr-2026.csv
2026-05-05 22:46:35 | INFO     | pipeline.parsers.mw | Index name: NIFTY FINANCIAL SERVICES EX BANK
2026-05-05 22:46:35 | INFO     | pipeline.parsers.mw | MarketWatchParser result: 30 constituents
2026-05-05 22:46:35 | INFO     | pipeline.parsers.mw | MarketWatchParser: MW-NIFTY-FINANCIAL-SERVICES-EX-BANK-07-Apr-2026.csv
2026-05-05 22:46:35 | INFO     | pipeline.parsers.mw | Index name: NIFTY FINANCIAL SERVICES EX BANK
2026-05-05 22:46:35 | INFO     | pipeline.parsers.mw | MarketWatchParser result: 30 constituents
2026-05-05 22:46:35 | INFO     | pipeline.parsers.mw | MarketWatchParser: MW-NIFTY-FINANCIAL-SERVICES-EX-BANK-08-Apr-2026.csv
2026-05-05 22:46:35 | INFO     | pipeline.parsers.mw | Index name: NIFTY FINANCIAL SERVICES EX BANK
2026-05-05 22:46:35 | INFO     | pipeline.parsers.mw | MarketWatchParser result: 30 constituents
2026-05-05 22:46:35 | INFO     | pipeline.parsers.mw | MarketWatchParser: MW-NIFTY-FINANCIAL-SERVICES-EX-BANK-09-Apr-2026.csv
2026-05-05 22:46:35 | INFO     | pipeline.parsers.mw | Index name: NIFTY FINANCIAL SERVICES EX BANK
2026-05-05 22:46:35 | INFO     | pipeline.parsers.mw | MarketWatchParser result: 30 constituents
2026-05-05 22:46:35 | INFO     | pipeline.parsers.mw | MarketWatchParser: MW-NIFTY-FINANCIAL-SERVICES-EX-BANK-10-Apr-2026.csv
2026-05-05 22:46:35 | INFO     | pipeline.parsers.mw | Index name: NIFTY FINANCIAL SERVICES EX BANK
2026-05-05 22:46:35 | INFO     | pipeline.parsers.mw | MarketWatchParser result: 30 constituents
2026-05-05 22:46:35 | INFO     | pipeline.parsers.mw | MarketWatchParser: MW-NIFTY-FINANCIAL-SERVICES-EX-BANK-13-Apr-2026.csv
2026-05-05 22:46:35 | INFO     | pipeline.parsers.mw | Index name: NIFTY FINANCIAL SERVICES EX BANK
2026-05-05 22:46:35 | INFO     | pipeline.parsers.mw | MarketWatchParser result: 30 constituents
2026-05-05 22:46:35 | INFO     | pipeline.parsers.mw | MarketWatchParser: MW-NIFTY-FINANCIAL-SERVICES-EX-BANK-15-Apr-2026.csv
2026-05-05 22:46:35 | INFO     | pipeline.parsers.mw | Index name: NIFTY FINANCIAL SERVICES EX BANK
2026-05-05 22:46:35 | INFO     | pipeline.parsers.mw | MarketWatchParser result: 30 constituents
2026-05-05 22:46:35 | INFO     | pipeline.parsers.mw | MarketWatchParser: MW-NIFTY-FINANCIAL-SERVICES-EX-BANK-16-Apr-2026.csv
2026-05-05 22:46:35 | INFO     | pipeline.parsers.mw | Index name: NIFTY FINANCIAL SERVICES EX BANK
2026-05-05 22:46:36 | INFO     | pipeline.parsers.mw | MarketWatchParser result: 30 constituents
2026-05-05 22:46:36 | INFO     | pipeline.parsers.mw | MarketWatchParser: MW-NIFTY-FINANCIAL-SERVICES-EX-BANK-17-Apr-2026.csv
2026-05-05 22:46:36 | INFO     | pipeline.parsers.mw | Index name: NIFTY FINANCIAL SERVICES EX BANK
2026-05-05 22:46:36 | INFO     | pipeline.parsers.mw | MarketWatchParser result: 30 constituents
2026-05-05 22:46:36 | INFO     | pipeline.parsers.mw | MarketWatchParser: MW-NIFTY-FINANCIAL-SERVICES-EX-BANK-17-Mar-2026.csv
2026-05-05 22:46:36 | INFO     | pipeline.parsers.mw | Index name: NIFTY FINANCIAL SERVICES EX BANK
2026-05-05 22:46:36 | INFO     | pipeline.parsers.mw | MarketWatchParser result: 30 constituents
2026-05-05 22:46:36 | INFO     | pipeline.parsers.mw | MarketWatchParser: MW-NIFTY-FINANCIAL-SERVICES-EX-BANK-18-Mar-2026.csv
2026-05-05 22:46:36 | INFO     | pipeline.parsers.mw | Index name: NIFTY FINANCIAL SERVICES EX BANK
2026-05-05 22:46:36 | INFO     | pipeline.parsers.mw | MarketWatchParser result: 30 constituents
2026-05-05 22:46:36 | INFO     | pipeline.parsers.mw | MarketWatchParser: MW-NIFTY-FINANCIAL-SERVICES-EX-BANK-19-Mar-2026.csv
2026-05-05 22:46:36 | INFO     | pipeline.parsers.mw | Index name: NIFTY FINANCIAL SERVICES EX BANK
2026-05-05 22:46:36 | INFO     | pipeline.parsers.mw | MarketWatchParser result: 30 constituents
2026-05-05 22:46:36 | INFO     | pipeline.parsers.mw | MarketWatchParser: MW-NIFTY-FINANCIAL-SERVICES-EX-BANK-20-Mar-2026.csv
2026-05-05 22:46:36 | INFO     | pipeline.parsers.mw | Index name: NIFTY FINANCIAL SERVICES EX BANK
2026-05-05 22:46:36 | INFO     | pipeline.parsers.mw | MarketWatchParser result: 30 constituents
2026-05-05 22:46:36 | INFO     | pipeline.parsers.mw | MarketWatchParser: MW-NIFTY-FINANCIAL-SERVICES-EX-BANK-21-Apr-2026.csv
2026-05-05 22:46:36 | INFO     | pipeline.parsers.mw | Index name: NIFTY FINANCIAL SERVICES EX BANK
2026-05-05 22:46:36 | INFO     | pipeline.parsers.mw | MarketWatchParser result: 30 constituents
2026-05-05 22:46:36 | INFO     | pipeline.parsers.mw | MarketWatchParser: MW-NIFTY-FINANCIAL-SERVICES-EX-BANK-22-Apr-2026.csv
2026-05-05 22:46:36 | INFO     | pipeline.parsers.mw | Index name: NIFTY FINANCIAL SERVICES EX BANK
2026-05-05 22:46:36 | INFO     | pipeline.parsers.mw | MarketWatchParser result: 30 constituents
2026-05-05 22:46:36 | INFO     | pipeline.parsers.mw | MarketWatchParser: MW-NIFTY-FINANCIAL-SERVICES-EX-BANK-23-Apr-2026.csv
2026-05-05 22:46:36 | INFO     | pipeline.parsers.mw | Index name: NIFTY FINANCIAL SERVICES EX BANK
2026-05-05 22:46:36 | INFO     | pipeline.parsers.mw | MarketWatchParser result: 30 constituents
2026-05-05 22:46:36 | INFO     | pipeline.parsers.mw | MarketWatchParser: MW-NIFTY-FINANCIAL-SERVICES-EX-BANK-23-Mar-2026.csv
2026-05-05 22:46:36 | INFO     | pipeline.parsers.mw | Index name: NIFTY FINANCIAL SERVICES EX BANK
2026-05-05 22:46:36 | INFO     | pipeline.parsers.mw | MarketWatchParser result: 30 constituents
2026-05-05 22:46:36 | INFO     | pipeline.parsers.mw | MarketWatchParser: MW-NIFTY-FINANCIAL-SERVICES-EX-BANK-24-Apr-2026.csv
2026-05-05 22:46:36 | INFO     | pipeline.parsers.mw | Index name: NIFTY FINANCIAL SERVICES EX BANK
2026-05-05 22:46:36 | INFO     | pipeline.parsers.mw | MarketWatchParser result: 30 constituents
2026-05-05 22:46:36 | INFO     | pipeline.parsers.mw | MarketWatchParser: MW-NIFTY-FINANCIAL-SERVICES-EX-BANK-24-Mar-2026.csv
2026-05-05 22:46:36 | INFO     | pipeline.parsers.mw | Index name: NIFTY FINANCIAL SERVICES EX BANK
2026-05-05 22:46:36 | INFO     | pipeline.parsers.mw | MarketWatchParser result: 30 constituents
2026-05-05 22:46:36 | INFO     | pipeline.parsers.mw | MarketWatchParser: MW-NIFTY-FINANCIAL-SERVICES-EX-BANK-27-Apr-2026.csv
2026-05-05 22:46:36 | INFO     | pipeline.parsers.mw | Index name: NIFTY FINANCIAL SERVICES EX BANK
2026-05-05 22:46:36 | INFO     | pipeline.parsers.mw | MarketWatchParser result: 30 constituents
2026-05-05 22:46:36 | INFO     | pipeline.parsers.mw | MarketWatchParser: MW-NIFTY-FINANCIAL-SERVICES-EX-BANK-27-Mar-2026.csv
2026-05-05 22:46:36 | INFO     | pipeline.parsers.mw | Index name: NIFTY FINANCIAL SERVICES EX BANK
2026-05-05 22:46:36 | INFO     | pipeline.parsers.mw | MarketWatchParser result: 30 constituents
2026-05-05 22:46:36 | INFO     | pipeline.parsers.mw | MarketWatchParser: MW-NIFTY-FINANCIAL-SERVICES-EX-BANK-28-Apr-2026.csv
2026-05-05 22:46:36 | INFO     | pipeline.parsers.mw | Index name: NIFTY FINANCIAL SERVICES EX BANK
2026-05-05 22:46:36 | INFO     | pipeline.parsers.mw | MarketWatchParser result: 30 constituents
2026-05-05 22:46:36 | INFO     | pipeline.parsers.mw | MarketWatchParser: MW-NIFTY-FINANCIAL-SERVICES-EX-BANK-29-Apr-2026.csv
2026-05-05 22:46:36 | INFO     | pipeline.parsers.mw | Index name: NIFTY FINANCIAL SERVICES EX BANK
2026-05-05 22:46:36 | INFO     | pipeline.parsers.mw | MarketWatchParser result: 30 constituents
2026-05-05 22:46:37 | INFO     | pipeline.parsers.mw | MarketWatchParser: MW-NIFTY-FINANCIAL-SERVICES-EX-BANK-30-Mar-2026.csv
2026-05-05 22:46:37 | INFO     | pipeline.parsers.mw | Index name: NIFTY FINANCIAL SERVICES EX BANK
2026-05-05 22:46:37 | INFO     | pipeline.parsers.mw | MarketWatchParser result: 30 constituents
2026-05-05 22:46:37 | INFO     | pipeline.parsers.mw | MarketWatchParser: MW-NIFTY-MIDCAP-SELECT-03-Apr-2026.csv
2026-05-05 22:46:37 | INFO     | pipeline.parsers.mw | Index name: NIFTY MIDCAP SELECT
2026-05-05 22:46:37 | INFO     | pipeline.parsers.mw | MarketWatchParser result: 25 constituents
2026-05-05 22:46:37 | INFO     | pipeline.parsers.mw | MarketWatchParser: MW-NIFTY-MIDCAP-SELECT-06-Apr-2026.csv
2026-05-05 22:46:37 | INFO     | pipeline.parsers.mw | Index name: NIFTY MIDCAP SELECT
2026-05-05 22:46:37 | INFO     | pipeline.parsers.mw | MarketWatchParser result: 25 constituents
2026-05-05 22:46:37 | INFO     | pipeline.parsers.mw | MarketWatchParser: MW-NIFTY-MIDCAP-SELECT-07-Apr-2026.csv
2026-05-05 22:46:37 | INFO     | pipeline.parsers.mw | Index name: NIFTY MIDCAP SELECT
2026-05-05 22:46:37 | INFO     | pipeline.parsers.mw | MarketWatchParser result: 25 constituents
2026-05-05 22:46:37 | INFO     | pipeline.parsers.mw | MarketWatchParser: MW-NIFTY-MIDCAP-SELECT-08-Apr-2026.csv
2026-05-05 22:46:37 | INFO     | pipeline.parsers.mw | Index name: NIFTY MIDCAP SELECT
2026-05-05 22:46:37 | INFO     | pipeline.parsers.mw | MarketWatchParser result: 25 constituents
2026-05-05 22:46:37 | INFO     | pipeline.parsers.mw | MarketWatchParser: MW-NIFTY-MIDCAP-SELECT-09-Apr-2026.csv
2026-05-05 22:46:37 | INFO     | pipeline.parsers.mw | Index name: NIFTY MIDCAP SELECT
2026-05-05 22:46:37 | INFO     | pipeline.parsers.mw | MarketWatchParser result: 25 constituents
2026-05-05 22:46:37 | INFO     | pipeline.parsers.mw | MarketWatchParser: MW-NIFTY-MIDCAP-SELECT-10-Apr-2026.csv
2026-05-05 22:46:37 | INFO     | pipeline.parsers.mw | Index name: NIFTY MIDCAP SELECT
2026-05-05 22:46:37 | INFO     | pipeline.parsers.mw | MarketWatchParser result: 25 constituents
2026-05-05 22:46:37 | INFO     | pipeline.parsers.mw | MarketWatchParser: MW-NIFTY-MIDCAP-SELECT-13-Apr-2026.csv
2026-05-05 22:46:37 | INFO     | pipeline.parsers.mw | Index name: NIFTY MIDCAP SELECT
2026-05-05 22:46:37 | INFO     | pipeline.parsers.mw | MarketWatchParser result: 25 constituents
2026-05-05 22:46:37 | INFO     | pipeline.parsers.mw | MarketWatchParser: MW-NIFTY-MIDCAP-SELECT-15-Apr-2026.csv
2026-05-05 22:46:37 | INFO     | pipeline.parsers.mw | Index name: NIFTY MIDCAP SELECT
2026-05-05 22:46:37 | INFO     | pipeline.parsers.mw | MarketWatchParser result: 25 constituents
2026-05-05 22:46:37 | INFO     | pipeline.parsers.mw | MarketWatchParser: MW-NIFTY-MIDCAP-SELECT-16-Apr-2026.csv
2026-05-05 22:46:37 | INFO     | pipeline.parsers.mw | Index name: NIFTY MIDCAP SELECT
2026-05-05 22:46:37 | INFO     | pipeline.parsers.mw | MarketWatchParser result: 25 constituents
2026-05-05 22:46:37 | INFO     | pipeline.parsers.mw | MarketWatchParser: MW-NIFTY-MIDCAP-SELECT-17-Apr-2026.csv
2026-05-05 22:46:37 | INFO     | pipeline.parsers.mw | Index name: NIFTY MIDCAP SELECT
2026-05-05 22:46:37 | INFO     | pipeline.parsers.mw | MarketWatchParser result: 25 constituents
2026-05-05 22:46:37 | INFO     | pipeline.parsers.mw | MarketWatchParser: MW-NIFTY-MIDCAP-SELECT-17-Mar-2026.csv
2026-05-05 22:46:37 | INFO     | pipeline.parsers.mw | Index name: NIFTY MIDCAP SELECT
2026-05-05 22:46:37 | INFO     | pipeline.parsers.mw | MarketWatchParser result: 25 constituents
2026-05-05 22:46:37 | INFO     | pipeline.parsers.mw | MarketWatchParser: MW-NIFTY-MIDCAP-SELECT-18-Mar-2026.csv
2026-05-05 22:46:37 | INFO     | pipeline.parsers.mw | Index name: NIFTY MIDCAP SELECT
2026-05-05 22:46:37 | INFO     | pipeline.parsers.mw | MarketWatchParser result: 25 constituents
2026-05-05 22:46:37 | INFO     | pipeline.parsers.mw | MarketWatchParser: MW-NIFTY-MIDCAP-SELECT-19-Mar-2026.csv
2026-05-05 22:46:37 | INFO     | pipeline.parsers.mw | Index name: NIFTY MIDCAP SELECT
2026-05-05 22:46:37 | INFO     | pipeline.parsers.mw | MarketWatchParser result: 25 constituents
2026-05-05 22:46:37 | INFO     | pipeline.parsers.mw | MarketWatchParser: MW-NIFTY-MIDCAP-SELECT-20-Mar-2026.csv
2026-05-05 22:46:37 | INFO     | pipeline.parsers.mw | Index name: NIFTY MIDCAP SELECT
2026-05-05 22:46:37 | INFO     | pipeline.parsers.mw | MarketWatchParser result: 25 constituents
2026-05-05 22:46:37 | INFO     | pipeline.parsers.mw | MarketWatchParser: MW-NIFTY-MIDCAP-SELECT-21-Apr-2026.csv
2026-05-05 22:46:37 | INFO     | pipeline.parsers.mw | Index name: NIFTY MIDCAP SELECT
2026-05-05 22:46:37 | INFO     | pipeline.parsers.mw | MarketWatchParser result: 25 constituents
2026-05-05 22:46:37 | INFO     | pipeline.parsers.mw | MarketWatchParser: MW-NIFTY-MIDCAP-SELECT-22-Apr-2026.csv
2026-05-05 22:46:37 | INFO     | pipeline.parsers.mw | Index name: NIFTY MIDCAP SELECT
2026-05-05 22:46:37 | INFO     | pipeline.parsers.mw | MarketWatchParser result: 25 constituents
2026-05-05 22:46:37 | INFO     | pipeline.parsers.mw | MarketWatchParser: MW-NIFTY-MIDCAP-SELECT-23-Apr-2026.csv
2026-05-05 22:46:37 | INFO     | pipeline.parsers.mw | Index name: NIFTY MIDCAP SELECT
2026-05-05 22:46:37 | INFO     | pipeline.parsers.mw | MarketWatchParser result: 25 constituents
2026-05-05 22:46:37 | INFO     | pipeline.parsers.mw | MarketWatchParser: MW-NIFTY-MIDCAP-SELECT-23-Mar-2026.csv
2026-05-05 22:46:37 | INFO     | pipeline.parsers.mw | Index name: NIFTY MIDCAP SELECT
2026-05-05 22:46:37 | INFO     | pipeline.parsers.mw | MarketWatchParser result: 25 constituents
2026-05-05 22:46:37 | INFO     | pipeline.parsers.mw | MarketWatchParser: MW-NIFTY-MIDCAP-SELECT-24-Apr-2026.csv
2026-05-05 22:46:37 | INFO     | pipeline.parsers.mw | Index name: NIFTY MIDCAP SELECT
2026-05-05 22:46:38 | INFO     | pipeline.parsers.mw | MarketWatchParser result: 25 constituents
2026-05-05 22:46:38 | INFO     | pipeline.parsers.mw | MarketWatchParser: MW-NIFTY-MIDCAP-SELECT-24-Mar-2026.csv
2026-05-05 22:46:38 | INFO     | pipeline.parsers.mw | Index name: NIFTY MIDCAP SELECT
2026-05-05 22:46:38 | INFO     | pipeline.parsers.mw | MarketWatchParser result: 25 constituents
2026-05-05 22:46:38 | INFO     | pipeline.parsers.mw | MarketWatchParser: MW-NIFTY-MIDCAP-SELECT-27-Apr-2026.csv
2026-05-05 22:46:38 | INFO     | pipeline.parsers.mw | Index name: NIFTY MIDCAP SELECT
2026-05-05 22:46:38 | INFO     | pipeline.parsers.mw | MarketWatchParser result: 25 constituents
2026-05-05 22:46:38 | INFO     | pipeline.parsers.mw | MarketWatchParser: MW-NIFTY-MIDCAP-SELECT-27-Mar-2026.csv
2026-05-05 22:46:38 | INFO     | pipeline.parsers.mw | Index name: NIFTY MIDCAP SELECT
2026-05-05 22:46:38 | INFO     | pipeline.parsers.mw | MarketWatchParser result: 25 constituents
2026-05-05 22:46:38 | INFO     | pipeline.parsers.mw | MarketWatchParser: MW-NIFTY-MIDCAP-SELECT-28-Apr-2026.csv
2026-05-05 22:46:38 | INFO     | pipeline.parsers.mw | Index name: NIFTY MIDCAP SELECT
2026-05-05 22:46:38 | INFO     | pipeline.parsers.mw | MarketWatchParser result: 25 constituents
2026-05-05 22:46:38 | INFO     | pipeline.parsers.mw | MarketWatchParser: MW-NIFTY-MIDCAP-SELECT-29-Apr-2026.csv
2026-05-05 22:46:38 | INFO     | pipeline.parsers.mw | Index name: NIFTY MIDCAP SELECT
2026-05-05 22:46:38 | INFO     | pipeline.parsers.mw | MarketWatchParser result: 25 constituents
2026-05-05 22:46:38 | INFO     | pipeline.parsers.mw | MarketWatchParser: MW-NIFTY-MIDCAP-SELECT-30-Mar-2026.csv
2026-05-05 22:46:38 | INFO     | pipeline.parsers.mw | Index name: NIFTY MIDCAP SELECT
2026-05-05 22:46:38 | INFO     | pipeline.parsers.mw | MarketWatchParser result: 25 constituents
2026-05-05 22:46:38 | INFO     | pipeline.parsers.mw | MarketWatchParser: MW-NIFTY-NEXT-50-03-Apr-2026.csv
2026-05-05 22:46:38 | INFO     | pipeline.parsers.mw | Index name: NIFTY NEXT 50
2026-05-05 22:46:38 | INFO     | pipeline.parsers.mw | MarketWatchParser result: 50 constituents
2026-05-05 22:46:38 | INFO     | pipeline.parsers.mw | MarketWatchParser: MW-NIFTY-NEXT-50-06-Apr-2026.csv
2026-05-05 22:46:38 | INFO     | pipeline.parsers.mw | Index name: NIFTY NEXT 50
2026-05-05 22:46:38 | INFO     | pipeline.parsers.mw | MarketWatchParser result: 50 constituents
2026-05-05 22:46:38 | INFO     | pipeline.parsers.mw | MarketWatchParser: MW-NIFTY-NEXT-50-07-Apr-2026.csv
2026-05-05 22:46:38 | INFO     | pipeline.parsers.mw | Index name: NIFTY NEXT 50
2026-05-05 22:46:38 | INFO     | pipeline.parsers.mw | MarketWatchParser result: 50 constituents
2026-05-05 22:46:38 | INFO     | pipeline.parsers.mw | MarketWatchParser: MW-NIFTY-NEXT-50-08-Apr-2026.csv
2026-05-05 22:46:38 | INFO     | pipeline.parsers.mw | Index name: NIFTY NEXT 50
2026-05-05 22:46:38 | INFO     | pipeline.parsers.mw | MarketWatchParser result: 50 constituents
2026-05-05 22:46:38 | INFO     | pipeline.parsers.mw | MarketWatchParser: MW-NIFTY-NEXT-50-09-Apr-2026.csv
2026-05-05 22:46:38 | INFO     | pipeline.parsers.mw | Index name: NIFTY NEXT 50
2026-05-05 22:46:38 | INFO     | pipeline.parsers.mw | MarketWatchParser result: 50 constituents
2026-05-05 22:46:38 | INFO     | pipeline.parsers.mw | MarketWatchParser: MW-NIFTY-NEXT-50-10-Apr-2026.csv
2026-05-05 22:46:38 | INFO     | pipeline.parsers.mw | Index name: NIFTY NEXT 50
2026-05-05 22:46:38 | INFO     | pipeline.parsers.mw | MarketWatchParser result: 50 constituents
2026-05-05 22:46:38 | INFO     | pipeline.parsers.mw | MarketWatchParser: MW-NIFTY-NEXT-50-13-Apr-2026.csv
2026-05-05 22:46:38 | INFO     | pipeline.parsers.mw | Index name: NIFTY NEXT 50
2026-05-05 22:46:38 | INFO     | pipeline.parsers.mw | MarketWatchParser result: 50 constituents
2026-05-05 22:46:39 | INFO     | pipeline.parsers.mw | MarketWatchParser: MW-NIFTY-NEXT-50-15-Apr-2026.csv
2026-05-05 22:46:39 | INFO     | pipeline.parsers.mw | Index name: NIFTY NEXT 50
2026-05-05 22:46:39 | INFO     | pipeline.parsers.mw | MarketWatchParser result: 50 constituents
2026-05-05 22:46:39 | INFO     | pipeline.parsers.mw | MarketWatchParser: MW-NIFTY-NEXT-50-16-Apr-2026.csv
2026-05-05 22:46:39 | INFO     | pipeline.parsers.mw | Index name: NIFTY NEXT 50
2026-05-05 22:46:39 | INFO     | pipeline.parsers.mw | MarketWatchParser result: 50 constituents
2026-05-05 22:46:39 | INFO     | pipeline.parsers.mw | MarketWatchParser: MW-NIFTY-NEXT-50-17-Apr-2026.csv
2026-05-05 22:46:39 | INFO     | pipeline.parsers.mw | Index name: NIFTY NEXT 50
2026-05-05 22:46:39 | INFO     | pipeline.parsers.mw | MarketWatchParser result: 50 constituents
2026-05-05 22:46:39 | INFO     | pipeline.parsers.mw | MarketWatchParser: MW-NIFTY-NEXT-50-17-Mar-2026.csv
2026-05-05 22:46:39 | INFO     | pipeline.parsers.mw | Index name: NIFTY NEXT 50
2026-05-05 22:46:39 | INFO     | pipeline.parsers.mw | MarketWatchParser result: 50 constituents
2026-05-05 22:46:39 | INFO     | pipeline.parsers.mw | MarketWatchParser: MW-NIFTY-NEXT-50-18-Mar-2026.csv
2026-05-05 22:46:39 | INFO     | pipeline.parsers.mw | Index name: NIFTY NEXT 50
2026-05-05 22:46:39 | INFO     | pipeline.parsers.mw | MarketWatchParser result: 50 constituents
2026-05-05 22:46:39 | INFO     | pipeline.parsers.mw | MarketWatchParser: MW-NIFTY-NEXT-50-19-Mar-2026.csv
2026-05-05 22:46:39 | INFO     | pipeline.parsers.mw | Index name: NIFTY NEXT 50
2026-05-05 22:46:39 | INFO     | pipeline.parsers.mw | MarketWatchParser result: 50 constituents
2026-05-05 22:46:39 | INFO     | pipeline.parsers.mw | MarketWatchParser: MW-NIFTY-NEXT-50-20-Mar-2026.csv
2026-05-05 22:46:39 | INFO     | pipeline.parsers.mw | Index name: NIFTY NEXT 50
2026-05-05 22:46:39 | INFO     | pipeline.parsers.mw | MarketWatchParser result: 50 constituents
2026-05-05 22:46:39 | INFO     | pipeline.parsers.mw | MarketWatchParser: MW-NIFTY-NEXT-50-21-Apr-2026.csv
2026-05-05 22:46:39 | INFO     | pipeline.parsers.mw | Index name: NIFTY NEXT 50
2026-05-05 22:46:39 | INFO     | pipeline.parsers.mw | MarketWatchParser result: 50 constituents
2026-05-05 22:46:39 | INFO     | pipeline.parsers.mw | MarketWatchParser: MW-NIFTY-NEXT-50-22-Apr-2026.csv
2026-05-05 22:46:39 | INFO     | pipeline.parsers.mw | Index name: NIFTY NEXT 50
2026-05-05 22:46:39 | INFO     | pipeline.parsers.mw | MarketWatchParser result: 50 constituents
2026-05-05 22:46:39 | INFO     | pipeline.parsers.mw | MarketWatchParser: MW-NIFTY-NEXT-50-23-Apr-2026.csv
2026-05-05 22:46:39 | INFO     | pipeline.parsers.mw | Index name: NIFTY NEXT 50
2026-05-05 22:46:39 | INFO     | pipeline.parsers.mw | MarketWatchParser result: 50 constituents
2026-05-05 22:46:39 | INFO     | pipeline.parsers.mw | MarketWatchParser: MW-NIFTY-NEXT-50-23-Mar-2026.csv
2026-05-05 22:46:39 | INFO     | pipeline.parsers.mw | Index name: NIFTY NEXT 50
2026-05-05 22:46:39 | INFO     | pipeline.parsers.mw | MarketWatchParser result: 50 constituents
2026-05-05 22:46:39 | INFO     | pipeline.parsers.mw | MarketWatchParser: MW-NIFTY-NEXT-50-24-Apr-2026.csv
2026-05-05 22:46:39 | INFO     | pipeline.parsers.mw | Index name: NIFTY NEXT 50
2026-05-05 22:46:39 | INFO     | pipeline.parsers.mw | MarketWatchParser result: 50 constituents
2026-05-05 22:46:39 | INFO     | pipeline.parsers.mw | MarketWatchParser: MW-NIFTY-NEXT-50-24-Mar-2026.csv
2026-05-05 22:46:39 | INFO     | pipeline.parsers.mw | Index name: NIFTY NEXT 50
2026-05-05 22:46:39 | INFO     | pipeline.parsers.mw | MarketWatchParser result: 50 constituents
2026-05-05 22:46:39 | INFO     | pipeline.parsers.mw | MarketWatchParser: MW-NIFTY-NEXT-50-27-Apr-2026.csv
2026-05-05 22:46:39 | INFO     | pipeline.parsers.mw | Index name: NIFTY NEXT 50
2026-05-05 22:46:39 | INFO     | pipeline.parsers.mw | MarketWatchParser result: 50 constituents
2026-05-05 22:46:39 | INFO     | pipeline.parsers.mw | MarketWatchParser: MW-NIFTY-NEXT-50-27-Mar-2026.csv
2026-05-05 22:46:39 | INFO     | pipeline.parsers.mw | Index name: NIFTY NEXT 50
2026-05-05 22:46:39 | INFO     | pipeline.parsers.mw | MarketWatchParser result: 50 constituents
2026-05-05 22:46:39 | INFO     | pipeline.parsers.mw | MarketWatchParser: MW-NIFTY-NEXT-50-28-Apr-2026.csv
2026-05-05 22:46:39 | INFO     | pipeline.parsers.mw | Index name: NIFTY NEXT 50
2026-05-05 22:46:39 | INFO     | pipeline.parsers.mw | MarketWatchParser result: 50 constituents
2026-05-05 22:46:39 | INFO     | pipeline.parsers.mw | MarketWatchParser: MW-NIFTY-NEXT-50-29-Apr-2026.csv
2026-05-05 22:46:39 | INFO     | pipeline.parsers.mw | Index name: NIFTY NEXT 50
2026-05-05 22:46:40 | INFO     | pipeline.parsers.mw | MarketWatchParser result: 50 constituents
2026-05-05 22:46:40 | INFO     | pipeline.parsers.mw | MarketWatchParser: MW-NIFTY-NEXT-50-30-Mar-2026.csv
2026-05-05 22:46:40 | INFO     | pipeline.parsers.mw | Index name: NIFTY NEXT 50
2026-05-05 22:46:40 | INFO     | pipeline.parsers.mw | MarketWatchParser result: 50 constituents
2026-05-05 22:46:40 | INFO     | pipeline.parsers.mw | MarketWatchParser: MW-NIFTY-100-03-Apr-2026.csv
2026-05-05 22:46:40 | INFO     | pipeline.parsers.mw | Index name: NIFTY 100
2026-05-05 22:46:40 | INFO     | pipeline.parsers.mw | MarketWatchParser result: 100 constituents
2026-05-05 22:46:40 | INFO     | pipeline.parsers.mw | MarketWatchParser: MW-NIFTY-100-06-Apr-2026.csv
2026-05-05 22:46:40 | INFO     | pipeline.parsers.mw | Index name: NIFTY 100
2026-05-05 22:46:40 | INFO     | pipeline.parsers.mw | MarketWatchParser result: 100 constituents
2026-05-05 22:46:40 | INFO     | pipeline.parsers.mw | MarketWatchParser: MW-NIFTY-100-07-Apr-2026.csv
2026-05-05 22:46:40 | INFO     | pipeline.parsers.mw | Index name: NIFTY 100
2026-05-05 22:46:40 | INFO     | pipeline.parsers.mw | MarketWatchParser result: 100 constituents
2026-05-05 22:46:40 | INFO     | pipeline.parsers.mw | MarketWatchParser: MW-NIFTY-100-08-Apr-2026.csv
2026-05-05 22:46:40 | INFO     | pipeline.parsers.mw | Index name: NIFTY 100
2026-05-05 22:46:40 | INFO     | pipeline.parsers.mw | MarketWatchParser result: 100 constituents
2026-05-05 22:46:40 | INFO     | pipeline.parsers.mw | MarketWatchParser: MW-NIFTY-100-09-Apr-2026.csv
2026-05-05 22:46:40 | INFO     | pipeline.parsers.mw | Index name: NIFTY 100
2026-05-05 22:46:40 | INFO     | pipeline.parsers.mw | MarketWatchParser result: 100 constituents
2026-05-05 22:46:40 | INFO     | pipeline.parsers.mw | MarketWatchParser: MW-NIFTY-100-10-Apr-2026.csv
2026-05-05 22:46:40 | INFO     | pipeline.parsers.mw | Index name: NIFTY 100
2026-05-05 22:46:40 | INFO     | pipeline.parsers.mw | MarketWatchParser result: 100 constituents
2026-05-05 22:46:40 | INFO     | pipeline.parsers.mw | MarketWatchParser: MW-NIFTY-100-13-Apr-2026.csv
2026-05-05 22:46:40 | INFO     | pipeline.parsers.mw | Index name: NIFTY 100
2026-05-05 22:46:40 | INFO     | pipeline.parsers.mw | MarketWatchParser result: 100 constituents
2026-05-05 22:46:40 | INFO     | pipeline.parsers.mw | MarketWatchParser: MW-NIFTY-100-15-Apr-2026.csv
2026-05-05 22:46:40 | INFO     | pipeline.parsers.mw | Index name: NIFTY 100
2026-05-05 22:46:40 | INFO     | pipeline.parsers.mw | MarketWatchParser result: 100 constituents
2026-05-05 22:46:40 | INFO     | pipeline.parsers.mw | MarketWatchParser: MW-NIFTY-100-16-Apr-2026.csv
2026-05-05 22:46:40 | INFO     | pipeline.parsers.mw | Index name: NIFTY 100
2026-05-05 22:46:40 | INFO     | pipeline.parsers.mw | MarketWatchParser result: 100 constituents
2026-05-05 22:46:40 | INFO     | pipeline.parsers.mw | MarketWatchParser: MW-NIFTY-100-17-Apr-2026.csv
2026-05-05 22:46:40 | INFO     | pipeline.parsers.mw | Index name: NIFTY 100
2026-05-05 22:46:41 | INFO     | pipeline.parsers.mw | MarketWatchParser result: 100 constituents
2026-05-05 22:46:41 | INFO     | pipeline.parsers.mw | MarketWatchParser: MW-NIFTY-100-17-Mar-2026.csv
2026-05-05 22:46:41 | INFO     | pipeline.parsers.mw | Index name: NIFTY 100
2026-05-05 22:46:41 | INFO     | pipeline.parsers.mw | MarketWatchParser result: 100 constituents
2026-05-05 22:46:41 | INFO     | pipeline.parsers.mw | MarketWatchParser: MW-NIFTY-100-18-Mar-2026.csv
2026-05-05 22:46:41 | INFO     | pipeline.parsers.mw | Index name: NIFTY 100
2026-05-05 22:46:41 | INFO     | pipeline.parsers.mw | MarketWatchParser result: 100 constituents
2026-05-05 22:46:41 | INFO     | pipeline.parsers.mw | MarketWatchParser: MW-NIFTY-100-19-Mar-2026.csv
2026-05-05 22:46:41 | INFO     | pipeline.parsers.mw | Index name: NIFTY 100
2026-05-05 22:46:41 | INFO     | pipeline.parsers.mw | MarketWatchParser result: 100 constituents
2026-05-05 22:46:41 | INFO     | pipeline.parsers.mw | MarketWatchParser: MW-NIFTY-100-20-Mar-2026.csv
2026-05-05 22:46:41 | INFO     | pipeline.parsers.mw | Index name: NIFTY 100
2026-05-05 22:46:41 | INFO     | pipeline.parsers.mw | MarketWatchParser result: 100 constituents
2026-05-05 22:46:41 | INFO     | pipeline.parsers.mw | MarketWatchParser: MW-NIFTY-100-21-Apr-2026.csv
2026-05-05 22:46:41 | INFO     | pipeline.parsers.mw | Index name: NIFTY 100
2026-05-05 22:46:41 | INFO     | pipeline.parsers.mw | MarketWatchParser result: 100 constituents
2026-05-05 22:46:41 | INFO     | pipeline.parsers.mw | MarketWatchParser: MW-NIFTY-100-22-Apr-2026.csv
2026-05-05 22:46:41 | INFO     | pipeline.parsers.mw | Index name: NIFTY 100
2026-05-05 22:46:41 | INFO     | pipeline.parsers.mw | MarketWatchParser result: 100 constituents
2026-05-05 22:46:41 | INFO     | pipeline.parsers.mw | MarketWatchParser: MW-NIFTY-100-23-Apr-2026.csv
2026-05-05 22:46:41 | INFO     | pipeline.parsers.mw | Index name: NIFTY 100
2026-05-05 22:46:41 | INFO     | pipeline.parsers.mw | MarketWatchParser result: 100 constituents
2026-05-05 22:46:41 | INFO     | pipeline.parsers.mw | MarketWatchParser: MW-NIFTY-100-23-Mar-2026.csv
2026-05-05 22:46:41 | INFO     | pipeline.parsers.mw | Index name: NIFTY 100
2026-05-05 22:46:41 | INFO     | pipeline.parsers.mw | MarketWatchParser result: 100 constituents
2026-05-05 22:46:41 | INFO     | pipeline.parsers.mw | MarketWatchParser: MW-NIFTY-100-24-Apr-2026.csv
2026-05-05 22:46:41 | INFO     | pipeline.parsers.mw | Index name: NIFTY 100
2026-05-05 22:46:41 | INFO     | pipeline.parsers.mw | MarketWatchParser result: 100 constituents
2026-05-05 22:46:41 | INFO     | pipeline.parsers.mw | MarketWatchParser: MW-NIFTY-100-24-Mar-2026.csv
2026-05-05 22:46:41 | INFO     | pipeline.parsers.mw | Index name: NIFTY 100
2026-05-05 22:46:41 | INFO     | pipeline.parsers.mw | MarketWatchParser result: 100 constituents
2026-05-05 22:46:41 | INFO     | pipeline.parsers.mw | MarketWatchParser: MW-NIFTY-100-27-Apr-2026.csv
2026-05-05 22:46:41 | INFO     | pipeline.parsers.mw | Index name: NIFTY 100
2026-05-05 22:46:42 | INFO     | pipeline.parsers.mw | MarketWatchParser result: 100 constituents
2026-05-05 22:46:42 | INFO     | pipeline.parsers.mw | MarketWatchParser: MW-NIFTY-100-27-Mar-2026.csv
2026-05-05 22:46:42 | INFO     | pipeline.parsers.mw | Index name: NIFTY 100
2026-05-05 22:46:42 | INFO     | pipeline.parsers.mw | MarketWatchParser result: 100 constituents
2026-05-05 22:46:42 | INFO     | pipeline.parsers.mw | MarketWatchParser: MW-NIFTY-100-28-Apr-2026.csv
2026-05-05 22:46:42 | INFO     | pipeline.parsers.mw | Index name: NIFTY 100
2026-05-05 22:46:42 | INFO     | pipeline.parsers.mw | MarketWatchParser result: 100 constituents
2026-05-05 22:46:42 | INFO     | pipeline.parsers.mw | MarketWatchParser: MW-NIFTY-100-29-Apr-2026.csv
2026-05-05 22:46:42 | INFO     | pipeline.parsers.mw | Index name: NIFTY 100
2026-05-05 22:46:42 | INFO     | pipeline.parsers.mw | MarketWatchParser result: 100 constituents
2026-05-05 22:46:42 | INFO     | pipeline.parsers.mw | MarketWatchParser: MW-NIFTY-100-30-Mar-2026.csv
2026-05-05 22:46:42 | INFO     | pipeline.parsers.mw | Index name: NIFTY 100
2026-05-05 22:46:42 | INFO     | pipeline.parsers.mw | MarketWatchParser result: 100 constituents
2026-05-05 22:46:42 | INFO     | pipeline.parsers.mw | MarketWatchParser: MW-NIFTY-200-03-Apr-2026.csv
2026-05-05 22:46:42 | INFO     | pipeline.parsers.mw | Index name: NIFTY 200
2026-05-05 22:46:42 | INFO     | pipeline.parsers.mw | MarketWatchParser result: 200 constituents
2026-05-05 22:46:42 | INFO     | pipeline.parsers.mw | MarketWatchParser: MW-NIFTY-200-05-May-2026.csv
2026-05-05 22:46:42 | INFO     | pipeline.parsers.mw | Index name: NIFTY 200
2026-05-05 22:46:42 | INFO     | pipeline.parsers.mw | MarketWatchParser result: 200 constituents
2026-05-05 22:46:42 | INFO     | pipeline.parsers.mw | MarketWatchParser: MW-NIFTY-200-06-Apr-2026.csv
2026-05-05 22:46:42 | INFO     | pipeline.parsers.mw | Index name: NIFTY 200
2026-05-05 22:46:42 | INFO     | pipeline.parsers.mw | MarketWatchParser result: 200 constituents
2026-05-05 22:46:42 | INFO     | pipeline.parsers.mw | MarketWatchParser: MW-NIFTY-200-07-Apr-2026.csv
2026-05-05 22:46:42 | INFO     | pipeline.parsers.mw | Index name: NIFTY 200
2026-05-05 22:46:42 | INFO     | pipeline.parsers.mw | MarketWatchParser result: 200 constituents
2026-05-05 22:46:42 | INFO     | pipeline.parsers.mw | MarketWatchParser: MW-NIFTY-200-08-Apr-2026.csv
2026-05-05 22:46:42 | INFO     | pipeline.parsers.mw | Index name: NIFTY 200
2026-05-05 22:46:43 | INFO     | pipeline.parsers.mw | MarketWatchParser result: 200 constituents
2026-05-05 22:46:43 | INFO     | pipeline.parsers.mw | MarketWatchParser: MW-NIFTY-200-09-Apr-2026.csv
2026-05-05 22:46:43 | INFO     | pipeline.parsers.mw | Index name: NIFTY 200
2026-05-05 22:46:43 | INFO     | pipeline.parsers.mw | MarketWatchParser result: 200 constituents
2026-05-05 22:46:43 | INFO     | pipeline.parsers.mw | MarketWatchParser: MW-NIFTY-200-10-Apr-2026.csv
2026-05-05 22:46:43 | INFO     | pipeline.parsers.mw | Index name: NIFTY 200
2026-05-05 22:46:43 | INFO     | pipeline.parsers.mw | MarketWatchParser result: 200 constituents
2026-05-05 22:46:43 | INFO     | pipeline.parsers.mw | MarketWatchParser: MW-NIFTY-200-13-Apr-2026.csv
2026-05-05 22:46:43 | INFO     | pipeline.parsers.mw | Index name: NIFTY 200
2026-05-05 22:46:43 | INFO     | pipeline.parsers.mw | MarketWatchParser result: 200 constituents
2026-05-05 22:46:43 | INFO     | pipeline.parsers.mw | MarketWatchParser: MW-NIFTY-200-15-Apr-2026.csv
2026-05-05 22:46:43 | INFO     | pipeline.parsers.mw | Index name: NIFTY 200
2026-05-05 22:46:43 | INFO     | pipeline.parsers.mw | MarketWatchParser result: 200 constituents
2026-05-05 22:46:43 | INFO     | pipeline.parsers.mw | MarketWatchParser: MW-NIFTY-200-16-Apr-2026.csv
2026-05-05 22:46:43 | INFO     | pipeline.parsers.mw | Index name: NIFTY 200
2026-05-05 22:46:43 | INFO     | pipeline.parsers.mw | MarketWatchParser result: 200 constituents
2026-05-05 22:46:43 | INFO     | pipeline.parsers.mw | MarketWatchParser: MW-NIFTY-200-17-Apr-2026.csv
2026-05-05 22:46:43 | INFO     | pipeline.parsers.mw | Index name: NIFTY 200
2026-05-05 22:46:43 | INFO     | pipeline.parsers.mw | MarketWatchParser result: 200 constituents
2026-05-05 22:46:43 | INFO     | pipeline.parsers.mw | MarketWatchParser: MW-NIFTY-200-17-Mar-2026.csv
2026-05-05 22:46:43 | INFO     | pipeline.parsers.mw | Index name: NIFTY 200
2026-05-05 22:46:43 | INFO     | pipeline.parsers.mw | MarketWatchParser result: 200 constituents
2026-05-05 22:46:43 | INFO     | pipeline.parsers.mw | MarketWatchParser: MW-NIFTY-200-18-Mar-2026.csv
2026-05-05 22:46:43 | INFO     | pipeline.parsers.mw | Index name: NIFTY 200
2026-05-05 22:46:43 | INFO     | pipeline.parsers.mw | MarketWatchParser result: 200 constituents
2026-05-05 22:46:43 | INFO     | pipeline.parsers.mw | MarketWatchParser: MW-NIFTY-200-19-Mar-2026.csv
2026-05-05 22:46:43 | INFO     | pipeline.parsers.mw | Index name: NIFTY 200
2026-05-05 22:46:43 | INFO     | pipeline.parsers.mw | MarketWatchParser result: 200 constituents
2026-05-05 22:46:43 | INFO     | pipeline.parsers.mw | MarketWatchParser: MW-NIFTY-200-20-Mar-2026.csv
2026-05-05 22:46:43 | INFO     | pipeline.parsers.mw | Index name: NIFTY 200
2026-05-05 22:46:44 | INFO     | pipeline.parsers.mw | MarketWatchParser result: 200 constituents
2026-05-05 22:46:44 | INFO     | pipeline.parsers.mw | MarketWatchParser: MW-NIFTY-200-21-Apr-2026.csv
2026-05-05 22:46:44 | INFO     | pipeline.parsers.mw | Index name: NIFTY 200
2026-05-05 22:46:44 | INFO     | pipeline.parsers.mw | MarketWatchParser result: 200 constituents
2026-05-05 22:46:44 | INFO     | pipeline.parsers.mw | MarketWatchParser: MW-NIFTY-200-22-Apr-2026.csv
2026-05-05 22:46:44 | INFO     | pipeline.parsers.mw | Index name: NIFTY 200
2026-05-05 22:46:44 | INFO     | pipeline.parsers.mw | MarketWatchParser result: 200 constituents
2026-05-05 22:46:44 | INFO     | pipeline.parsers.mw | MarketWatchParser: MW-NIFTY-200-23-Apr-2026.csv
2026-05-05 22:46:44 | INFO     | pipeline.parsers.mw | Index name: NIFTY 200
2026-05-05 22:46:44 | INFO     | pipeline.parsers.mw | MarketWatchParser result: 200 constituents
2026-05-05 22:46:44 | INFO     | pipeline.parsers.mw | MarketWatchParser: MW-NIFTY-200-23-Mar-2026.csv
2026-05-05 22:46:44 | INFO     | pipeline.parsers.mw | Index name: NIFTY 200
2026-05-05 22:46:44 | INFO     | pipeline.parsers.mw | MarketWatchParser result: 200 constituents
2026-05-05 22:46:44 | INFO     | pipeline.parsers.mw | MarketWatchParser: MW-NIFTY-200-24-Apr-2026.csv
2026-05-05 22:46:44 | INFO     | pipeline.parsers.mw | Index name: NIFTY 200
2026-05-05 22:46:44 | INFO     | pipeline.parsers.mw | MarketWatchParser result: 200 constituents
2026-05-05 22:46:44 | INFO     | pipeline.parsers.mw | MarketWatchParser: MW-NIFTY-200-24-Mar-2026.csv
2026-05-05 22:46:44 | INFO     | pipeline.parsers.mw | Index name: NIFTY 200
2026-05-05 22:46:44 | INFO     | pipeline.parsers.mw | MarketWatchParser result: 200 constituents
2026-05-05 22:46:44 | INFO     | pipeline.parsers.mw | MarketWatchParser: MW-NIFTY-200-27-Apr-2026.csv
2026-05-05 22:46:44 | INFO     | pipeline.parsers.mw | Index name: NIFTY 200
2026-05-05 22:46:44 | INFO     | pipeline.parsers.mw | MarketWatchParser result: 200 constituents
2026-05-05 22:46:44 | INFO     | pipeline.parsers.mw | MarketWatchParser: MW-NIFTY-200-27-Mar-2026.csv
2026-05-05 22:46:44 | INFO     | pipeline.parsers.mw | Index name: NIFTY 200
2026-05-05 22:46:44 | INFO     | pipeline.parsers.mw | MarketWatchParser result: 200 constituents
2026-05-05 22:46:44 | INFO     | pipeline.parsers.mw | MarketWatchParser: MW-NIFTY-200-28-Apr-2026.csv
2026-05-05 22:46:44 | INFO     | pipeline.parsers.mw | Index name: NIFTY 200
2026-05-05 22:46:44 | INFO     | pipeline.parsers.mw | MarketWatchParser result: 200 constituents
2026-05-05 22:46:44 | INFO     | pipeline.parsers.mw | MarketWatchParser: MW-NIFTY-200-29-Apr-2026.csv
2026-05-05 22:46:44 | INFO     | pipeline.parsers.mw | Index name: NIFTY 200
2026-05-05 22:46:45 | INFO     | pipeline.parsers.mw | MarketWatchParser result: 200 constituents
2026-05-05 22:46:45 | INFO     | pipeline.parsers.mw | MarketWatchParser: MW-NIFTY-200-30-Mar-2026.csv
2026-05-05 22:46:45 | INFO     | pipeline.parsers.mw | Index name: NIFTY 200
2026-05-05 22:46:45 | INFO     | pipeline.parsers.mw | MarketWatchParser result: 200 constituents
2026-05-05 22:46:45 | INFO     | pipeline.parsers.mw | MarketWatchParser: MW-NIFTY-500-03-Apr-2026.csv
2026-05-05 22:46:45 | INFO     | pipeline.parsers.mw | Index name: NIFTY 500
2026-05-05 22:46:45 | INFO     | pipeline.parsers.mw | MarketWatchParser result: 500 constituents
2026-05-05 22:46:45 | INFO     | pipeline.parsers.mw | MarketWatchParser: MW-NIFTY-500-03-May-2026.csv
2026-05-05 22:46:45 | INFO     | pipeline.parsers.mw | Index name: NIFTY 500
2026-05-05 22:46:45 | INFO     | pipeline.parsers.mw | MarketWatchParser result: 500 constituents
2026-05-05 22:46:45 | INFO     | pipeline.parsers.mw | MarketWatchParser: MW-NIFTY-500-05-May-2026.csv
2026-05-05 22:46:45 | INFO     | pipeline.parsers.mw | Index name: NIFTY 500
2026-05-05 22:46:45 | INFO     | pipeline.parsers.mw | MarketWatchParser result: 500 constituents
2026-05-05 22:46:45 | INFO     | pipeline.parsers.mw | MarketWatchParser: MW-NIFTY-500-06-Apr-2026.csv
2026-05-05 22:46:45 | INFO     | pipeline.parsers.mw | Index name: NIFTY 500
2026-05-05 22:46:45 | INFO     | pipeline.parsers.mw | MarketWatchParser result: 500 constituents
2026-05-05 22:46:45 | INFO     | pipeline.parsers.mw | MarketWatchParser: MW-NIFTY-500-07-Apr-2026.csv
2026-05-05 22:46:45 | INFO     | pipeline.parsers.mw | Index name: NIFTY 500
2026-05-05 22:46:46 | INFO     | pipeline.parsers.mw | MarketWatchParser result: 500 constituents
2026-05-05 22:46:46 | INFO     | pipeline.parsers.mw | MarketWatchParser: MW-NIFTY-500-08-Apr-2026.csv
2026-05-05 22:46:46 | INFO     | pipeline.parsers.mw | Index name: NIFTY 500
2026-05-05 22:46:46 | INFO     | pipeline.parsers.mw | MarketWatchParser result: 500 constituents
2026-05-05 22:46:46 | INFO     | pipeline.parsers.mw | MarketWatchParser: MW-NIFTY-500-09-Apr-2026.csv
2026-05-05 22:46:46 | INFO     | pipeline.parsers.mw | Index name: NIFTY 500
2026-05-05 22:46:46 | INFO     | pipeline.parsers.mw | MarketWatchParser result: 500 constituents
2026-05-05 22:46:46 | INFO     | pipeline.parsers.mw | MarketWatchParser: MW-NIFTY-500-10-Apr-2026.csv
2026-05-05 22:46:46 | INFO     | pipeline.parsers.mw | Index name: NIFTY 500
2026-05-05 22:46:46 | INFO     | pipeline.parsers.mw | MarketWatchParser result: 500 constituents
2026-05-05 22:46:46 | INFO     | pipeline.parsers.mw | MarketWatchParser: MW-NIFTY-500-13-Apr-2026.csv
2026-05-05 22:46:46 | INFO     | pipeline.parsers.mw | Index name: NIFTY 500
2026-05-05 22:46:46 | INFO     | pipeline.parsers.mw | MarketWatchParser result: 500 constituents
2026-05-05 22:46:46 | INFO     | pipeline.parsers.mw | MarketWatchParser: MW-NIFTY-500-15-Apr-2026.csv
2026-05-05 22:46:46 | INFO     | pipeline.parsers.mw | Index name: NIFTY 500
2026-05-05 22:46:46 | INFO     | pipeline.parsers.mw | MarketWatchParser result: 500 constituents
2026-05-05 22:46:46 | INFO     | pipeline.parsers.mw | MarketWatchParser: MW-NIFTY-500-16-Apr-2026.csv
2026-05-05 22:46:46 | INFO     | pipeline.parsers.mw | Index name: NIFTY 500
2026-05-05 22:46:46 | INFO     | pipeline.parsers.mw | MarketWatchParser result: 500 constituents
2026-05-05 22:46:46 | INFO     | pipeline.parsers.mw | MarketWatchParser: MW-NIFTY-500-16-Mar-2026.csv
2026-05-05 22:46:46 | INFO     | pipeline.parsers.mw | Index name: NIFTY 500
2026-05-05 22:46:47 | INFO     | pipeline.parsers.mw | MarketWatchParser result: 500 constituents
2026-05-05 22:46:47 | INFO     | pipeline.parsers.mw | MarketWatchParser: MW-NIFTY-500-17-Apr-2026.csv
2026-05-05 22:46:47 | INFO     | pipeline.parsers.mw | Index name: NIFTY 500
2026-05-05 22:46:47 | INFO     | pipeline.parsers.mw | MarketWatchParser result: 500 constituents
2026-05-05 22:46:47 | INFO     | pipeline.parsers.mw | MarketWatchParser: MW-NIFTY-500-17-Mar-2026.csv
2026-05-05 22:46:47 | INFO     | pipeline.parsers.mw | Index name: NIFTY 500
2026-05-05 22:46:47 | INFO     | pipeline.parsers.mw | MarketWatchParser result: 500 constituents
2026-05-05 22:46:47 | INFO     | pipeline.parsers.mw | MarketWatchParser: MW-NIFTY-500-18-Mar-2026.csv
2026-05-05 22:46:47 | INFO     | pipeline.parsers.mw | Index name: NIFTY 500
2026-05-05 22:46:47 | INFO     | pipeline.parsers.mw | MarketWatchParser result: 500 constituents
2026-05-05 22:46:47 | INFO     | pipeline.parsers.mw | MarketWatchParser: MW-NIFTY-500-19-Mar-2026.csv
2026-05-05 22:46:47 | INFO     | pipeline.parsers.mw | Index name: NIFTY 500
2026-05-05 22:46:47 | INFO     | pipeline.parsers.mw | MarketWatchParser result: 500 constituents
2026-05-05 22:46:47 | INFO     | pipeline.parsers.mw | MarketWatchParser: MW-NIFTY-500-20-Mar-2026.csv
2026-05-05 22:46:47 | INFO     | pipeline.parsers.mw | Index name: NIFTY 500
2026-05-05 22:46:47 | INFO     | pipeline.parsers.mw | MarketWatchParser result: 500 constituents
2026-05-05 22:46:47 | INFO     | pipeline.parsers.mw | MarketWatchParser: MW-NIFTY-500-21-Apr-2026.csv
2026-05-05 22:46:47 | INFO     | pipeline.parsers.mw | Index name: NIFTY 500
2026-05-05 22:46:47 | INFO     | pipeline.parsers.mw | MarketWatchParser result: 500 constituents
2026-05-05 22:46:47 | INFO     | pipeline.parsers.mw | MarketWatchParser: MW-NIFTY-500-22-Apr-2026.csv
2026-05-05 22:46:47 | INFO     | pipeline.parsers.mw | Index name: NIFTY 500
2026-05-05 22:46:47 | INFO     | pipeline.parsers.mw | MarketWatchParser result: 500 constituents
2026-05-05 22:46:48 | INFO     | pipeline.parsers.mw | MarketWatchParser: MW-NIFTY-500-23-Apr-2026.csv
2026-05-05 22:46:48 | INFO     | pipeline.parsers.mw | Index name: NIFTY 500
2026-05-05 22:46:48 | INFO     | pipeline.parsers.mw | MarketWatchParser result: 500 constituents
2026-05-05 22:46:48 | INFO     | pipeline.parsers.mw | MarketWatchParser: MW-NIFTY-500-23-Mar-2026.csv
2026-05-05 22:46:48 | INFO     | pipeline.parsers.mw | Index name: NIFTY 500
2026-05-05 22:46:48 | INFO     | pipeline.parsers.mw | MarketWatchParser result: 500 constituents
2026-05-05 22:46:48 | INFO     | pipeline.parsers.mw | MarketWatchParser: MW-NIFTY-500-24-Apr-2026.csv
2026-05-05 22:46:48 | INFO     | pipeline.parsers.mw | Index name: NIFTY 500
2026-05-05 22:46:48 | INFO     | pipeline.parsers.mw | MarketWatchParser result: 500 constituents
2026-05-05 22:46:48 | INFO     | pipeline.parsers.mw | MarketWatchParser: MW-NIFTY-500-24-Mar-2026.csv
2026-05-05 22:46:48 | INFO     | pipeline.parsers.mw | Index name: NIFTY 500
2026-05-05 22:46:48 | INFO     | pipeline.parsers.mw | MarketWatchParser result: 500 constituents
2026-05-05 22:46:48 | INFO     | pipeline.parsers.mw | MarketWatchParser: MW-NIFTY-500-27-Apr-2026.csv
2026-05-05 22:46:48 | INFO     | pipeline.parsers.mw | Index name: NIFTY 500
2026-05-05 22:46:48 | INFO     | pipeline.parsers.mw | MarketWatchParser result: 500 constituents
2026-05-05 22:46:48 | INFO     | pipeline.parsers.mw | MarketWatchParser: MW-NIFTY-500-27-Mar-2026.csv
2026-05-05 22:46:48 | INFO     | pipeline.parsers.mw | Index name: NIFTY 500
2026-05-05 22:46:48 | INFO     | pipeline.parsers.mw | MarketWatchParser result: 500 constituents
2026-05-05 22:46:48 | INFO     | pipeline.parsers.mw | MarketWatchParser: MW-NIFTY-500-28-Apr-2026.csv
2026-05-05 22:46:48 | INFO     | pipeline.parsers.mw | Index name: NIFTY 500
2026-05-05 22:46:48 | INFO     | pipeline.parsers.mw | MarketWatchParser result: 500 constituents
2026-05-05 22:46:48 | INFO     | pipeline.parsers.mw | MarketWatchParser: MW-NIFTY-500-29-Apr-2026.csv
2026-05-05 22:46:48 | INFO     | pipeline.parsers.mw | Index name: NIFTY 500
2026-05-05 22:46:49 | INFO     | pipeline.parsers.mw | MarketWatchParser result: 500 constituents
2026-05-05 22:46:49 | INFO     | pipeline.parsers.mw | MarketWatchParser: MW-NIFTY-500-30-Mar-2026.csv
2026-05-05 22:46:49 | INFO     | pipeline.parsers.mw | Index name: NIFTY 500
2026-05-05 22:46:49 | INFO     | pipeline.parsers.mw | MarketWatchParser result: 500 constituents
2026-05-05 22:46:49 | INFO     | pipeline.parsers.mw | MarketWatchParser: MW-NIFTY-INDIA-FPI-150-03-Apr-2026.csv
2026-05-05 22:46:49 | INFO     | pipeline.parsers.mw | Index name: NIFTY INDIA FPI 150
2026-05-05 22:46:49 | INFO     | pipeline.parsers.mw | MarketWatchParser result: 150 constituents
2026-05-05 22:46:49 | INFO     | pipeline.parsers.mw | MarketWatchParser: MW-NIFTY-INDIA-FPI-150-06-Apr-2026.csv
2026-05-05 22:46:49 | INFO     | pipeline.parsers.mw | Index name: NIFTY INDIA FPI 150
2026-05-05 22:46:49 | INFO     | pipeline.parsers.mw | MarketWatchParser result: 150 constituents
2026-05-05 22:46:49 | INFO     | pipeline.parsers.mw | MarketWatchParser: MW-NIFTY-INDIA-FPI-150-07-Apr-2026.csv
2026-05-05 22:46:49 | INFO     | pipeline.parsers.mw | Index name: NIFTY INDIA FPI 150
2026-05-05 22:46:49 | INFO     | pipeline.parsers.mw | MarketWatchParser result: 150 constituents
2026-05-05 22:46:49 | INFO     | pipeline.parsers.mw | MarketWatchParser: MW-NIFTY-INDIA-FPI-150-08-Apr-2026.csv
2026-05-05 22:46:49 | INFO     | pipeline.parsers.mw | Index name: NIFTY INDIA FPI 150
2026-05-05 22:46:49 | INFO     | pipeline.parsers.mw | MarketWatchParser result: 150 constituents
2026-05-05 22:46:49 | INFO     | pipeline.parsers.mw | MarketWatchParser: MW-NIFTY-INDIA-FPI-150-09-Apr-2026.csv
2026-05-05 22:46:49 | INFO     | pipeline.parsers.mw | Index name: NIFTY INDIA FPI 150
2026-05-05 22:46:49 | INFO     | pipeline.parsers.mw | MarketWatchParser result: 150 constituents
2026-05-05 22:46:49 | INFO     | pipeline.parsers.mw | MarketWatchParser: MW-NIFTY-INDIA-FPI-150-10-Apr-2026.csv
2026-05-05 22:46:49 | INFO     | pipeline.parsers.mw | Index name: NIFTY INDIA FPI 150
2026-05-05 22:46:49 | INFO     | pipeline.parsers.mw | MarketWatchParser result: 150 constituents
2026-05-05 22:46:49 | INFO     | pipeline.parsers.mw | MarketWatchParser: MW-NIFTY-INDIA-FPI-150-13-Apr-2026.csv
2026-05-05 22:46:49 | INFO     | pipeline.parsers.mw | Index name: NIFTY INDIA FPI 150
2026-05-05 22:46:49 | INFO     | pipeline.parsers.mw | MarketWatchParser result: 150 constituents
2026-05-05 22:46:49 | INFO     | pipeline.parsers.mw | MarketWatchParser: MW-NIFTY-INDIA-FPI-150-15-Apr-2026.csv
2026-05-05 22:46:49 | INFO     | pipeline.parsers.mw | Index name: NIFTY INDIA FPI 150
2026-05-05 22:46:50 | INFO     | pipeline.parsers.mw | MarketWatchParser result: 150 constituents
2026-05-05 22:46:50 | INFO     | pipeline.parsers.mw | MarketWatchParser: MW-NIFTY-INDIA-FPI-150-16-Apr-2026.csv
2026-05-05 22:46:50 | INFO     | pipeline.parsers.mw | Index name: NIFTY INDIA FPI 150
2026-05-05 22:46:50 | INFO     | pipeline.parsers.mw | MarketWatchParser result: 150 constituents
2026-05-05 22:46:50 | INFO     | pipeline.parsers.mw | MarketWatchParser: MW-NIFTY-INDIA-FPI-150-17-Apr-2026.csv
2026-05-05 22:46:50 | INFO     | pipeline.parsers.mw | Index name: NIFTY INDIA FPI 150
2026-05-05 22:46:50 | INFO     | pipeline.parsers.mw | MarketWatchParser result: 150 constituents
2026-05-05 22:46:50 | INFO     | pipeline.parsers.mw | MarketWatchParser: MW-NIFTY-INDIA-FPI-150-17-Mar-2026.csv
2026-05-05 22:46:50 | INFO     | pipeline.parsers.mw | Index name: NIFTY INDIA FPI 150
2026-05-05 22:46:50 | INFO     | pipeline.parsers.mw | MarketWatchParser result: 150 constituents
2026-05-05 22:46:50 | INFO     | pipeline.parsers.mw | MarketWatchParser: MW-NIFTY-INDIA-FPI-150-18-Mar-2026.csv
2026-05-05 22:46:50 | INFO     | pipeline.parsers.mw | Index name: NIFTY INDIA FPI 150
2026-05-05 22:46:50 | INFO     | pipeline.parsers.mw | MarketWatchParser result: 150 constituents
2026-05-05 22:46:50 | INFO     | pipeline.parsers.mw | MarketWatchParser: MW-NIFTY-INDIA-FPI-150-19-Mar-2026.csv
2026-05-05 22:46:50 | INFO     | pipeline.parsers.mw | Index name: NIFTY INDIA FPI 150
2026-05-05 22:46:50 | INFO     | pipeline.parsers.mw | MarketWatchParser result: 150 constituents
2026-05-05 22:46:50 | INFO     | pipeline.parsers.mw | MarketWatchParser: MW-NIFTY-INDIA-FPI-150-20-Mar-2026.csv
2026-05-05 22:46:50 | INFO     | pipeline.parsers.mw | Index name: NIFTY INDIA FPI 150
2026-05-05 22:46:50 | INFO     | pipeline.parsers.mw | MarketWatchParser result: 150 constituents
2026-05-05 22:46:50 | INFO     | pipeline.parsers.mw | MarketWatchParser: MW-NIFTY-INDIA-FPI-150-21-Apr-2026.csv
2026-05-05 22:46:50 | INFO     | pipeline.parsers.mw | Index name: NIFTY INDIA FPI 150
2026-05-05 22:46:50 | INFO     | pipeline.parsers.mw | MarketWatchParser result: 150 constituents
2026-05-05 22:46:50 | INFO     | pipeline.parsers.mw | MarketWatchParser: MW-NIFTY-INDIA-FPI-150-22-Apr-2026.csv
2026-05-05 22:46:50 | INFO     | pipeline.parsers.mw | Index name: NIFTY INDIA FPI 150
2026-05-05 22:46:50 | INFO     | pipeline.parsers.mw | MarketWatchParser result: 150 constituents
2026-05-05 22:46:50 | INFO     | pipeline.parsers.mw | MarketWatchParser: MW-NIFTY-INDIA-FPI-150-23-Apr-2026.csv
2026-05-05 22:46:50 | INFO     | pipeline.parsers.mw | Index name: NIFTY INDIA FPI 150
2026-05-05 22:46:51 | INFO     | pipeline.parsers.mw | MarketWatchParser result: 150 constituents
2026-05-05 22:46:51 | INFO     | pipeline.parsers.mw | MarketWatchParser: MW-NIFTY-INDIA-FPI-150-23-Mar-2026.csv
2026-05-05 22:46:51 | INFO     | pipeline.parsers.mw | Index name: NIFTY INDIA FPI 150
2026-05-05 22:46:51 | INFO     | pipeline.parsers.mw | MarketWatchParser result: 150 constituents
2026-05-05 22:46:51 | INFO     | pipeline.parsers.mw | MarketWatchParser: MW-NIFTY-INDIA-FPI-150-24-Apr-2026.csv
2026-05-05 22:46:51 | INFO     | pipeline.parsers.mw | Index name: NIFTY INDIA FPI 150
2026-05-05 22:46:51 | INFO     | pipeline.parsers.mw | MarketWatchParser result: 150 constituents
2026-05-05 22:46:51 | INFO     | pipeline.parsers.mw | MarketWatchParser: MW-NIFTY-INDIA-FPI-150-24-Mar-2026.csv
2026-05-05 22:46:51 | INFO     | pipeline.parsers.mw | Index name: NIFTY INDIA FPI 150
2026-05-05 22:46:51 | INFO     | pipeline.parsers.mw | MarketWatchParser result: 150 constituents
2026-05-05 22:46:51 | INFO     | pipeline.parsers.mw | MarketWatchParser: MW-NIFTY-INDIA-FPI-150-27-Apr-2026.csv
2026-05-05 22:46:51 | INFO     | pipeline.parsers.mw | Index name: NIFTY INDIA FPI 150
2026-05-05 22:46:51 | INFO     | pipeline.parsers.mw | MarketWatchParser result: 150 constituents
2026-05-05 22:46:51 | INFO     | pipeline.parsers.mw | MarketWatchParser: MW-NIFTY-INDIA-FPI-150-27-Mar-2026.csv
2026-05-05 22:46:51 | INFO     | pipeline.parsers.mw | Index name: NIFTY INDIA FPI 150
2026-05-05 22:46:51 | INFO     | pipeline.parsers.mw | MarketWatchParser result: 150 constituents
2026-05-05 22:46:51 | INFO     | pipeline.parsers.mw | MarketWatchParser: MW-NIFTY-INDIA-FPI-150-28-Apr-2026.csv
2026-05-05 22:46:51 | INFO     | pipeline.parsers.mw | Index name: NIFTY INDIA FPI 150
2026-05-05 22:46:51 | INFO     | pipeline.parsers.mw | MarketWatchParser result: 150 constituents
2026-05-05 22:46:51 | INFO     | pipeline.parsers.mw | MarketWatchParser: MW-NIFTY-INDIA-FPI-150-29-Apr-2026.csv
2026-05-05 22:46:51 | INFO     | pipeline.parsers.mw | Index name: NIFTY INDIA FPI 150
2026-05-05 22:46:51 | INFO     | pipeline.parsers.mw | MarketWatchParser result: 150 constituents
2026-05-05 22:46:51 | INFO     | pipeline.parsers.mw | MarketWatchParser: MW-NIFTY-INDIA-FPI-150-30-Mar-2026.csv
2026-05-05 22:46:51 | INFO     | pipeline.parsers.mw | Index name: NIFTY INDIA FPI 150
2026-05-05 22:46:51 | INFO     | pipeline.parsers.mw | MarketWatchParser result: 150 constituents
2026-05-05 22:46:52 | INFO     | pipeline.parsers.mw | MarketWatchParser: MW-NIFTY-LARGEMIDCAP-250-03-Apr-2026.csv
2026-05-05 22:46:52 | INFO     | pipeline.parsers.mw | Index name: NIFTY LARGEMIDCAP 250
2026-05-05 22:46:52 | INFO     | pipeline.parsers.mw | MarketWatchParser result: 250 constituents
2026-05-05 22:46:52 | INFO     | pipeline.parsers.mw | MarketWatchParser: MW-NIFTY-LARGEMIDCAP-250-06-Apr-2026.csv
2026-05-05 22:46:52 | INFO     | pipeline.parsers.mw | Index name: NIFTY LARGEMIDCAP 250
2026-05-05 22:46:52 | INFO     | pipeline.parsers.mw | MarketWatchParser result: 250 constituents
2026-05-05 22:46:52 | INFO     | pipeline.parsers.mw | MarketWatchParser: MW-NIFTY-LARGEMIDCAP-250-07-Apr-2026.csv
2026-05-05 22:46:52 | INFO     | pipeline.parsers.mw | Index name: NIFTY LARGEMIDCAP 250
2026-05-05 22:46:52 | INFO     | pipeline.parsers.mw | MarketWatchParser result: 250 constituents
2026-05-05 22:46:52 | INFO     | pipeline.parsers.mw | MarketWatchParser: MW-NIFTY-LARGEMIDCAP-250-08-Apr-2026.csv
2026-05-05 22:46:52 | INFO     | pipeline.parsers.mw | Index name: NIFTY LARGEMIDCAP 250
2026-05-05 22:46:52 | INFO     | pipeline.parsers.mw | MarketWatchParser result: 250 constituents
2026-05-05 22:46:52 | INFO     | pipeline.parsers.mw | MarketWatchParser: MW-NIFTY-LARGEMIDCAP-250-09-Apr-2026.csv
2026-05-05 22:46:52 | INFO     | pipeline.parsers.mw | Index name: NIFTY LARGEMIDCAP 250
2026-05-05 22:46:52 | INFO     | pipeline.parsers.mw | MarketWatchParser result: 250 constituents
2026-05-05 22:46:52 | INFO     | pipeline.parsers.mw | MarketWatchParser: MW-NIFTY-LARGEMIDCAP-250-10-Apr-2026.csv
2026-05-05 22:46:52 | INFO     | pipeline.parsers.mw | Index name: NIFTY LARGEMIDCAP 250
2026-05-05 22:46:52 | INFO     | pipeline.parsers.mw | MarketWatchParser result: 250 constituents
2026-05-05 22:46:52 | INFO     | pipeline.parsers.mw | MarketWatchParser: MW-NIFTY-LARGEMIDCAP-250-13-Apr-2026.csv
2026-05-05 22:46:52 | INFO     | pipeline.parsers.mw | Index name: NIFTY LARGEMIDCAP 250
2026-05-05 22:46:52 | INFO     | pipeline.parsers.mw | MarketWatchParser result: 250 constituents
2026-05-05 22:46:52 | INFO     | pipeline.parsers.mw | MarketWatchParser: MW-NIFTY-LARGEMIDCAP-250-15-Apr-2026.csv
2026-05-05 22:46:52 | INFO     | pipeline.parsers.mw | Index name: NIFTY LARGEMIDCAP 250
2026-05-05 22:46:52 | INFO     | pipeline.parsers.mw | MarketWatchParser result: 250 constituents
2026-05-05 22:46:52 | INFO     | pipeline.parsers.mw | MarketWatchParser: MW-NIFTY-LARGEMIDCAP-250-16-Apr-2026.csv
2026-05-05 22:46:52 | INFO     | pipeline.parsers.mw | Index name: NIFTY LARGEMIDCAP 250
2026-05-05 22:46:52 | INFO     | pipeline.parsers.mw | MarketWatchParser result: 250 constituents
2026-05-05 22:46:52 | INFO     | pipeline.parsers.mw | MarketWatchParser: MW-NIFTY-LARGEMIDCAP-250-17-Apr-2026.csv
2026-05-05 22:46:52 | INFO     | pipeline.parsers.mw | Index name: NIFTY LARGEMIDCAP 250
2026-05-05 22:46:53 | INFO     | pipeline.parsers.mw | MarketWatchParser result: 250 constituents
2026-05-05 22:46:53 | INFO     | pipeline.parsers.mw | MarketWatchParser: MW-NIFTY-LARGEMIDCAP-250-17-Mar-2026.csv
2026-05-05 22:46:53 | INFO     | pipeline.parsers.mw | Index name: NIFTY LARGEMIDCAP 250
2026-05-05 22:46:53 | INFO     | pipeline.parsers.mw | MarketWatchParser result: 250 constituents
2026-05-05 22:46:53 | INFO     | pipeline.parsers.mw | MarketWatchParser: MW-NIFTY-LARGEMIDCAP-250-18-Mar-2026.csv
2026-05-05 22:46:53 | INFO     | pipeline.parsers.mw | Index name: NIFTY LARGEMIDCAP 250
2026-05-05 22:46:53 | INFO     | pipeline.parsers.mw | MarketWatchParser result: 250 constituents
2026-05-05 22:46:53 | INFO     | pipeline.parsers.mw | MarketWatchParser: MW-NIFTY-LARGEMIDCAP-250-19-Mar-2026.csv
2026-05-05 22:46:53 | INFO     | pipeline.parsers.mw | Index name: NIFTY LARGEMIDCAP 250
2026-05-05 22:46:53 | INFO     | pipeline.parsers.mw | MarketWatchParser result: 250 constituents
2026-05-05 22:46:53 | INFO     | pipeline.parsers.mw | MarketWatchParser: MW-NIFTY-LARGEMIDCAP-250-20-Mar-2026.csv
2026-05-05 22:46:53 | INFO     | pipeline.parsers.mw | Index name: NIFTY LARGEMIDCAP 250
2026-05-05 22:46:53 | INFO     | pipeline.parsers.mw | MarketWatchParser result: 250 constituents
2026-05-05 22:46:53 | INFO     | pipeline.parsers.mw | MarketWatchParser: MW-NIFTY-LARGEMIDCAP-250-21-Apr-2026.csv
2026-05-05 22:46:53 | INFO     | pipeline.parsers.mw | Index name: NIFTY LARGEMIDCAP 250
2026-05-05 22:46:53 | INFO     | pipeline.parsers.mw | MarketWatchParser result: 250 constituents
2026-05-05 22:46:53 | INFO     | pipeline.parsers.mw | MarketWatchParser: MW-NIFTY-LARGEMIDCAP-250-22-Apr-2026.csv
2026-05-05 22:46:53 | INFO     | pipeline.parsers.mw | Index name: NIFTY LARGEMIDCAP 250
2026-05-05 22:46:53 | INFO     | pipeline.parsers.mw | MarketWatchParser result: 250 constituents
2026-05-05 22:46:53 | INFO     | pipeline.parsers.mw | MarketWatchParser: MW-NIFTY-LARGEMIDCAP-250-23-Apr-2026.csv
2026-05-05 22:46:53 | INFO     | pipeline.parsers.mw | Index name: NIFTY LARGEMIDCAP 250
2026-05-05 22:46:53 | INFO     | pipeline.parsers.mw | MarketWatchParser result: 250 constituents
2026-05-05 22:46:53 | INFO     | pipeline.parsers.mw | MarketWatchParser: MW-NIFTY-LARGEMIDCAP-250-23-Mar-2026.csv
2026-05-05 22:46:53 | INFO     | pipeline.parsers.mw | Index name: NIFTY LARGEMIDCAP 250
2026-05-05 22:46:53 | INFO     | pipeline.parsers.mw | MarketWatchParser result: 250 constituents
2026-05-05 22:46:53 | INFO     | pipeline.parsers.mw | MarketWatchParser: MW-NIFTY-LARGEMIDCAP-250-24-Apr-2026.csv
2026-05-05 22:46:53 | INFO     | pipeline.parsers.mw | Index name: NIFTY LARGEMIDCAP 250
2026-05-05 22:46:54 | INFO     | pipeline.parsers.mw | MarketWatchParser result: 250 constituents
2026-05-05 22:46:54 | INFO     | pipeline.parsers.mw | MarketWatchParser: MW-NIFTY-LARGEMIDCAP-250-24-Mar-2026.csv
2026-05-05 22:46:54 | INFO     | pipeline.parsers.mw | Index name: NIFTY LARGEMIDCAP 250
2026-05-05 22:46:54 | INFO     | pipeline.parsers.mw | MarketWatchParser result: 250 constituents
2026-05-05 22:46:54 | INFO     | pipeline.parsers.mw | MarketWatchParser: MW-NIFTY-LARGEMIDCAP-250-27-Apr-2026.csv
2026-05-05 22:46:54 | INFO     | pipeline.parsers.mw | Index name: NIFTY LARGEMIDCAP 250
2026-05-05 22:46:54 | INFO     | pipeline.parsers.mw | MarketWatchParser result: 250 constituents
2026-05-05 22:46:54 | INFO     | pipeline.parsers.mw | MarketWatchParser: MW-NIFTY-LARGEMIDCAP-250-27-Mar-2026.csv
2026-05-05 22:46:54 | INFO     | pipeline.parsers.mw | Index name: NIFTY LARGEMIDCAP 250
2026-05-05 22:46:54 | INFO     | pipeline.parsers.mw | MarketWatchParser result: 250 constituents
2026-05-05 22:46:54 | INFO     | pipeline.parsers.mw | MarketWatchParser: MW-NIFTY-LARGEMIDCAP-250-28-Apr-2026.csv
2026-05-05 22:46:54 | INFO     | pipeline.parsers.mw | Index name: NIFTY LARGEMIDCAP 250
2026-05-05 22:46:54 | INFO     | pipeline.parsers.mw | MarketWatchParser result: 250 constituents
2026-05-05 22:46:54 | INFO     | pipeline.parsers.mw | MarketWatchParser: MW-NIFTY-LARGEMIDCAP-250-29-Apr-2026.csv
2026-05-05 22:46:54 | INFO     | pipeline.parsers.mw | Index name: NIFTY LARGEMIDCAP 250
2026-05-05 22:46:54 | INFO     | pipeline.parsers.mw | MarketWatchParser result: 250 constituents
2026-05-05 22:46:54 | INFO     | pipeline.parsers.mw | MarketWatchParser: MW-NIFTY-LARGEMIDCAP-250-30-Mar-2026.csv
2026-05-05 22:46:54 | INFO     | pipeline.parsers.mw | Index name: NIFTY LARGEMIDCAP 250
2026-05-05 22:46:54 | INFO     | pipeline.parsers.mw | MarketWatchParser result: 250 constituents
2026-05-05 22:46:54 | INFO     | pipeline.parsers.mw | MarketWatchParser: MW-NIFTY-MICROCAP-250-03-Apr-2026.csv
2026-05-05 22:46:54 | INFO     | pipeline.parsers.mw | Index name: NIFTY MICROCAP 250
2026-05-05 22:46:54 | INFO     | pipeline.parsers.mw | MarketWatchParser result: 250 constituents
2026-05-05 22:46:54 | INFO     | pipeline.parsers.mw | MarketWatchParser: MW-NIFTY-MICROCAP-250-06-Apr-2026.csv
2026-05-05 22:46:54 | INFO     | pipeline.parsers.mw | Index name: NIFTY MICROCAP 250
2026-05-05 22:46:54 | INFO     | pipeline.parsers.mw | MarketWatchParser result: 250 constituents
2026-05-05 22:46:54 | INFO     | pipeline.parsers.mw | MarketWatchParser: MW-NIFTY-MICROCAP-250-07-Apr-2026.csv
2026-05-05 22:46:54 | INFO     | pipeline.parsers.mw | Index name: NIFTY MICROCAP 250
2026-05-05 22:46:55 | INFO     | pipeline.parsers.mw | MarketWatchParser result: 250 constituents
2026-05-05 22:46:55 | INFO     | pipeline.parsers.mw | MarketWatchParser: MW-NIFTY-MICROCAP-250-08-Apr-2026.csv
2026-05-05 22:46:55 | INFO     | pipeline.parsers.mw | Index name: NIFTY MICROCAP 250
2026-05-05 22:46:55 | INFO     | pipeline.parsers.mw | MarketWatchParser result: 250 constituents
2026-05-05 22:46:55 | INFO     | pipeline.parsers.mw | MarketWatchParser: MW-NIFTY-MICROCAP-250-09-Apr-2026.csv
2026-05-05 22:46:55 | INFO     | pipeline.parsers.mw | Index name: NIFTY MICROCAP 250
2026-05-05 22:46:55 | INFO     | pipeline.parsers.mw | MarketWatchParser result: 250 constituents
2026-05-05 22:46:55 | INFO     | pipeline.parsers.mw | MarketWatchParser: MW-NIFTY-MICROCAP-250-10-Apr-2026.csv
2026-05-05 22:46:55 | INFO     | pipeline.parsers.mw | Index name: NIFTY MICROCAP 250
2026-05-05 22:46:55 | INFO     | pipeline.parsers.mw | MarketWatchParser result: 249 constituents
2026-05-05 22:46:55 | INFO     | pipeline.parsers.mw | MarketWatchParser: MW-NIFTY-MICROCAP-250-13-Apr-2026.csv
2026-05-05 22:46:55 | INFO     | pipeline.parsers.mw | Index name: NIFTY MICROCAP 250
2026-05-05 22:46:55 | INFO     | pipeline.parsers.mw | MarketWatchParser result: 250 constituents
2026-05-05 22:46:55 | INFO     | pipeline.parsers.mw | MarketWatchParser: MW-NIFTY-MICROCAP-250-15-Apr-2026.csv
2026-05-05 22:46:55 | INFO     | pipeline.parsers.mw | Index name: NIFTY MICROCAP 250
2026-05-05 22:46:55 | INFO     | pipeline.parsers.mw | MarketWatchParser result: 249 constituents
2026-05-05 22:46:55 | INFO     | pipeline.parsers.mw | MarketWatchParser: MW-NIFTY-MICROCAP-250-16-Apr-2026.csv
2026-05-05 22:46:55 | INFO     | pipeline.parsers.mw | Index name: NIFTY MICROCAP 250
2026-05-05 22:46:55 | INFO     | pipeline.parsers.mw | MarketWatchParser result: 249 constituents
2026-05-05 22:46:55 | INFO     | pipeline.parsers.mw | MarketWatchParser: MW-NIFTY-MICROCAP-250-17-Apr-2026.csv
2026-05-05 22:46:55 | INFO     | pipeline.parsers.mw | Index name: NIFTY MICROCAP 250
2026-05-05 22:46:55 | INFO     | pipeline.parsers.mw | MarketWatchParser result: 249 constituents
2026-05-05 22:46:55 | INFO     | pipeline.parsers.mw | MarketWatchParser: MW-NIFTY-MICROCAP-250-17-Mar-2026.csv
2026-05-05 22:46:55 | INFO     | pipeline.parsers.mw | Index name: NIFTY MICROCAP 250
2026-05-05 22:46:55 | INFO     | pipeline.parsers.mw | MarketWatchParser result: 250 constituents
2026-05-05 22:46:56 | INFO     | pipeline.parsers.mw | MarketWatchParser: MW-NIFTY-MICROCAP-250-18-Mar-2026.csv
2026-05-05 22:46:56 | INFO     | pipeline.parsers.mw | Index name: NIFTY MICROCAP 250
2026-05-05 22:46:56 | INFO     | pipeline.parsers.mw | MarketWatchParser result: 250 constituents
2026-05-05 22:46:56 | INFO     | pipeline.parsers.mw | MarketWatchParser: MW-NIFTY-MICROCAP-250-19-Mar-2026.csv
2026-05-05 22:46:56 | INFO     | pipeline.parsers.mw | Index name: NIFTY MICROCAP 250
2026-05-05 22:46:56 | INFO     | pipeline.parsers.mw | MarketWatchParser result: 250 constituents
2026-05-05 22:46:56 | INFO     | pipeline.parsers.mw | MarketWatchParser: MW-NIFTY-MICROCAP-250-20-Mar-2026.csv
2026-05-05 22:46:56 | INFO     | pipeline.parsers.mw | Index name: NIFTY MICROCAP 250
2026-05-05 22:46:56 | INFO     | pipeline.parsers.mw | MarketWatchParser result: 250 constituents
2026-05-05 22:46:56 | INFO     | pipeline.parsers.mw | MarketWatchParser: MW-NIFTY-MICROCAP-250-21-Apr-2026.csv
2026-05-05 22:46:56 | INFO     | pipeline.parsers.mw | Index name: NIFTY MICROCAP 250
2026-05-05 22:46:56 | INFO     | pipeline.parsers.mw | MarketWatchParser result: 249 constituents
2026-05-05 22:46:56 | INFO     | pipeline.parsers.mw | MarketWatchParser: MW-NIFTY-MICROCAP-250-22-Apr-2026.csv
2026-05-05 22:46:56 | INFO     | pipeline.parsers.mw | Index name: NIFTY MICROCAP 250
2026-05-05 22:46:56 | INFO     | pipeline.parsers.mw | MarketWatchParser result: 249 constituents
2026-05-05 22:46:56 | INFO     | pipeline.parsers.mw | MarketWatchParser: MW-NIFTY-MICROCAP-250-23-Apr-2026.csv
2026-05-05 22:46:56 | INFO     | pipeline.parsers.mw | Index name: NIFTY MICROCAP 250
2026-05-05 22:46:56 | INFO     | pipeline.parsers.mw | MarketWatchParser result: 249 constituents
2026-05-05 22:46:56 | INFO     | pipeline.parsers.mw | MarketWatchParser: MW-NIFTY-MICROCAP-250-23-Mar-2026.csv
2026-05-05 22:46:56 | INFO     | pipeline.parsers.mw | Index name: NIFTY MICROCAP 250
2026-05-05 22:46:56 | INFO     | pipeline.parsers.mw | MarketWatchParser result: 250 constituents
2026-05-05 22:46:56 | INFO     | pipeline.parsers.mw | MarketWatchParser: MW-NIFTY-MICROCAP-250-24-Apr-2026.csv
2026-05-05 22:46:56 | INFO     | pipeline.parsers.mw | Index name: NIFTY MICROCAP 250
2026-05-05 22:46:57 | INFO     | pipeline.parsers.mw | MarketWatchParser result: 249 constituents
2026-05-05 22:46:57 | INFO     | pipeline.parsers.mw | MarketWatchParser: MW-NIFTY-MICROCAP-250-24-Mar-2026.csv
2026-05-05 22:46:57 | INFO     | pipeline.parsers.mw | Index name: NIFTY MICROCAP 250
2026-05-05 22:46:57 | INFO     | pipeline.parsers.mw | MarketWatchParser result: 250 constituents
2026-05-05 22:46:57 | INFO     | pipeline.parsers.mw | MarketWatchParser: MW-NIFTY-MICROCAP-250-27-Apr-2026.csv
2026-05-05 22:46:57 | INFO     | pipeline.parsers.mw | Index name: NIFTY MICROCAP 250
2026-05-05 22:46:57 | INFO     | pipeline.parsers.mw | MarketWatchParser result: 250 constituents
2026-05-05 22:46:57 | INFO     | pipeline.parsers.mw | MarketWatchParser: MW-NIFTY-MICROCAP-250-27-Mar-2026.csv
2026-05-05 22:46:57 | INFO     | pipeline.parsers.mw | Index name: NIFTY MICROCAP 250
2026-05-05 22:46:57 | INFO     | pipeline.parsers.mw | MarketWatchParser result: 250 constituents
2026-05-05 22:46:57 | INFO     | pipeline.parsers.mw | MarketWatchParser: MW-NIFTY-MICROCAP-250-28-Apr-2026.csv
2026-05-05 22:46:57 | INFO     | pipeline.parsers.mw | Index name: NIFTY MICROCAP 250
2026-05-05 22:46:57 | INFO     | pipeline.parsers.mw | MarketWatchParser result: 249 constituents
2026-05-05 22:46:57 | INFO     | pipeline.parsers.mw | MarketWatchParser: MW-NIFTY-MICROCAP-250-29-Apr-2026.csv
2026-05-05 22:46:57 | INFO     | pipeline.parsers.mw | Index name: NIFTY MICROCAP 250
2026-05-05 22:46:57 | INFO     | pipeline.parsers.mw | MarketWatchParser result: 249 constituents
2026-05-05 22:46:57 | INFO     | pipeline.parsers.mw | MarketWatchParser: MW-NIFTY-MICROCAP-250-30-Mar-2026.csv
2026-05-05 22:46:57 | INFO     | pipeline.parsers.mw | Index name: NIFTY MICROCAP 250
2026-05-05 22:46:57 | INFO     | pipeline.parsers.mw | MarketWatchParser result: 250 constituents
2026-05-05 22:46:57 | INFO     | pipeline.parsers.mw | MarketWatchParser: MW-NIFTY-MIDCAP-100-03-Apr-2026.csv
2026-05-05 22:46:57 | INFO     | pipeline.parsers.mw | Index name: NIFTY MIDCAP 100
2026-05-05 22:46:57 | INFO     | pipeline.parsers.mw | MarketWatchParser result: 100 constituents
2026-05-05 22:46:57 | INFO     | pipeline.parsers.mw | MarketWatchParser: MW-NIFTY-MIDCAP-100-06-Apr-2026.csv
2026-05-05 22:46:57 | INFO     | pipeline.parsers.mw | Index name: NIFTY MIDCAP 100
2026-05-05 22:46:57 | INFO     | pipeline.parsers.mw | MarketWatchParser result: 100 constituents
2026-05-05 22:46:57 | INFO     | pipeline.parsers.mw | MarketWatchParser: MW-NIFTY-MIDCAP-100-07-Apr-2026.csv
2026-05-05 22:46:57 | INFO     | pipeline.parsers.mw | Index name: NIFTY MIDCAP 100
2026-05-05 22:46:58 | INFO     | pipeline.parsers.mw | MarketWatchParser result: 100 constituents
2026-05-05 22:46:58 | INFO     | pipeline.parsers.mw | MarketWatchParser: MW-NIFTY-MIDCAP-100-08-Apr-2026.csv
2026-05-05 22:46:58 | INFO     | pipeline.parsers.mw | Index name: NIFTY MIDCAP 100
2026-05-05 22:46:58 | INFO     | pipeline.parsers.mw | MarketWatchParser result: 100 constituents
2026-05-05 22:46:58 | INFO     | pipeline.parsers.mw | MarketWatchParser: MW-NIFTY-MIDCAP-100-09-Apr-2026.csv
2026-05-05 22:46:58 | INFO     | pipeline.parsers.mw | Index name: NIFTY MIDCAP 100
2026-05-05 22:46:58 | INFO     | pipeline.parsers.mw | MarketWatchParser result: 100 constituents
2026-05-05 22:46:58 | INFO     | pipeline.parsers.mw | MarketWatchParser: MW-NIFTY-MIDCAP-100-10-Apr-2026.csv
2026-05-05 22:46:58 | INFO     | pipeline.parsers.mw | Index name: NIFTY MIDCAP 100
2026-05-05 22:46:58 | INFO     | pipeline.parsers.mw | MarketWatchParser result: 100 constituents
2026-05-05 22:46:58 | INFO     | pipeline.parsers.mw | MarketWatchParser: MW-NIFTY-MIDCAP-100-13-Apr-2026.csv
2026-05-05 22:46:58 | INFO     | pipeline.parsers.mw | Index name: NIFTY MIDCAP 100
2026-05-05 22:46:58 | INFO     | pipeline.parsers.mw | MarketWatchParser result: 100 constituents
2026-05-05 22:46:58 | INFO     | pipeline.parsers.mw | MarketWatchParser: MW-NIFTY-MIDCAP-100-15-Apr-2026.csv
2026-05-05 22:46:58 | INFO     | pipeline.parsers.mw | Index name: NIFTY MIDCAP 100
2026-05-05 22:46:58 | INFO     | pipeline.parsers.mw | MarketWatchParser result: 100 constituents
2026-05-05 22:46:58 | INFO     | pipeline.parsers.mw | MarketWatchParser: MW-NIFTY-MIDCAP-100-16-Apr-2026.csv
2026-05-05 22:46:58 | INFO     | pipeline.parsers.mw | Index name: NIFTY MIDCAP 100
2026-05-05 22:46:58 | INFO     | pipeline.parsers.mw | MarketWatchParser result: 100 constituents
2026-05-05 22:46:58 | INFO     | pipeline.parsers.mw | MarketWatchParser: MW-NIFTY-MIDCAP-100-17-Apr-2026.csv
2026-05-05 22:46:58 | INFO     | pipeline.parsers.mw | Index name: NIFTY MIDCAP 100
2026-05-05 22:46:58 | INFO     | pipeline.parsers.mw | MarketWatchParser result: 100 constituents
2026-05-05 22:46:58 | INFO     | pipeline.parsers.mw | MarketWatchParser: MW-NIFTY-MIDCAP-100-21-Apr-2026.csv
2026-05-05 22:46:58 | INFO     | pipeline.parsers.mw | Index name: NIFTY MIDCAP 100
2026-05-05 22:46:58 | INFO     | pipeline.parsers.mw | MarketWatchParser result: 100 constituents
2026-05-05 22:46:58 | INFO     | pipeline.parsers.mw | MarketWatchParser: MW-NIFTY-MIDCAP-100-22-Apr-2026.csv
2026-05-05 22:46:58 | INFO     | pipeline.parsers.mw | Index name: NIFTY MIDCAP 100
2026-05-05 22:46:58 | INFO     | pipeline.parsers.mw | MarketWatchParser result: 100 constituents
2026-05-05 22:46:58 | INFO     | pipeline.parsers.mw | MarketWatchParser: MW-NIFTY-MIDCAP-100-23-Apr-2026.csv
2026-05-05 22:46:58 | INFO     | pipeline.parsers.mw | Index name: NIFTY MIDCAP 100
2026-05-05 22:46:58 | INFO     | pipeline.parsers.mw | MarketWatchParser result: 100 constituents
2026-05-05 22:46:59 | INFO     | pipeline.parsers.mw | MarketWatchParser: MW-NIFTY-MIDCAP-100-23-Mar-2026.csv
2026-05-05 22:46:59 | INFO     | pipeline.parsers.mw | Index name: NIFTY MIDCAP 100
2026-05-05 22:46:59 | INFO     | pipeline.parsers.mw | MarketWatchParser result: 100 constituents
2026-05-05 22:46:59 | INFO     | pipeline.parsers.mw | MarketWatchParser: MW-NIFTY-MIDCAP-100-24-Apr-2026.csv
2026-05-05 22:46:59 | INFO     | pipeline.parsers.mw | Index name: NIFTY MIDCAP 100
2026-05-05 22:46:59 | INFO     | pipeline.parsers.mw | MarketWatchParser result: 100 constituents
2026-05-05 22:46:59 | INFO     | pipeline.parsers.mw | MarketWatchParser: MW-NIFTY-MIDCAP-100-24-Mar-2026.csv
2026-05-05 22:46:59 | INFO     | pipeline.parsers.mw | Index name: NIFTY MIDCAP 100
2026-05-05 22:46:59 | INFO     | pipeline.parsers.mw | MarketWatchParser result: 100 constituents
2026-05-05 22:46:59 | INFO     | pipeline.parsers.mw | MarketWatchParser: MW-NIFTY-MIDCAP-100-27-Apr-2026.csv
2026-05-05 22:46:59 | INFO     | pipeline.parsers.mw | Index name: NIFTY MIDCAP 100
2026-05-05 22:46:59 | INFO     | pipeline.parsers.mw | MarketWatchParser result: 100 constituents
2026-05-05 22:46:59 | INFO     | pipeline.parsers.mw | MarketWatchParser: MW-NIFTY-MIDCAP-100-27-Mar-2026.csv
2026-05-05 22:46:59 | INFO     | pipeline.parsers.mw | Index name: NIFTY MIDCAP 100
2026-05-05 22:46:59 | INFO     | pipeline.parsers.mw | MarketWatchParser result: 100 constituents
2026-05-05 22:46:59 | INFO     | pipeline.parsers.mw | MarketWatchParser: MW-NIFTY-MIDCAP-100-28-Apr-2026.csv
2026-05-05 22:46:59 | INFO     | pipeline.parsers.mw | Index name: NIFTY MIDCAP 100
2026-05-05 22:46:59 | INFO     | pipeline.parsers.mw | MarketWatchParser result: 100 constituents
2026-05-05 22:46:59 | INFO     | pipeline.parsers.mw | MarketWatchParser: MW-NIFTY-MIDCAP-100-29-Apr-2026.csv
2026-05-05 22:46:59 | INFO     | pipeline.parsers.mw | Index name: NIFTY MIDCAP 100
2026-05-05 22:46:59 | INFO     | pipeline.parsers.mw | MarketWatchParser result: 100 constituents
2026-05-05 22:46:59 | INFO     | pipeline.parsers.mw | MarketWatchParser: MW-NIFTY-MIDCAP-100-30-Mar-2026.csv
2026-05-05 22:46:59 | INFO     | pipeline.parsers.mw | Index name: NIFTY MIDCAP 100
2026-05-05 22:46:59 | INFO     | pipeline.parsers.mw | MarketWatchParser result: 100 constituents
2026-05-05 22:46:59 | INFO     | pipeline.parsers.mw | MarketWatchParser: MW-NIFTY-MIDCAP-150-03-Apr-2026.csv
2026-05-05 22:46:59 | INFO     | pipeline.parsers.mw | Index name: NIFTY MIDCAP 150
2026-05-05 22:46:59 | INFO     | pipeline.parsers.mw | MarketWatchParser result: 150 constituents
2026-05-05 22:46:59 | INFO     | pipeline.parsers.mw | MarketWatchParser: MW-NIFTY-MIDCAP-150-06-Apr-2026.csv
2026-05-05 22:46:59 | INFO     | pipeline.parsers.mw | Index name: NIFTY MIDCAP 150
2026-05-05 22:46:59 | INFO     | pipeline.parsers.mw | MarketWatchParser result: 150 constituents
2026-05-05 22:46:59 | INFO     | pipeline.parsers.mw | MarketWatchParser: MW-NIFTY-MIDCAP-150-07-Apr-2026.csv
2026-05-05 22:46:59 | INFO     | pipeline.parsers.mw | Index name: NIFTY MIDCAP 150
2026-05-05 22:47:00 | INFO     | pipeline.parsers.mw | MarketWatchParser result: 150 constituents
2026-05-05 22:47:00 | INFO     | pipeline.parsers.mw | MarketWatchParser: MW-NIFTY-MIDCAP-150-08-Apr-2026.csv
2026-05-05 22:47:00 | INFO     | pipeline.parsers.mw | Index name: NIFTY MIDCAP 150
2026-05-05 22:47:00 | INFO     | pipeline.parsers.mw | MarketWatchParser result: 150 constituents
2026-05-05 22:47:00 | INFO     | pipeline.parsers.mw | MarketWatchParser: MW-NIFTY-MIDCAP-150-09-Apr-2026.csv
2026-05-05 22:47:00 | INFO     | pipeline.parsers.mw | Index name: NIFTY MIDCAP 150
2026-05-05 22:47:00 | INFO     | pipeline.parsers.mw | MarketWatchParser result: 150 constituents
2026-05-05 22:47:00 | INFO     | pipeline.parsers.mw | MarketWatchParser: MW-NIFTY-MIDCAP-150-10-Apr-2026.csv
2026-05-05 22:47:00 | INFO     | pipeline.parsers.mw | Index name: NIFTY MIDCAP 150
2026-05-05 22:47:00 | INFO     | pipeline.parsers.mw | MarketWatchParser result: 150 constituents
2026-05-05 22:47:00 | INFO     | pipeline.parsers.mw | MarketWatchParser: MW-NIFTY-MIDCAP-150-13-Apr-2026.csv
2026-05-05 22:47:00 | INFO     | pipeline.parsers.mw | Index name: NIFTY MIDCAP 150
2026-05-05 22:47:00 | INFO     | pipeline.parsers.mw | MarketWatchParser result: 150 constituents
2026-05-05 22:47:00 | INFO     | pipeline.parsers.mw | MarketWatchParser: MW-NIFTY-MIDCAP-150-15-Apr-2026.csv
2026-05-05 22:47:00 | INFO     | pipeline.parsers.mw | Index name: NIFTY MIDCAP 150
2026-05-05 22:47:00 | INFO     | pipeline.parsers.mw | MarketWatchParser result: 150 constituents
2026-05-05 22:47:00 | INFO     | pipeline.parsers.mw | MarketWatchParser: MW-NIFTY-MIDCAP-150-16-Apr-2026.csv
2026-05-05 22:47:00 | INFO     | pipeline.parsers.mw | Index name: NIFTY MIDCAP 150
2026-05-05 22:47:00 | INFO     | pipeline.parsers.mw | MarketWatchParser result: 150 constituents
2026-05-05 22:47:00 | INFO     | pipeline.parsers.mw | MarketWatchParser: MW-NIFTY-MIDCAP-150-17-Apr-2026.csv
2026-05-05 22:47:00 | INFO     | pipeline.parsers.mw | Index name: NIFTY MIDCAP 150
2026-05-05 22:47:00 | INFO     | pipeline.parsers.mw | MarketWatchParser result: 150 constituents
2026-05-05 22:47:00 | INFO     | pipeline.parsers.mw | MarketWatchParser: MW-NIFTY-MIDCAP-150-17-Mar-2026.csv
2026-05-05 22:47:00 | INFO     | pipeline.parsers.mw | Index name: NIFTY MIDCAP 150
2026-05-05 22:47:00 | INFO     | pipeline.parsers.mw | MarketWatchParser result: 150 constituents
2026-05-05 22:47:00 | INFO     | pipeline.parsers.mw | MarketWatchParser: MW-NIFTY-MIDCAP-150-18-Mar-2026.csv
2026-05-05 22:47:00 | INFO     | pipeline.parsers.mw | Index name: NIFTY MIDCAP 150
2026-05-05 22:47:00 | INFO     | pipeline.parsers.mw | MarketWatchParser result: 150 constituents
2026-05-05 22:47:00 | INFO     | pipeline.parsers.mw | MarketWatchParser: MW-NIFTY-MIDCAP-150-19-Mar-2026.csv
2026-05-05 22:47:00 | INFO     | pipeline.parsers.mw | Index name: NIFTY MIDCAP 150
2026-05-05 22:47:00 | INFO     | pipeline.parsers.mw | MarketWatchParser result: 150 constituents
2026-05-05 22:47:01 | INFO     | pipeline.parsers.mw | MarketWatchParser: MW-NIFTY-MIDCAP-150-20-Mar-2026.csv
2026-05-05 22:47:01 | INFO     | pipeline.parsers.mw | Index name: NIFTY MIDCAP 150
2026-05-05 22:47:01 | INFO     | pipeline.parsers.mw | MarketWatchParser result: 150 constituents
2026-05-05 22:47:01 | INFO     | pipeline.parsers.mw | MarketWatchParser: MW-NIFTY-MIDCAP-150-21-Apr-2026.csv
2026-05-05 22:47:01 | INFO     | pipeline.parsers.mw | Index name: NIFTY MIDCAP 150
2026-05-05 22:47:01 | INFO     | pipeline.parsers.mw | MarketWatchParser result: 150 constituents
2026-05-05 22:47:01 | INFO     | pipeline.parsers.mw | MarketWatchParser: MW-NIFTY-MIDCAP-150-22-Apr-2026.csv
2026-05-05 22:47:01 | INFO     | pipeline.parsers.mw | Index name: NIFTY MIDCAP 150
2026-05-05 22:47:01 | INFO     | pipeline.parsers.mw | MarketWatchParser result: 150 constituents
2026-05-05 22:47:01 | INFO     | pipeline.parsers.mw | MarketWatchParser: MW-NIFTY-MIDCAP-150-23-Apr-2026.csv
2026-05-05 22:47:01 | INFO     | pipeline.parsers.mw | Index name: NIFTY MIDCAP 150
2026-05-05 22:47:01 | INFO     | pipeline.parsers.mw | MarketWatchParser result: 150 constituents
2026-05-05 22:47:01 | INFO     | pipeline.parsers.mw | MarketWatchParser: MW-NIFTY-MIDCAP-150-23-Mar-2026.csv
2026-05-05 22:47:01 | INFO     | pipeline.parsers.mw | Index name: NIFTY MIDCAP 150
2026-05-05 22:47:01 | INFO     | pipeline.parsers.mw | MarketWatchParser result: 150 constituents
2026-05-05 22:47:01 | INFO     | pipeline.parsers.mw | MarketWatchParser: MW-NIFTY-MIDCAP-150-24-Apr-2026.csv
2026-05-05 22:47:01 | INFO     | pipeline.parsers.mw | Index name: NIFTY MIDCAP 150
2026-05-05 22:47:01 | INFO     | pipeline.parsers.mw | MarketWatchParser result: 150 constituents
2026-05-05 22:47:01 | INFO     | pipeline.parsers.mw | MarketWatchParser: MW-NIFTY-MIDCAP-150-24-Mar-2026.csv
2026-05-05 22:47:01 | INFO     | pipeline.parsers.mw | Index name: NIFTY MIDCAP 150
2026-05-05 22:47:01 | INFO     | pipeline.parsers.mw | MarketWatchParser result: 150 constituents
2026-05-05 22:47:01 | INFO     | pipeline.parsers.mw | MarketWatchParser: MW-NIFTY-MIDCAP-150-27-Apr-2026.csv
2026-05-05 22:47:01 | INFO     | pipeline.parsers.mw | Index name: NIFTY MIDCAP 150
2026-05-05 22:47:01 | INFO     | pipeline.parsers.mw | MarketWatchParser result: 150 constituents
2026-05-05 22:47:01 | INFO     | pipeline.parsers.mw | MarketWatchParser: MW-NIFTY-MIDCAP-150-27-Mar-2026.csv
2026-05-05 22:47:01 | INFO     | pipeline.parsers.mw | Index name: NIFTY MIDCAP 150
2026-05-05 22:47:01 | INFO     | pipeline.parsers.mw | MarketWatchParser result: 150 constituents
2026-05-05 22:47:01 | INFO     | pipeline.parsers.mw | MarketWatchParser: MW-NIFTY-MIDCAP-150-28-Apr-2026.csv
2026-05-05 22:47:01 | INFO     | pipeline.parsers.mw | Index name: NIFTY MIDCAP 150
2026-05-05 22:47:01 | INFO     | pipeline.parsers.mw | MarketWatchParser result: 150 constituents
2026-05-05 22:47:01 | INFO     | pipeline.parsers.mw | MarketWatchParser: MW-NIFTY-MIDCAP-150-29-Apr-2026.csv
2026-05-05 22:47:01 | INFO     | pipeline.parsers.mw | Index name: NIFTY MIDCAP 150
2026-05-05 22:47:02 | INFO     | pipeline.parsers.mw | MarketWatchParser result: 150 constituents
2026-05-05 22:47:02 | INFO     | pipeline.parsers.mw | MarketWatchParser: MW-NIFTY-MIDCAP-150-30-Mar-2026.csv
2026-05-05 22:47:02 | INFO     | pipeline.parsers.mw | Index name: NIFTY MIDCAP 150
2026-05-05 22:47:02 | INFO     | pipeline.parsers.mw | MarketWatchParser result: 150 constituents
2026-05-05 22:47:02 | INFO     | pipeline.parsers.mw | MarketWatchParser: MW-NIFTY-MIDCAP-50-03-Apr-2026.csv
2026-05-05 22:47:02 | INFO     | pipeline.parsers.mw | Index name: NIFTY MIDCAP 50
2026-05-05 22:47:02 | INFO     | pipeline.parsers.mw | MarketWatchParser result: 50 constituents
2026-05-05 22:47:02 | INFO     | pipeline.parsers.mw | MarketWatchParser: MW-NIFTY-MIDCAP-50-06-Apr-2026.csv
2026-05-05 22:47:02 | INFO     | pipeline.parsers.mw | Index name: NIFTY MIDCAP 50
2026-05-05 22:47:02 | INFO     | pipeline.parsers.mw | MarketWatchParser result: 50 constituents
2026-05-05 22:47:02 | INFO     | pipeline.parsers.mw | MarketWatchParser: MW-NIFTY-MIDCAP-50-07-Apr-2026.csv
2026-05-05 22:47:02 | INFO     | pipeline.parsers.mw | Index name: NIFTY MIDCAP 50
2026-05-05 22:47:02 | INFO     | pipeline.parsers.mw | MarketWatchParser result: 50 constituents
2026-05-05 22:47:02 | INFO     | pipeline.parsers.mw | MarketWatchParser: MW-NIFTY-MIDCAP-50-08-Apr-2026.csv
2026-05-05 22:47:02 | INFO     | pipeline.parsers.mw | Index name: NIFTY MIDCAP 50
2026-05-05 22:47:02 | INFO     | pipeline.parsers.mw | MarketWatchParser result: 50 constituents
2026-05-05 22:47:02 | INFO     | pipeline.parsers.mw | MarketWatchParser: MW-NIFTY-MIDCAP-50-09-Apr-2026.csv
2026-05-05 22:47:02 | INFO     | pipeline.parsers.mw | Index name: NIFTY MIDCAP 50
2026-05-05 22:47:02 | INFO     | pipeline.parsers.mw | MarketWatchParser result: 50 constituents
2026-05-05 22:47:02 | INFO     | pipeline.parsers.mw | MarketWatchParser: MW-NIFTY-MIDCAP-50-10-Apr-2026.csv
2026-05-05 22:47:02 | INFO     | pipeline.parsers.mw | Index name: NIFTY MIDCAP 50
2026-05-05 22:47:02 | INFO     | pipeline.parsers.mw | MarketWatchParser result: 50 constituents
2026-05-05 22:47:02 | INFO     | pipeline.parsers.mw | MarketWatchParser: MW-NIFTY-MIDCAP-50-13-Apr-2026.csv
2026-05-05 22:47:02 | INFO     | pipeline.parsers.mw | Index name: NIFTY MIDCAP 50
2026-05-05 22:47:02 | INFO     | pipeline.parsers.mw | MarketWatchParser result: 50 constituents
2026-05-05 22:47:02 | INFO     | pipeline.parsers.mw | MarketWatchParser: MW-NIFTY-MIDCAP-50-15-Apr-2026.csv
2026-05-05 22:47:02 | INFO     | pipeline.parsers.mw | Index name: NIFTY MIDCAP 50
2026-05-05 22:47:02 | INFO     | pipeline.parsers.mw | MarketWatchParser result: 50 constituents
2026-05-05 22:47:02 | INFO     | pipeline.parsers.mw | MarketWatchParser: MW-NIFTY-MIDCAP-50-16-Apr-2026.csv
2026-05-05 22:47:02 | INFO     | pipeline.parsers.mw | Index name: NIFTY MIDCAP 50
2026-05-05 22:47:02 | INFO     | pipeline.parsers.mw | MarketWatchParser result: 50 constituents
2026-05-05 22:47:03 | INFO     | pipeline.parsers.mw | MarketWatchParser: MW-NIFTY-MIDCAP-50-17-Apr-2026.csv
2026-05-05 22:47:03 | INFO     | pipeline.parsers.mw | Index name: NIFTY MIDCAP 50
2026-05-05 22:47:03 | INFO     | pipeline.parsers.mw | MarketWatchParser result: 50 constituents
2026-05-05 22:47:03 | INFO     | pipeline.parsers.mw | MarketWatchParser: MW-NIFTY-MIDCAP-50-17-Mar-2026.csv
2026-05-05 22:47:03 | INFO     | pipeline.parsers.mw | Index name: NIFTY MIDCAP 50
2026-05-05 22:47:03 | INFO     | pipeline.parsers.mw | MarketWatchParser result: 50 constituents
2026-05-05 22:47:03 | INFO     | pipeline.parsers.mw | MarketWatchParser: MW-NIFTY-MIDCAP-50-18-Mar-2026.csv
2026-05-05 22:47:03 | INFO     | pipeline.parsers.mw | Index name: NIFTY MIDCAP 50
2026-05-05 22:47:03 | INFO     | pipeline.parsers.mw | MarketWatchParser result: 50 constituents
2026-05-05 22:47:03 | INFO     | pipeline.parsers.mw | MarketWatchParser: MW-NIFTY-MIDCAP-50-19-Mar-2026.csv
2026-05-05 22:47:03 | INFO     | pipeline.parsers.mw | Index name: NIFTY MIDCAP 50
2026-05-05 22:47:03 | INFO     | pipeline.parsers.mw | MarketWatchParser result: 50 constituents
2026-05-05 22:47:03 | INFO     | pipeline.parsers.mw | MarketWatchParser: MW-NIFTY-MIDCAP-50-20-Mar-2026.csv
2026-05-05 22:47:03 | INFO     | pipeline.parsers.mw | Index name: NIFTY MIDCAP 50
2026-05-05 22:47:03 | INFO     | pipeline.parsers.mw | MarketWatchParser result: 50 constituents
2026-05-05 22:47:03 | INFO     | pipeline.parsers.mw | MarketWatchParser: MW-NIFTY-MIDCAP-50-21-Apr-2026.csv
2026-05-05 22:47:03 | INFO     | pipeline.parsers.mw | Index name: NIFTY MIDCAP 50
2026-05-05 22:47:03 | INFO     | pipeline.parsers.mw | MarketWatchParser result: 50 constituents
2026-05-05 22:47:03 | INFO     | pipeline.parsers.mw | MarketWatchParser: MW-NIFTY-MIDCAP-50-22-Apr-2026.csv
2026-05-05 22:47:03 | INFO     | pipeline.parsers.mw | Index name: NIFTY MIDCAP 50
2026-05-05 22:47:03 | INFO     | pipeline.parsers.mw | MarketWatchParser result: 50 constituents
2026-05-05 22:47:03 | INFO     | pipeline.parsers.mw | MarketWatchParser: MW-NIFTY-MIDCAP-50-23-Apr-2026.csv
2026-05-05 22:47:03 | INFO     | pipeline.parsers.mw | Index name: NIFTY MIDCAP 50
2026-05-05 22:47:03 | INFO     | pipeline.parsers.mw | MarketWatchParser result: 50 constituents
2026-05-05 22:47:03 | INFO     | pipeline.parsers.mw | MarketWatchParser: MW-NIFTY-MIDCAP-50-23-Mar-2026.csv
2026-05-05 22:47:03 | INFO     | pipeline.parsers.mw | Index name: NIFTY MIDCAP 50
2026-05-05 22:47:03 | INFO     | pipeline.parsers.mw | MarketWatchParser result: 50 constituents
2026-05-05 22:47:03 | INFO     | pipeline.parsers.mw | MarketWatchParser: MW-NIFTY-MIDCAP-50-24-Apr-2026.csv
2026-05-05 22:47:03 | INFO     | pipeline.parsers.mw | Index name: NIFTY MIDCAP 50
2026-05-05 22:47:03 | INFO     | pipeline.parsers.mw | MarketWatchParser result: 50 constituents
2026-05-05 22:47:03 | INFO     | pipeline.parsers.mw | MarketWatchParser: MW-NIFTY-MIDCAP-50-24-Mar-2026.csv
2026-05-05 22:47:03 | INFO     | pipeline.parsers.mw | Index name: NIFTY MIDCAP 50
2026-05-05 22:47:03 | INFO     | pipeline.parsers.mw | MarketWatchParser result: 50 constituents
2026-05-05 22:47:03 | INFO     | pipeline.parsers.mw | MarketWatchParser: MW-NIFTY-MIDCAP-50-27-Apr-2026.csv
2026-05-05 22:47:03 | INFO     | pipeline.parsers.mw | Index name: NIFTY MIDCAP 50
2026-05-05 22:47:03 | INFO     | pipeline.parsers.mw | MarketWatchParser result: 50 constituents
2026-05-05 22:47:03 | INFO     | pipeline.parsers.mw | MarketWatchParser: MW-NIFTY-MIDCAP-50-27-Mar-2026.csv
2026-05-05 22:47:03 | INFO     | pipeline.parsers.mw | Index name: NIFTY MIDCAP 50
2026-05-05 22:47:03 | INFO     | pipeline.parsers.mw | MarketWatchParser result: 50 constituents
2026-05-05 22:47:03 | INFO     | pipeline.parsers.mw | MarketWatchParser: MW-NIFTY-MIDCAP-50-28-Apr-2026.csv
2026-05-05 22:47:03 | INFO     | pipeline.parsers.mw | Index name: NIFTY MIDCAP 50
2026-05-05 22:47:04 | INFO     | pipeline.parsers.mw | MarketWatchParser result: 50 constituents
2026-05-05 22:47:04 | INFO     | pipeline.parsers.mw | MarketWatchParser: MW-NIFTY-MIDCAP-50-29-Apr-2026.csv
2026-05-05 22:47:04 | INFO     | pipeline.parsers.mw | Index name: NIFTY MIDCAP 50
2026-05-05 22:47:04 | INFO     | pipeline.parsers.mw | MarketWatchParser result: 50 constituents
2026-05-05 22:47:04 | INFO     | pipeline.parsers.mw | MarketWatchParser: MW-NIFTY-MIDCAP-50-30-Mar-2026.csv
2026-05-05 22:47:04 | INFO     | pipeline.parsers.mw | Index name: NIFTY MIDCAP 50
2026-05-05 22:47:04 | INFO     | pipeline.parsers.mw | MarketWatchParser result: 50 constituents
2026-05-05 22:47:04 | INFO     | pipeline.parsers.mw | MarketWatchParser: MW-NIFTY-MIDSMALLCAP-400-03-Apr-2026.csv
2026-05-05 22:47:04 | INFO     | pipeline.parsers.mw | Index name: NIFTY MIDSMALLCAP 400
2026-05-05 22:47:04 | INFO     | pipeline.parsers.mw | MarketWatchParser result: 400 constituents
2026-05-05 22:47:04 | INFO     | pipeline.parsers.mw | MarketWatchParser: MW-NIFTY-MIDSMALLCAP-400-06-Apr-2026.csv
2026-05-05 22:47:04 | INFO     | pipeline.parsers.mw | Index name: NIFTY MIDSMALLCAP 400
2026-05-05 22:47:04 | INFO     | pipeline.parsers.mw | MarketWatchParser result: 400 constituents
2026-05-05 22:47:04 | INFO     | pipeline.parsers.mw | MarketWatchParser: MW-NIFTY-MIDSMALLCAP-400-07-Apr-2026.csv
2026-05-05 22:47:04 | INFO     | pipeline.parsers.mw | Index name: NIFTY MIDSMALLCAP 400
2026-05-05 22:47:04 | INFO     | pipeline.parsers.mw | MarketWatchParser result: 400 constituents
2026-05-05 22:47:04 | INFO     | pipeline.parsers.mw | MarketWatchParser: MW-NIFTY-MIDSMALLCAP-400-08-Apr-2026.csv
2026-05-05 22:47:04 | INFO     | pipeline.parsers.mw | Index name: NIFTY MIDSMALLCAP 400
2026-05-05 22:47:04 | INFO     | pipeline.parsers.mw | MarketWatchParser result: 400 constituents
2026-05-05 22:47:04 | INFO     | pipeline.parsers.mw | MarketWatchParser: MW-NIFTY-MIDSMALLCAP-400-09-Apr-2026.csv
2026-05-05 22:47:04 | INFO     | pipeline.parsers.mw | Index name: NIFTY MIDSMALLCAP 400
2026-05-05 22:47:04 | INFO     | pipeline.parsers.mw | MarketWatchParser result: 400 constituents
2026-05-05 22:47:04 | INFO     | pipeline.parsers.mw | MarketWatchParser: MW-NIFTY-MIDSMALLCAP-400-10-Apr-2026.csv
2026-05-05 22:47:04 | INFO     | pipeline.parsers.mw | Index name: NIFTY MIDSMALLCAP 400
2026-05-05 22:47:04 | INFO     | pipeline.parsers.mw | MarketWatchParser result: 400 constituents
2026-05-05 22:47:04 | INFO     | pipeline.parsers.mw | MarketWatchParser: MW-NIFTY-MIDSMALLCAP-400-13-Apr-2026.csv
2026-05-05 22:47:04 | INFO     | pipeline.parsers.mw | Index name: NIFTY MIDSMALLCAP 400
2026-05-05 22:47:05 | INFO     | pipeline.parsers.mw | MarketWatchParser result: 400 constituents
2026-05-05 22:47:05 | INFO     | pipeline.parsers.mw | MarketWatchParser: MW-NIFTY-MIDSMALLCAP-400-15-Apr-2026.csv
2026-05-05 22:47:05 | INFO     | pipeline.parsers.mw | Index name: NIFTY MIDSMALLCAP 400
2026-05-05 22:47:05 | INFO     | pipeline.parsers.mw | MarketWatchParser result: 400 constituents
2026-05-05 22:47:05 | INFO     | pipeline.parsers.mw | MarketWatchParser: MW-NIFTY-MIDSMALLCAP-400-16-Apr-2026.csv
2026-05-05 22:47:05 | INFO     | pipeline.parsers.mw | Index name: NIFTY MIDSMALLCAP 400
2026-05-05 22:47:05 | INFO     | pipeline.parsers.mw | MarketWatchParser result: 400 constituents
2026-05-05 22:47:05 | INFO     | pipeline.parsers.mw | MarketWatchParser: MW-NIFTY-MIDSMALLCAP-400-17-Apr-2026.csv
2026-05-05 22:47:05 | INFO     | pipeline.parsers.mw | Index name: NIFTY MIDSMALLCAP 400
2026-05-05 22:47:05 | INFO     | pipeline.parsers.mw | MarketWatchParser result: 400 constituents
2026-05-05 22:47:05 | INFO     | pipeline.parsers.mw | MarketWatchParser: MW-NIFTY-MIDSMALLCAP-400-17-Mar-2026.csv
2026-05-05 22:47:05 | INFO     | pipeline.parsers.mw | Index name: NIFTY MIDSMALLCAP 400
2026-05-05 22:47:05 | INFO     | pipeline.parsers.mw | MarketWatchParser result: 400 constituents
2026-05-05 22:47:05 | INFO     | pipeline.parsers.mw | MarketWatchParser: MW-NIFTY-MIDSMALLCAP-400-18-Mar-2026.csv
2026-05-05 22:47:05 | INFO     | pipeline.parsers.mw | Index name: NIFTY MIDSMALLCAP 400
2026-05-05 22:47:05 | INFO     | pipeline.parsers.mw | MarketWatchParser result: 400 constituents
2026-05-05 22:47:05 | INFO     | pipeline.parsers.mw | MarketWatchParser: MW-NIFTY-MIDSMALLCAP-400-19-Mar-2026.csv
2026-05-05 22:47:05 | INFO     | pipeline.parsers.mw | Index name: NIFTY MIDSMALLCAP 400
2026-05-05 22:47:05 | INFO     | pipeline.parsers.mw | MarketWatchParser result: 400 constituents
2026-05-05 22:47:05 | INFO     | pipeline.parsers.mw | MarketWatchParser: MW-NIFTY-MIDSMALLCAP-400-20-Mar-2026.csv
2026-05-05 22:47:05 | INFO     | pipeline.parsers.mw | Index name: NIFTY MIDSMALLCAP 400
2026-05-05 22:47:05 | INFO     | pipeline.parsers.mw | MarketWatchParser result: 400 constituents
2026-05-05 22:47:06 | INFO     | pipeline.parsers.mw | MarketWatchParser: MW-NIFTY-MIDSMALLCAP-400-21-Apr-2026 (1).csv
2026-05-05 22:47:06 | INFO     | pipeline.parsers.mw | Index name: NIFTY MIDSMALLCAP 400 21 Apr 2026 (1)
2026-05-05 22:47:06 | INFO     | pipeline.parsers.mw | MarketWatchParser result: 400 constituents
2026-05-05 22:47:06 | INFO     | pipeline.parsers.mw | MarketWatchParser: MW-NIFTY-MIDSMALLCAP-400-21-Apr-2026.csv
2026-05-05 22:47:06 | INFO     | pipeline.parsers.mw | Index name: NIFTY MIDSMALLCAP 400
2026-05-05 22:47:06 | INFO     | pipeline.parsers.mw | MarketWatchParser result: 400 constituents
2026-05-05 22:47:06 | INFO     | pipeline.parsers.mw | MarketWatchParser: MW-NIFTY-MIDSMALLCAP-400-22-Apr-2026.csv
2026-05-05 22:47:06 | INFO     | pipeline.parsers.mw | Index name: NIFTY MIDSMALLCAP 400
2026-05-05 22:47:06 | INFO     | pipeline.parsers.mw | MarketWatchParser result: 400 constituents
2026-05-05 22:47:06 | INFO     | pipeline.parsers.mw | MarketWatchParser: MW-NIFTY-MIDSMALLCAP-400-23-Apr-2026.csv
2026-05-05 22:47:06 | INFO     | pipeline.parsers.mw | Index name: NIFTY MIDSMALLCAP 400
2026-05-05 22:47:06 | INFO     | pipeline.parsers.mw | MarketWatchParser result: 400 constituents
2026-05-05 22:47:06 | INFO     | pipeline.parsers.mw | MarketWatchParser: MW-NIFTY-MIDSMALLCAP-400-23-Mar-2026.csv
2026-05-05 22:47:06 | INFO     | pipeline.parsers.mw | Index name: NIFTY MIDSMALLCAP 400
2026-05-05 22:47:06 | INFO     | pipeline.parsers.mw | MarketWatchParser result: 400 constituents
2026-05-05 22:47:06 | INFO     | pipeline.parsers.mw | MarketWatchParser: MW-NIFTY-MIDSMALLCAP-400-24-Apr-2026.csv
2026-05-05 22:47:06 | INFO     | pipeline.parsers.mw | Index name: NIFTY MIDSMALLCAP 400
2026-05-05 22:47:06 | INFO     | pipeline.parsers.mw | MarketWatchParser result: 400 constituents
2026-05-05 22:47:06 | INFO     | pipeline.parsers.mw | MarketWatchParser: MW-NIFTY-MIDSMALLCAP-400-24-Mar-2026.csv
2026-05-05 22:47:06 | INFO     | pipeline.parsers.mw | Index name: NIFTY MIDSMALLCAP 400
2026-05-05 22:47:06 | INFO     | pipeline.parsers.mw | MarketWatchParser result: 400 constituents
2026-05-05 22:47:06 | INFO     | pipeline.parsers.mw | MarketWatchParser: MW-NIFTY-MIDSMALLCAP-400-27-Mar-2026.csv
2026-05-05 22:47:06 | INFO     | pipeline.parsers.mw | Index name: NIFTY MIDSMALLCAP 400
2026-05-05 22:47:07 | INFO     | pipeline.parsers.mw | MarketWatchParser result: 400 constituents
2026-05-05 22:47:07 | INFO     | pipeline.parsers.mw | MarketWatchParser: MW-NIFTY-MIDSMALLCAP-400-30-Mar-2026.csv
2026-05-05 22:47:07 | INFO     | pipeline.parsers.mw | Index name: NIFTY MIDSMALLCAP 400
2026-05-05 22:47:07 | INFO     | pipeline.parsers.mw | MarketWatchParser result: 400 constituents
2026-05-05 22:47:07 | INFO     | pipeline.parsers.mw | MarketWatchParser: MW-NIFTY-SMALLCAP-100-03-Apr-2026.csv
2026-05-05 22:47:07 | INFO     | pipeline.parsers.mw | Index name: NIFTY SMALLCAP 100
2026-05-05 22:47:07 | INFO     | pipeline.parsers.mw | MarketWatchParser result: 100 constituents
2026-05-05 22:47:07 | INFO     | pipeline.parsers.mw | MarketWatchParser: MW-NIFTY-SMALLCAP-100-06-Apr-2026.csv
2026-05-05 22:47:07 | INFO     | pipeline.parsers.mw | Index name: NIFTY SMALLCAP 100
2026-05-05 22:47:07 | INFO     | pipeline.parsers.mw | MarketWatchParser result: 100 constituents
2026-05-05 22:47:07 | INFO     | pipeline.parsers.mw | MarketWatchParser: MW-NIFTY-SMALLCAP-100-07-Apr-2026.csv
2026-05-05 22:47:07 | INFO     | pipeline.parsers.mw | Index name: NIFTY SMALLCAP 100
2026-05-05 22:47:07 | INFO     | pipeline.parsers.mw | MarketWatchParser result: 100 constituents
2026-05-05 22:47:07 | INFO     | pipeline.parsers.mw | MarketWatchParser: MW-NIFTY-SMALLCAP-100-08-Apr-2026.csv
2026-05-05 22:47:07 | INFO     | pipeline.parsers.mw | Index name: NIFTY SMALLCAP 100
2026-05-05 22:47:07 | INFO     | pipeline.parsers.mw | MarketWatchParser result: 100 constituents
2026-05-05 22:47:07 | INFO     | pipeline.parsers.mw | MarketWatchParser: MW-NIFTY-SMALLCAP-100-09-Apr-2026.csv
2026-05-05 22:47:07 | INFO     | pipeline.parsers.mw | Index name: NIFTY SMALLCAP 100
2026-05-05 22:47:07 | INFO     | pipeline.parsers.mw | MarketWatchParser result: 100 constituents
2026-05-05 22:47:07 | INFO     | pipeline.parsers.mw | MarketWatchParser: MW-NIFTY-SMALLCAP-100-10-Apr-2026.csv
2026-05-05 22:47:07 | INFO     | pipeline.parsers.mw | Index name: NIFTY SMALLCAP 100
2026-05-05 22:47:07 | INFO     | pipeline.parsers.mw | MarketWatchParser result: 100 constituents
2026-05-05 22:47:07 | INFO     | pipeline.parsers.mw | MarketWatchParser: MW-NIFTY-SMALLCAP-100-13-Apr-2026.csv
2026-05-05 22:47:07 | INFO     | pipeline.parsers.mw | Index name: NIFTY SMALLCAP 100
2026-05-05 22:47:07 | INFO     | pipeline.parsers.mw | MarketWatchParser result: 100 constituents
2026-05-05 22:47:07 | INFO     | pipeline.parsers.mw | MarketWatchParser: MW-NIFTY-SMALLCAP-100-15-Apr-2026.csv
2026-05-05 22:47:07 | INFO     | pipeline.parsers.mw | Index name: NIFTY SMALLCAP 100
2026-05-05 22:47:08 | INFO     | pipeline.parsers.mw | MarketWatchParser result: 100 constituents
2026-05-05 22:47:08 | INFO     | pipeline.parsers.mw | MarketWatchParser: MW-NIFTY-SMALLCAP-100-16-Apr-2026.csv
2026-05-05 22:47:08 | INFO     | pipeline.parsers.mw | Index name: NIFTY SMALLCAP 100
2026-05-05 22:47:08 | INFO     | pipeline.parsers.mw | MarketWatchParser result: 100 constituents
2026-05-05 22:47:08 | INFO     | pipeline.parsers.mw | MarketWatchParser: MW-NIFTY-SMALLCAP-100-17-Apr-2026.csv
2026-05-05 22:47:08 | INFO     | pipeline.parsers.mw | Index name: NIFTY SMALLCAP 100
2026-05-05 22:47:08 | INFO     | pipeline.parsers.mw | MarketWatchParser result: 100 constituents
2026-05-05 22:47:08 | INFO     | pipeline.parsers.mw | MarketWatchParser: MW-NIFTY-SMALLCAP-100-21-Apr-2026 (1).csv
2026-05-05 22:47:08 | INFO     | pipeline.parsers.mw | Index name: NIFTY SMALLCAP 100 21 Apr 2026 (1)
2026-05-05 22:47:08 | INFO     | pipeline.parsers.mw | MarketWatchParser result: 100 constituents
2026-05-05 22:47:08 | INFO     | pipeline.parsers.mw | MarketWatchParser: MW-NIFTY-SMALLCAP-100-21-Apr-2026.csv
2026-05-05 22:47:08 | INFO     | pipeline.parsers.mw | Index name: NIFTY SMALLCAP 100
2026-05-05 22:47:08 | INFO     | pipeline.parsers.mw | MarketWatchParser result: 100 constituents
2026-05-05 22:47:08 | INFO     | pipeline.parsers.mw | MarketWatchParser: MW-NIFTY-SMALLCAP-100-22-Apr-2026.csv
2026-05-05 22:47:08 | INFO     | pipeline.parsers.mw | Index name: NIFTY SMALLCAP 100
2026-05-05 22:47:08 | INFO     | pipeline.parsers.mw | MarketWatchParser result: 100 constituents
2026-05-05 22:47:08 | INFO     | pipeline.parsers.mw | MarketWatchParser: MW-NIFTY-SMALLCAP-100-23-Apr-2026.csv
2026-05-05 22:47:08 | INFO     | pipeline.parsers.mw | Index name: NIFTY SMALLCAP 100
2026-05-05 22:47:08 | INFO     | pipeline.parsers.mw | MarketWatchParser result: 100 constituents
2026-05-05 22:47:08 | INFO     | pipeline.parsers.mw | MarketWatchParser: MW-NIFTY-SMALLCAP-100-23-Mar-2026.csv
2026-05-05 22:47:08 | INFO     | pipeline.parsers.mw | Index name: NIFTY SMALLCAP 100
2026-05-05 22:47:08 | INFO     | pipeline.parsers.mw | MarketWatchParser result: 100 constituents
2026-05-05 22:47:08 | INFO     | pipeline.parsers.mw | MarketWatchParser: MW-NIFTY-SMALLCAP-100-24-Apr-2026.csv
2026-05-05 22:47:08 | INFO     | pipeline.parsers.mw | Index name: NIFTY SMALLCAP 100
2026-05-05 22:47:08 | INFO     | pipeline.parsers.mw | MarketWatchParser result: 100 constituents
2026-05-05 22:47:08 | INFO     | pipeline.parsers.mw | MarketWatchParser: MW-NIFTY-SMALLCAP-100-24-Mar-2026.csv
2026-05-05 22:47:08 | INFO     | pipeline.parsers.mw | Index name: NIFTY SMALLCAP 100
2026-05-05 22:47:08 | INFO     | pipeline.parsers.mw | MarketWatchParser result: 100 constituents
2026-05-05 22:47:08 | INFO     | pipeline.parsers.mw | MarketWatchParser: MW-NIFTY-SMALLCAP-100-27-Mar-2026.csv
2026-05-05 22:47:08 | INFO     | pipeline.parsers.mw | Index name: NIFTY SMALLCAP 100
2026-05-05 22:47:08 | INFO     | pipeline.parsers.mw | MarketWatchParser result: 100 constituents
2026-05-05 22:47:09 | INFO     | pipeline.parsers.mw | MarketWatchParser: MW-NIFTY-SMALLCAP-100-30-Mar-2026.csv
2026-05-05 22:47:09 | INFO     | pipeline.parsers.mw | Index name: NIFTY SMALLCAP 100
2026-05-05 22:47:09 | INFO     | pipeline.parsers.mw | MarketWatchParser result: 100 constituents
2026-05-05 22:47:09 | INFO     | pipeline.parsers.mw | MarketWatchParser: MW-NIFTY-SMALLCAP-250-03-Apr-2026.csv
2026-05-05 22:47:09 | INFO     | pipeline.parsers.mw | Index name: NIFTY SMALLCAP 250
2026-05-05 22:47:09 | INFO     | pipeline.parsers.mw | MarketWatchParser result: 250 constituents
2026-05-05 22:47:09 | INFO     | pipeline.parsers.mw | MarketWatchParser: MW-NIFTY-SMALLCAP-250-06-Apr-2026.csv
2026-05-05 22:47:09 | INFO     | pipeline.parsers.mw | Index name: NIFTY SMALLCAP 250
2026-05-05 22:47:09 | INFO     | pipeline.parsers.mw | MarketWatchParser result: 250 constituents
2026-05-05 22:47:09 | INFO     | pipeline.parsers.mw | MarketWatchParser: MW-NIFTY-SMALLCAP-250-07-Apr-2026.csv
2026-05-05 22:47:09 | INFO     | pipeline.parsers.mw | Index name: NIFTY SMALLCAP 250
2026-05-05 22:47:09 | INFO     | pipeline.parsers.mw | MarketWatchParser result: 250 constituents
2026-05-05 22:47:09 | INFO     | pipeline.parsers.mw | MarketWatchParser: MW-NIFTY-SMALLCAP-250-08-Apr-2026.csv
2026-05-05 22:47:09 | INFO     | pipeline.parsers.mw | Index name: NIFTY SMALLCAP 250
2026-05-05 22:47:09 | INFO     | pipeline.parsers.mw | MarketWatchParser result: 250 constituents
2026-05-05 22:47:09 | INFO     | pipeline.parsers.mw | MarketWatchParser: MW-NIFTY-SMALLCAP-250-09-Apr-2026.csv
2026-05-05 22:47:09 | INFO     | pipeline.parsers.mw | Index name: NIFTY SMALLCAP 250
2026-05-05 22:47:09 | INFO     | pipeline.parsers.mw | MarketWatchParser result: 250 constituents
2026-05-05 22:47:09 | INFO     | pipeline.parsers.mw | MarketWatchParser: MW-NIFTY-SMALLCAP-250-10-Apr-2026.csv
2026-05-05 22:47:09 | INFO     | pipeline.parsers.mw | Index name: NIFTY SMALLCAP 250
2026-05-05 22:47:09 | INFO     | pipeline.parsers.mw | MarketWatchParser result: 250 constituents
2026-05-05 22:47:09 | INFO     | pipeline.parsers.mw | MarketWatchParser: MW-NIFTY-SMALLCAP-250-13-Apr-2026.csv
2026-05-05 22:47:09 | INFO     | pipeline.parsers.mw | Index name: NIFTY SMALLCAP 250
2026-05-05 22:47:09 | INFO     | pipeline.parsers.mw | MarketWatchParser result: 250 constituents
2026-05-05 22:47:09 | INFO     | pipeline.parsers.mw | MarketWatchParser: MW-NIFTY-SMALLCAP-250-15-Apr-2026.csv
2026-05-05 22:47:09 | INFO     | pipeline.parsers.mw | Index name: NIFTY SMALLCAP 250
2026-05-05 22:47:09 | INFO     | pipeline.parsers.mw | MarketWatchParser result: 250 constituents
2026-05-05 22:47:10 | INFO     | pipeline.parsers.mw | MarketWatchParser: MW-NIFTY-SMALLCAP-250-16-Apr-2026.csv
2026-05-05 22:47:10 | INFO     | pipeline.parsers.mw | Index name: NIFTY SMALLCAP 250
2026-05-05 22:47:10 | INFO     | pipeline.parsers.mw | MarketWatchParser result: 250 constituents
2026-05-05 22:47:10 | INFO     | pipeline.parsers.mw | MarketWatchParser: MW-NIFTY-SMALLCAP-250-17-Apr-2026.csv
2026-05-05 22:47:10 | INFO     | pipeline.parsers.mw | Index name: NIFTY SMALLCAP 250
2026-05-05 22:47:10 | INFO     | pipeline.parsers.mw | MarketWatchParser result: 250 constituents
2026-05-05 22:47:10 | INFO     | pipeline.parsers.mw | MarketWatchParser: MW-NIFTY-SMALLCAP-250-17-Mar-2026.csv
2026-05-05 22:47:10 | INFO     | pipeline.parsers.mw | Index name: NIFTY SMALLCAP 250
2026-05-05 22:47:10 | INFO     | pipeline.parsers.mw | MarketWatchParser result: 250 constituents
2026-05-05 22:47:10 | INFO     | pipeline.parsers.mw | MarketWatchParser: MW-NIFTY-SMALLCAP-250-18-Mar-2026.csv
2026-05-05 22:47:10 | INFO     | pipeline.parsers.mw | Index name: NIFTY SMALLCAP 250
2026-05-05 22:47:10 | INFO     | pipeline.parsers.mw | MarketWatchParser result: 250 constituents
2026-05-05 22:47:10 | INFO     | pipeline.parsers.mw | MarketWatchParser: MW-NIFTY-SMALLCAP-250-19-Mar-2026.csv
2026-05-05 22:47:10 | INFO     | pipeline.parsers.mw | Index name: NIFTY SMALLCAP 250
2026-05-05 22:47:10 | INFO     | pipeline.parsers.mw | MarketWatchParser result: 250 constituents
2026-05-05 22:47:10 | INFO     | pipeline.parsers.mw | MarketWatchParser: MW-NIFTY-SMALLCAP-250-20-Mar-2026.csv
2026-05-05 22:47:10 | INFO     | pipeline.parsers.mw | Index name: NIFTY SMALLCAP 250
2026-05-05 22:47:10 | INFO     | pipeline.parsers.mw | MarketWatchParser result: 250 constituents
2026-05-05 22:47:10 | INFO     | pipeline.parsers.mw | MarketWatchParser: MW-NIFTY-SMALLCAP-250-21-Apr-2026.csv
2026-05-05 22:47:10 | INFO     | pipeline.parsers.mw | Index name: NIFTY SMALLCAP 250
2026-05-05 22:47:10 | INFO     | pipeline.parsers.mw | MarketWatchParser result: 250 constituents
2026-05-05 22:47:10 | INFO     | pipeline.parsers.mw | MarketWatchParser: MW-NIFTY-SMALLCAP-250-22-Apr-2026.csv
2026-05-05 22:47:10 | INFO     | pipeline.parsers.mw | Index name: NIFTY SMALLCAP 250
2026-05-05 22:47:10 | INFO     | pipeline.parsers.mw | MarketWatchParser result: 250 constituents
2026-05-05 22:47:11 | INFO     | pipeline.parsers.mw | MarketWatchParser: MW-NIFTY-SMALLCAP-250-23-Apr-2026.csv
2026-05-05 22:47:11 | INFO     | pipeline.parsers.mw | Index name: NIFTY SMALLCAP 250
2026-05-05 22:47:11 | INFO     | pipeline.parsers.mw | MarketWatchParser result: 250 constituents
2026-05-05 22:47:11 | INFO     | pipeline.parsers.mw | MarketWatchParser: MW-NIFTY-SMALLCAP-250-23-Mar-2026.csv
2026-05-05 22:47:11 | INFO     | pipeline.parsers.mw | Index name: NIFTY SMALLCAP 250
2026-05-05 22:47:11 | INFO     | pipeline.parsers.mw | MarketWatchParser result: 250 constituents
2026-05-05 22:47:11 | INFO     | pipeline.parsers.mw | MarketWatchParser: MW-NIFTY-SMALLCAP-250-24-Apr-2026.csv
2026-05-05 22:47:11 | INFO     | pipeline.parsers.mw | Index name: NIFTY SMALLCAP 250
2026-05-05 22:47:11 | INFO     | pipeline.parsers.mw | MarketWatchParser result: 250 constituents
2026-05-05 22:47:11 | INFO     | pipeline.parsers.mw | MarketWatchParser: MW-NIFTY-SMALLCAP-250-24-Mar-2026.csv
2026-05-05 22:47:11 | INFO     | pipeline.parsers.mw | Index name: NIFTY SMALLCAP 250
2026-05-05 22:47:11 | INFO     | pipeline.parsers.mw | MarketWatchParser result: 250 constituents
2026-05-05 22:47:11 | INFO     | pipeline.parsers.mw | MarketWatchParser: MW-NIFTY-SMALLCAP-250-27-Mar-2026.csv
2026-05-05 22:47:11 | INFO     | pipeline.parsers.mw | Index name: NIFTY SMALLCAP 250
2026-05-05 22:47:11 | INFO     | pipeline.parsers.mw | MarketWatchParser result: 250 constituents
2026-05-05 22:47:11 | INFO     | pipeline.parsers.mw | MarketWatchParser: MW-NIFTY-SMALLCAP-250-30-Mar-2026.csv
2026-05-05 22:47:11 | INFO     | pipeline.parsers.mw | Index name: NIFTY SMALLCAP 250
2026-05-05 22:47:11 | INFO     | pipeline.parsers.mw | MarketWatchParser result: 250 constituents
2026-05-05 22:47:11 | INFO     | pipeline.parsers.mw | MarketWatchParser: MW-NIFTY-SMALLCAP-50-03-Apr-2026.csv
2026-05-05 22:47:11 | INFO     | pipeline.parsers.mw | Index name: NIFTY SMALLCAP 50
2026-05-05 22:47:11 | INFO     | pipeline.parsers.mw | MarketWatchParser result: 50 constituents
2026-05-05 22:47:11 | INFO     | pipeline.parsers.mw | MarketWatchParser: MW-NIFTY-SMALLCAP-50-06-Apr-2026.csv
2026-05-05 22:47:11 | INFO     | pipeline.parsers.mw | Index name: NIFTY SMALLCAP 50
2026-05-05 22:47:11 | INFO     | pipeline.parsers.mw | MarketWatchParser result: 50 constituents
2026-05-05 22:47:11 | INFO     | pipeline.parsers.mw | MarketWatchParser: MW-NIFTY-SMALLCAP-50-07-Apr-2026.csv
2026-05-05 22:47:11 | INFO     | pipeline.parsers.mw | Index name: NIFTY SMALLCAP 50
2026-05-05 22:47:11 | INFO     | pipeline.parsers.mw | MarketWatchParser result: 50 constituents
2026-05-05 22:47:11 | INFO     | pipeline.parsers.mw | MarketWatchParser: MW-NIFTY-SMALLCAP-50-08-Apr-2026.csv
2026-05-05 22:47:11 | INFO     | pipeline.parsers.mw | Index name: NIFTY SMALLCAP 50
2026-05-05 22:47:12 | INFO     | pipeline.parsers.mw | MarketWatchParser result: 50 constituents
2026-05-05 22:47:12 | INFO     | pipeline.parsers.mw | MarketWatchParser: MW-NIFTY-SMALLCAP-50-09-Apr-2026.csv
2026-05-05 22:47:12 | INFO     | pipeline.parsers.mw | Index name: NIFTY SMALLCAP 50
2026-05-05 22:47:12 | INFO     | pipeline.parsers.mw | MarketWatchParser result: 50 constituents
2026-05-05 22:47:12 | INFO     | pipeline.parsers.mw | MarketWatchParser: MW-NIFTY-SMALLCAP-50-10-Apr-2026.csv
2026-05-05 22:47:12 | INFO     | pipeline.parsers.mw | Index name: NIFTY SMALLCAP 50
2026-05-05 22:47:12 | INFO     | pipeline.parsers.mw | MarketWatchParser result: 50 constituents
2026-05-05 22:47:12 | INFO     | pipeline.parsers.mw | MarketWatchParser: MW-NIFTY-SMALLCAP-50-13-Apr-2026.csv
2026-05-05 22:47:12 | INFO     | pipeline.parsers.mw | Index name: NIFTY SMALLCAP 50
2026-05-05 22:47:12 | INFO     | pipeline.parsers.mw | MarketWatchParser result: 50 constituents
2026-05-05 22:47:12 | INFO     | pipeline.parsers.mw | MarketWatchParser: MW-NIFTY-SMALLCAP-50-15-Apr-2026.csv
2026-05-05 22:47:12 | INFO     | pipeline.parsers.mw | Index name: NIFTY SMALLCAP 50
2026-05-05 22:47:12 | INFO     | pipeline.parsers.mw | MarketWatchParser result: 50 constituents
2026-05-05 22:47:12 | INFO     | pipeline.parsers.mw | MarketWatchParser: MW-NIFTY-SMALLCAP-50-16-Apr-2026.csv
2026-05-05 22:47:12 | INFO     | pipeline.parsers.mw | Index name: NIFTY SMALLCAP 50
2026-05-05 22:47:12 | INFO     | pipeline.parsers.mw | MarketWatchParser result: 50 constituents
2026-05-05 22:47:12 | INFO     | pipeline.parsers.mw | MarketWatchParser: MW-NIFTY-SMALLCAP-50-17-Apr-2026.csv
2026-05-05 22:47:12 | INFO     | pipeline.parsers.mw | Index name: NIFTY SMALLCAP 50
2026-05-05 22:47:12 | INFO     | pipeline.parsers.mw | MarketWatchParser result: 50 constituents
2026-05-05 22:47:12 | INFO     | pipeline.parsers.mw | MarketWatchParser: MW-NIFTY-SMALLCAP-50-21-Apr-2026.csv
2026-05-05 22:47:12 | INFO     | pipeline.parsers.mw | Index name: NIFTY SMALLCAP 50
2026-05-05 22:47:12 | INFO     | pipeline.parsers.mw | MarketWatchParser result: 50 constituents
2026-05-05 22:47:12 | INFO     | pipeline.parsers.mw | MarketWatchParser: MW-NIFTY-SMALLCAP-50-22-Apr-2026.csv
2026-05-05 22:47:12 | INFO     | pipeline.parsers.mw | Index name: NIFTY SMALLCAP 50
2026-05-05 22:47:12 | INFO     | pipeline.parsers.mw | MarketWatchParser result: 50 constituents
2026-05-05 22:47:12 | INFO     | pipeline.parsers.mw | MarketWatchParser: MW-NIFTY-SMALLCAP-50-23-Apr-2026.csv
2026-05-05 22:47:12 | INFO     | pipeline.parsers.mw | Index name: NIFTY SMALLCAP 50
2026-05-05 22:47:12 | INFO     | pipeline.parsers.mw | MarketWatchParser result: 50 constituents
2026-05-05 22:47:12 | INFO     | pipeline.parsers.mw | MarketWatchParser: MW-NIFTY-SMALLCAP-50-23-Mar-2026.csv
2026-05-05 22:47:12 | INFO     | pipeline.parsers.mw | Index name: NIFTY SMALLCAP 50
2026-05-05 22:47:12 | INFO     | pipeline.parsers.mw | MarketWatchParser result: 50 constituents
2026-05-05 22:47:12 | INFO     | pipeline.parsers.mw | MarketWatchParser: MW-NIFTY-SMALLCAP-50-24-Apr-2026.csv
2026-05-05 22:47:12 | INFO     | pipeline.parsers.mw | Index name: NIFTY SMALLCAP 50
2026-05-05 22:47:12 | INFO     | pipeline.parsers.mw | MarketWatchParser result: 50 constituents
2026-05-05 22:47:12 | INFO     | pipeline.parsers.mw | MarketWatchParser: MW-NIFTY-SMALLCAP-50-24-Mar-2026.csv
2026-05-05 22:47:12 | INFO     | pipeline.parsers.mw | Index name: NIFTY SMALLCAP 50
2026-05-05 22:47:12 | INFO     | pipeline.parsers.mw | MarketWatchParser result: 50 constituents
2026-05-05 22:47:12 | INFO     | pipeline.parsers.mw | MarketWatchParser: MW-NIFTY-SMALLCAP-50-27-Mar-2026.csv
2026-05-05 22:47:12 | INFO     | pipeline.parsers.mw | Index name: NIFTY SMALLCAP 50
2026-05-05 22:47:12 | INFO     | pipeline.parsers.mw | MarketWatchParser result: 50 constituents
2026-05-05 22:47:12 | INFO     | pipeline.parsers.mw | MarketWatchParser: MW-NIFTY-SMALLCAP-50-30-Mar-2026.csv
2026-05-05 22:47:12 | INFO     | pipeline.parsers.mw | Index name: NIFTY SMALLCAP 50
2026-05-05 22:47:12 | INFO     | pipeline.parsers.mw | MarketWatchParser result: 50 constituents
2026-05-05 22:47:12 | INFO     | pipeline.parsers.mw | MarketWatchParser: MW-NIFTY-TOTAL-MARKET-03-Apr-2026.csv
2026-05-05 22:47:12 | INFO     | pipeline.parsers.mw | Index name: NIFTY TOTAL MARKET
2026-05-05 22:47:12 | INFO     | pipeline.parsers.mw | MarketWatchParser result: 750 constituents
2026-05-05 22:47:13 | INFO     | pipeline.parsers.mw | MarketWatchParser: MW-NIFTY-TOTAL-MARKET-06-Apr-2026.csv
2026-05-05 22:47:13 | INFO     | pipeline.parsers.mw | Index name: NIFTY TOTAL MARKET
2026-05-05 22:47:13 | INFO     | pipeline.parsers.mw | MarketWatchParser result: 750 constituents
2026-05-05 22:47:13 | INFO     | pipeline.parsers.mw | MarketWatchParser: MW-NIFTY-TOTAL-MARKET-07-Apr-2026.csv
2026-05-05 22:47:13 | INFO     | pipeline.parsers.mw | Index name: NIFTY TOTAL MARKET
2026-05-05 22:47:13 | INFO     | pipeline.parsers.mw | MarketWatchParser result: 750 constituents
2026-05-05 22:47:13 | INFO     | pipeline.parsers.mw | MarketWatchParser: MW-NIFTY-TOTAL-MARKET-08-Apr-2026.csv
2026-05-05 22:47:13 | INFO     | pipeline.parsers.mw | Index name: NIFTY TOTAL MARKET
2026-05-05 22:47:13 | INFO     | pipeline.parsers.mw | MarketWatchParser result: 750 constituents
2026-05-05 22:47:13 | INFO     | pipeline.parsers.mw | MarketWatchParser: MW-NIFTY-TOTAL-MARKET-09-Apr-2026.csv
2026-05-05 22:47:13 | INFO     | pipeline.parsers.mw | Index name: NIFTY TOTAL MARKET
2026-05-05 22:47:13 | INFO     | pipeline.parsers.mw | MarketWatchParser result: 750 constituents
2026-05-05 22:47:13 | INFO     | pipeline.parsers.mw | MarketWatchParser: MW-NIFTY-TOTAL-MARKET-10-Apr-2026.csv
2026-05-05 22:47:13 | INFO     | pipeline.parsers.mw | Index name: NIFTY TOTAL MARKET
2026-05-05 22:47:13 | INFO     | pipeline.parsers.mw | MarketWatchParser result: 749 constituents
2026-05-05 22:47:13 | INFO     | pipeline.parsers.mw | MarketWatchParser: MW-NIFTY-TOTAL-MARKET-13-Apr-2026.csv
2026-05-05 22:47:13 | INFO     | pipeline.parsers.mw | Index name: NIFTY TOTAL MARKET
2026-05-05 22:47:13 | INFO     | pipeline.parsers.mw | MarketWatchParser result: 750 constituents
2026-05-05 22:47:13 | INFO     | pipeline.parsers.mw | MarketWatchParser: MW-NIFTY-TOTAL-MARKET-15-Apr-2026.csv
2026-05-05 22:47:13 | INFO     | pipeline.parsers.mw | Index name: NIFTY TOTAL MARKET
2026-05-05 22:47:14 | INFO     | pipeline.parsers.mw | MarketWatchParser result: 749 constituents
2026-05-05 22:47:14 | INFO     | pipeline.parsers.mw | MarketWatchParser: MW-NIFTY-TOTAL-MARKET-16-Apr-2026.csv
2026-05-05 22:47:14 | INFO     | pipeline.parsers.mw | Index name: NIFTY TOTAL MARKET
2026-05-05 22:47:14 | INFO     | pipeline.parsers.mw | MarketWatchParser result: 749 constituents
2026-05-05 22:47:14 | INFO     | pipeline.parsers.mw | MarketWatchParser: MW-NIFTY-TOTAL-MARKET-17-Apr-2026.csv
2026-05-05 22:47:14 | INFO     | pipeline.parsers.mw | Index name: NIFTY TOTAL MARKET
2026-05-05 22:47:14 | INFO     | pipeline.parsers.mw | MarketWatchParser result: 749 constituents
2026-05-05 22:47:14 | INFO     | pipeline.parsers.mw | MarketWatchParser: MW-NIFTY-TOTAL-MARKET-17-Mar-2026.csv
2026-05-05 22:47:14 | INFO     | pipeline.parsers.mw | Index name: NIFTY TOTAL MARKET
2026-05-05 22:47:14 | INFO     | pipeline.parsers.mw | MarketWatchParser result: 750 constituents
2026-05-05 22:47:14 | INFO     | pipeline.parsers.mw | MarketWatchParser: MW-NIFTY-TOTAL-MARKET-18-Mar-2026.csv
2026-05-05 22:47:14 | INFO     | pipeline.parsers.mw | Index name: NIFTY TOTAL MARKET
2026-05-05 22:47:14 | INFO     | pipeline.parsers.mw | MarketWatchParser result: 750 constituents
2026-05-05 22:47:14 | INFO     | pipeline.parsers.mw | MarketWatchParser: MW-NIFTY-TOTAL-MARKET-19-Mar-2026.csv
2026-05-05 22:47:14 | INFO     | pipeline.parsers.mw | Index name: NIFTY TOTAL MARKET
2026-05-05 22:47:14 | INFO     | pipeline.parsers.mw | MarketWatchParser result: 750 constituents
2026-05-05 22:47:15 | INFO     | pipeline.parsers.mw | MarketWatchParser: MW-NIFTY-TOTAL-MARKET-20-Mar-2026.csv
2026-05-05 22:47:15 | INFO     | pipeline.parsers.mw | Index name: NIFTY TOTAL MARKET
2026-05-05 22:47:15 | INFO     | pipeline.parsers.mw | MarketWatchParser result: 750 constituents
2026-05-05 22:47:15 | INFO     | pipeline.parsers.mw | MarketWatchParser: MW-NIFTY-TOTAL-MARKET-21-Apr-2026.csv
2026-05-05 22:47:15 | INFO     | pipeline.parsers.mw | Index name: NIFTY TOTAL MARKET
2026-05-05 22:47:15 | INFO     | pipeline.parsers.mw | MarketWatchParser result: 749 constituents
2026-05-05 22:47:15 | INFO     | pipeline.parsers.mw | MarketWatchParser: MW-NIFTY-TOTAL-MARKET-22-Apr-2026.csv
2026-05-05 22:47:15 | INFO     | pipeline.parsers.mw | Index name: NIFTY TOTAL MARKET
2026-05-05 22:47:15 | INFO     | pipeline.parsers.mw | MarketWatchParser result: 749 constituents
2026-05-05 22:47:15 | INFO     | pipeline.parsers.mw | MarketWatchParser: MW-NIFTY-TOTAL-MARKET-23-Apr-2026.csv
2026-05-05 22:47:15 | INFO     | pipeline.parsers.mw | Index name: NIFTY TOTAL MARKET
2026-05-05 22:47:15 | INFO     | pipeline.parsers.mw | MarketWatchParser result: 749 constituents
2026-05-05 22:47:15 | INFO     | pipeline.parsers.mw | MarketWatchParser: MW-NIFTY-TOTAL-MARKET-23-Mar-2026.csv
2026-05-05 22:47:15 | INFO     | pipeline.parsers.mw | Index name: NIFTY TOTAL MARKET
2026-05-05 22:47:15 | INFO     | pipeline.parsers.mw | MarketWatchParser result: 750 constituents
2026-05-05 22:47:15 | INFO     | pipeline.parsers.mw | MarketWatchParser: MW-NIFTY-TOTAL-MARKET-24-Apr-2026.csv
2026-05-05 22:47:15 | INFO     | pipeline.parsers.mw | Index name: NIFTY TOTAL MARKET
2026-05-05 22:47:15 | INFO     | pipeline.parsers.mw | MarketWatchParser result: 749 constituents
2026-05-05 22:47:16 | INFO     | pipeline.parsers.mw | MarketWatchParser: MW-NIFTY-TOTAL-MARKET-24-Mar-2026.csv
2026-05-05 22:47:16 | INFO     | pipeline.parsers.mw | Index name: NIFTY TOTAL MARKET
2026-05-05 22:47:16 | INFO     | pipeline.parsers.mw | MarketWatchParser result: 750 constituents
2026-05-05 22:47:16 | INFO     | pipeline.parsers.mw | MarketWatchParser: MW-NIFTY-TOTAL-MARKET-27-Mar-2026.csv
2026-05-05 22:47:16 | INFO     | pipeline.parsers.mw | Index name: NIFTY TOTAL MARKET
2026-05-05 22:47:16 | INFO     | pipeline.parsers.mw | MarketWatchParser result: 750 constituents
2026-05-05 22:47:16 | INFO     | pipeline.parsers.mw | MarketWatchParser: MW-NIFTY-TOTAL-MARKET-30-Mar-2026.csv
2026-05-05 22:47:16 | INFO     | pipeline.parsers.mw | Index name: NIFTY TOTAL MARKET
2026-05-05 22:47:16 | INFO     | pipeline.parsers.mw | MarketWatchParser result: 750 constituents
2026-05-05 22:47:16 | INFO     | pipeline.parsers.mw | MarketWatchParser: MW-NIFTY500-LARGEMIDSMALL-EQUAL-CAP-WEIGHTED-03-Apr-2026.csv
2026-05-05 22:47:16 | INFO     | pipeline.parsers.mw | Index name: NIFTY500 LARGEMIDSMALL EQUAL CAP WEIGHTED
2026-05-05 22:47:16 | INFO     | pipeline.parsers.mw | MarketWatchParser result: 500 constituents
2026-05-05 22:47:16 | INFO     | pipeline.parsers.mw | MarketWatchParser: MW-NIFTY500-LARGEMIDSMALL-EQUAL-CAP-WEIGHTED-06-Apr-2026.csv
2026-05-05 22:47:16 | INFO     | pipeline.parsers.mw | Index name: NIFTY500 LARGEMIDSMALL EQUAL CAP WEIGHTED
2026-05-05 22:47:16 | INFO     | pipeline.parsers.mw | MarketWatchParser result: 500 constituents
2026-05-05 22:47:17 | INFO     | pipeline.parsers.mw | MarketWatchParser: MW-NIFTY500-LARGEMIDSMALL-EQUAL-CAP-WEIGHTED-07-Apr-2026.csv
2026-05-05 22:47:17 | INFO     | pipeline.parsers.mw | Index name: NIFTY500 LARGEMIDSMALL EQUAL CAP WEIGHTED
2026-05-05 22:47:17 | INFO     | pipeline.parsers.mw | MarketWatchParser result: 500 constituents
2026-05-05 22:47:17 | INFO     | pipeline.parsers.mw | MarketWatchParser: MW-NIFTY500-LARGEMIDSMALL-EQUAL-CAP-WEIGHTED-08-Apr-2026.csv
2026-05-05 22:47:17 | INFO     | pipeline.parsers.mw | Index name: NIFTY500 LARGEMIDSMALL EQUAL CAP WEIGHTED
2026-05-05 22:47:17 | INFO     | pipeline.parsers.mw | MarketWatchParser result: 500 constituents
2026-05-05 22:47:17 | INFO     | pipeline.parsers.mw | MarketWatchParser: MW-NIFTY500-LARGEMIDSMALL-EQUAL-CAP-WEIGHTED-09-Apr-2026.csv
2026-05-05 22:47:17 | INFO     | pipeline.parsers.mw | Index name: NIFTY500 LARGEMIDSMALL EQUAL CAP WEIGHTED
2026-05-05 22:47:17 | INFO     | pipeline.parsers.mw | MarketWatchParser result: 500 constituents
2026-05-05 22:47:17 | INFO     | pipeline.parsers.mw | MarketWatchParser: MW-NIFTY500-LARGEMIDSMALL-EQUAL-CAP-WEIGHTED-10-Apr-2026.csv
2026-05-05 22:47:17 | INFO     | pipeline.parsers.mw | Index name: NIFTY500 LARGEMIDSMALL EQUAL CAP WEIGHTED
2026-05-05 22:47:17 | INFO     | pipeline.parsers.mw | MarketWatchParser result: 500 constituents
2026-05-05 22:47:17 | INFO     | pipeline.parsers.mw | MarketWatchParser: MW-NIFTY500-LARGEMIDSMALL-EQUAL-CAP-WEIGHTED-13-Apr-2026.csv
2026-05-05 22:47:17 | INFO     | pipeline.parsers.mw | Index name: NIFTY500 LARGEMIDSMALL EQUAL CAP WEIGHTED
2026-05-05 22:47:17 | INFO     | pipeline.parsers.mw | MarketWatchParser result: 500 constituents
2026-05-05 22:47:17 | INFO     | pipeline.parsers.mw | MarketWatchParser: MW-NIFTY500-LARGEMIDSMALL-EQUAL-CAP-WEIGHTED-15-Apr-2026.csv
2026-05-05 22:47:17 | INFO     | pipeline.parsers.mw | Index name: NIFTY500 LARGEMIDSMALL EQUAL CAP WEIGHTED
2026-05-05 22:47:17 | INFO     | pipeline.parsers.mw | MarketWatchParser result: 500 constituents
2026-05-05 22:47:17 | INFO     | pipeline.parsers.mw | MarketWatchParser: MW-NIFTY500-LARGEMIDSMALL-EQUAL-CAP-WEIGHTED-16-Apr-2026.csv
2026-05-05 22:47:17 | INFO     | pipeline.parsers.mw | Index name: NIFTY500 LARGEMIDSMALL EQUAL CAP WEIGHTED
2026-05-05 22:47:17 | INFO     | pipeline.parsers.mw | MarketWatchParser result: 500 constituents
2026-05-05 22:47:18 | INFO     | pipeline.parsers.mw | MarketWatchParser: MW-NIFTY500-LARGEMIDSMALL-EQUAL-CAP-WEIGHTED-17-Apr-2026.csv
2026-05-05 22:47:18 | INFO     | pipeline.parsers.mw | Index name: NIFTY500 LARGEMIDSMALL EQUAL CAP WEIGHTED
2026-05-05 22:47:18 | INFO     | pipeline.parsers.mw | MarketWatchParser result: 500 constituents
2026-05-05 22:47:18 | INFO     | pipeline.parsers.mw | MarketWatchParser: MW-NIFTY500-LARGEMIDSMALL-EQUAL-CAP-WEIGHTED-17-Mar-2026.csv
2026-05-05 22:47:18 | INFO     | pipeline.parsers.mw | Index name: NIFTY500 LARGEMIDSMALL EQUAL CAP WEIGHTED
2026-05-05 22:47:18 | INFO     | pipeline.parsers.mw | MarketWatchParser result: 500 constituents
2026-05-05 22:47:18 | INFO     | pipeline.parsers.mw | MarketWatchParser: MW-NIFTY500-LARGEMIDSMALL-EQUAL-CAP-WEIGHTED-18-Mar-2026.csv
2026-05-05 22:47:18 | INFO     | pipeline.parsers.mw | Index name: NIFTY500 LARGEMIDSMALL EQUAL CAP WEIGHTED
2026-05-05 22:47:18 | INFO     | pipeline.parsers.mw | MarketWatchParser result: 500 constituents
2026-05-05 22:47:18 | INFO     | pipeline.parsers.mw | MarketWatchParser: MW-NIFTY500-LARGEMIDSMALL-EQUAL-CAP-WEIGHTED-19-Mar-2026.csv
2026-05-05 22:47:18 | INFO     | pipeline.parsers.mw | Index name: NIFTY500 LARGEMIDSMALL EQUAL CAP WEIGHTED
2026-05-05 22:47:18 | INFO     | pipeline.parsers.mw | MarketWatchParser result: 500 constituents
2026-05-05 22:47:18 | INFO     | pipeline.parsers.mw | MarketWatchParser: MW-NIFTY500-LARGEMIDSMALL-EQUAL-CAP-WEIGHTED-20-Mar-2026.csv
2026-05-05 22:47:18 | INFO     | pipeline.parsers.mw | Index name: NIFTY500 LARGEMIDSMALL EQUAL CAP WEIGHTED
2026-05-05 22:47:18 | INFO     | pipeline.parsers.mw | MarketWatchParser result: 500 constituents
2026-05-05 22:47:18 | INFO     | pipeline.parsers.mw | MarketWatchParser: MW-NIFTY500-LARGEMIDSMALL-EQUAL-CAP-WEIGHTED-21-Apr-2026.csv
2026-05-05 22:47:18 | INFO     | pipeline.parsers.mw | Index name: NIFTY500 LARGEMIDSMALL EQUAL CAP WEIGHTED
2026-05-05 22:47:18 | INFO     | pipeline.parsers.mw | MarketWatchParser result: 500 constituents
2026-05-05 22:47:18 | INFO     | pipeline.parsers.mw | MarketWatchParser: MW-NIFTY500-LARGEMIDSMALL-EQUAL-CAP-WEIGHTED-22-Apr-2026.csv
2026-05-05 22:47:18 | INFO     | pipeline.parsers.mw | Index name: NIFTY500 LARGEMIDSMALL EQUAL CAP WEIGHTED
2026-05-05 22:47:18 | INFO     | pipeline.parsers.mw | MarketWatchParser result: 500 constituents
2026-05-05 22:47:19 | INFO     | pipeline.parsers.mw | MarketWatchParser: MW-NIFTY500-LARGEMIDSMALL-EQUAL-CAP-WEIGHTED-23-Apr-2026.csv
2026-05-05 22:47:19 | INFO     | pipeline.parsers.mw | Index name: NIFTY500 LARGEMIDSMALL EQUAL CAP WEIGHTED
2026-05-05 22:47:19 | INFO     | pipeline.parsers.mw | MarketWatchParser result: 500 constituents
2026-05-05 22:47:19 | INFO     | pipeline.parsers.mw | MarketWatchParser: MW-NIFTY500-LARGEMIDSMALL-EQUAL-CAP-WEIGHTED-23-Mar-2026.csv
2026-05-05 22:47:19 | INFO     | pipeline.parsers.mw | Index name: NIFTY500 LARGEMIDSMALL EQUAL CAP WEIGHTED
2026-05-05 22:47:19 | INFO     | pipeline.parsers.mw | MarketWatchParser result: 500 constituents
2026-05-05 22:47:19 | INFO     | pipeline.parsers.mw | MarketWatchParser: MW-NIFTY500-LARGEMIDSMALL-EQUAL-CAP-WEIGHTED-24-Apr-2026.csv
2026-05-05 22:47:19 | INFO     | pipeline.parsers.mw | Index name: NIFTY500 LARGEMIDSMALL EQUAL CAP WEIGHTED
2026-05-05 22:47:19 | INFO     | pipeline.parsers.mw | MarketWatchParser result: 500 constituents
2026-05-05 22:47:19 | INFO     | pipeline.parsers.mw | MarketWatchParser: MW-NIFTY500-LARGEMIDSMALL-EQUAL-CAP-WEIGHTED-24-Mar-2026.csv
2026-05-05 22:47:19 | INFO     | pipeline.parsers.mw | Index name: NIFTY500 LARGEMIDSMALL EQUAL CAP WEIGHTED
2026-05-05 22:47:19 | INFO     | pipeline.parsers.mw | MarketWatchParser result: 500 constituents
2026-05-05 22:47:19 | INFO     | pipeline.parsers.mw | MarketWatchParser: MW-NIFTY500-LARGEMIDSMALL-EQUAL-CAP-WEIGHTED-27-Mar-2026.csv
2026-05-05 22:47:19 | INFO     | pipeline.parsers.mw | Index name: NIFTY500 LARGEMIDSMALL EQUAL CAP WEIGHTED
2026-05-05 22:47:19 | INFO     | pipeline.parsers.mw | MarketWatchParser result: 500 constituents
2026-05-05 22:47:19 | INFO     | pipeline.parsers.mw | MarketWatchParser: MW-NIFTY500-LARGEMIDSMALL-EQUAL-CAP-WEIGHTED-30-Mar-2026.csv
2026-05-05 22:47:19 | INFO     | pipeline.parsers.mw | Index name: NIFTY500 LARGEMIDSMALL EQUAL CAP WEIGHTED
2026-05-05 22:47:19 | INFO     | pipeline.parsers.mw | MarketWatchParser result: 500 constituents
2026-05-05 22:47:19 | INFO     | pipeline.parsers.mw | MarketWatchParser: MW-NIFTY500-MULTICAP-50_25_25-03-Apr-2026.csv
2026-05-05 22:47:19 | INFO     | pipeline.parsers.mw | Index name: NIFTY500 MULTICAP 50_25_25
2026-05-05 22:47:19 | INFO     | pipeline.parsers.mw | MarketWatchParser result: 500 constituents
2026-05-05 22:47:19 | INFO     | pipeline.parsers.mw | MarketWatchParser: MW-NIFTY500-MULTICAP-50_25_25-06-Apr-2026.csv
2026-05-05 22:47:19 | INFO     | pipeline.parsers.mw | Index name: NIFTY500 MULTICAP 50_25_25
2026-05-05 22:47:20 | INFO     | pipeline.parsers.mw | MarketWatchParser result: 500 constituents
2026-05-05 22:47:20 | INFO     | pipeline.parsers.mw | MarketWatchParser: MW-NIFTY500-MULTICAP-50_25_25-07-Apr-2026.csv
2026-05-05 22:47:20 | INFO     | pipeline.parsers.mw | Index name: NIFTY500 MULTICAP 50_25_25
2026-05-05 22:47:20 | INFO     | pipeline.parsers.mw | MarketWatchParser result: 500 constituents
2026-05-05 22:47:20 | INFO     | pipeline.parsers.mw | MarketWatchParser: MW-NIFTY500-MULTICAP-50_25_25-08-Apr-2026.csv
2026-05-05 22:47:20 | INFO     | pipeline.parsers.mw | Index name: NIFTY500 MULTICAP 50_25_25
2026-05-05 22:47:20 | INFO     | pipeline.parsers.mw | MarketWatchParser result: 500 constituents
2026-05-05 22:47:20 | INFO     | pipeline.parsers.mw | MarketWatchParser: MW-NIFTY500-MULTICAP-50_25_25-09-Apr-2026.csv
2026-05-05 22:47:20 | INFO     | pipeline.parsers.mw | Index name: NIFTY500 MULTICAP 50_25_25
2026-05-05 22:47:20 | INFO     | pipeline.parsers.mw | MarketWatchParser result: 500 constituents
2026-05-05 22:47:20 | INFO     | pipeline.parsers.mw | MarketWatchParser: MW-NIFTY500-MULTICAP-50_25_25-10-Apr-2026.csv
2026-05-05 22:47:20 | INFO     | pipeline.parsers.mw | Index name: NIFTY500 MULTICAP 50_25_25
2026-05-05 22:47:20 | INFO     | pipeline.parsers.mw | MarketWatchParser result: 500 constituents
2026-05-05 22:47:20 | INFO     | pipeline.parsers.mw | MarketWatchParser: MW-NIFTY500-MULTICAP-50_25_25-13-Apr-2026.csv
2026-05-05 22:47:20 | INFO     | pipeline.parsers.mw | Index name: NIFTY500 MULTICAP 50_25_25
2026-05-05 22:47:20 | INFO     | pipeline.parsers.mw | MarketWatchParser result: 500 constituents
2026-05-05 22:47:20 | INFO     | pipeline.parsers.mw | MarketWatchParser: MW-NIFTY500-MULTICAP-50_25_25-15-Apr-2026.csv
2026-05-05 22:47:20 | INFO     | pipeline.parsers.mw | Index name: NIFTY500 MULTICAP 50_25_25
2026-05-05 22:47:20 | INFO     | pipeline.parsers.mw | MarketWatchParser result: 500 constituents
2026-05-05 22:47:20 | INFO     | pipeline.parsers.mw | MarketWatchParser: MW-NIFTY500-MULTICAP-50_25_25-16-Apr-2026.csv
2026-05-05 22:47:20 | INFO     | pipeline.parsers.mw | Index name: NIFTY500 MULTICAP 50_25_25
2026-05-05 22:47:21 | INFO     | pipeline.parsers.mw | MarketWatchParser result: 500 constituents
2026-05-05 22:47:21 | INFO     | pipeline.parsers.mw | MarketWatchParser: MW-NIFTY500-MULTICAP-50_25_25-17-Apr-2026.csv
2026-05-05 22:47:21 | INFO     | pipeline.parsers.mw | Index name: NIFTY500 MULTICAP 50_25_25
2026-05-05 22:47:21 | INFO     | pipeline.parsers.mw | MarketWatchParser result: 500 constituents
2026-05-05 22:47:21 | INFO     | pipeline.parsers.mw | MarketWatchParser: MW-NIFTY500-MULTICAP-50_25_25-17-Mar-2026.csv
2026-05-05 22:47:21 | INFO     | pipeline.parsers.mw | Index name: NIFTY500 MULTICAP 50_25_25
2026-05-05 22:47:21 | INFO     | pipeline.parsers.mw | MarketWatchParser result: 500 constituents
2026-05-05 22:47:21 | INFO     | pipeline.parsers.mw | MarketWatchParser: MW-NIFTY500-MULTICAP-50_25_25-18-Mar-2026.csv
2026-05-05 22:47:21 | INFO     | pipeline.parsers.mw | Index name: NIFTY500 MULTICAP 50_25_25
2026-05-05 22:47:21 | INFO     | pipeline.parsers.mw | MarketWatchParser result: 500 constituents
2026-05-05 22:47:21 | INFO     | pipeline.parsers.mw | MarketWatchParser: MW-NIFTY500-MULTICAP-50_25_25-19-Mar-2026.csv
2026-05-05 22:47:21 | INFO     | pipeline.parsers.mw | Index name: NIFTY500 MULTICAP 50_25_25
2026-05-05 22:47:21 | INFO     | pipeline.parsers.mw | MarketWatchParser result: 500 constituents
2026-05-05 22:47:21 | INFO     | pipeline.parsers.mw | MarketWatchParser: MW-NIFTY500-MULTICAP-50_25_25-20-Mar-2026.csv
2026-05-05 22:47:21 | INFO     | pipeline.parsers.mw | Index name: NIFTY500 MULTICAP 50_25_25
2026-05-05 22:47:21 | INFO     | pipeline.parsers.mw | MarketWatchParser result: 500 constituents
2026-05-05 22:47:21 | INFO     | pipeline.parsers.mw | MarketWatchParser: MW-NIFTY500-MULTICAP-50_25_25-22-Apr-2026 (1).csv
2026-05-05 22:47:21 | INFO     | pipeline.parsers.mw | Index name: NIFTY500 MULTICAP 50_25_25 22 Apr 2026 (1)
2026-05-05 22:47:21 | INFO     | pipeline.parsers.mw | MarketWatchParser result: 500 constituents
2026-05-05 22:47:21 | INFO     | pipeline.parsers.mw | MarketWatchParser: MW-NIFTY500-MULTICAP-50_25_25-22-Apr-2026.csv
2026-05-05 22:47:21 | INFO     | pipeline.parsers.mw | Index name: NIFTY500 MULTICAP 50_25_25
2026-05-05 22:47:22 | INFO     | pipeline.parsers.mw | MarketWatchParser result: 500 constituents
2026-05-05 22:47:22 | INFO     | pipeline.parsers.mw | MarketWatchParser: MW-NIFTY500-MULTICAP-50_25_25-23-Apr-2026.csv
2026-05-05 22:47:22 | INFO     | pipeline.parsers.mw | Index name: NIFTY500 MULTICAP 50_25_25
2026-05-05 22:47:22 | INFO     | pipeline.parsers.mw | MarketWatchParser result: 500 constituents
2026-05-05 22:47:22 | INFO     | pipeline.parsers.mw | MarketWatchParser: MW-NIFTY500-MULTICAP-50_25_25-23-Mar-2026.csv
2026-05-05 22:47:22 | INFO     | pipeline.parsers.mw | Index name: NIFTY500 MULTICAP 50_25_25
2026-05-05 22:47:22 | INFO     | pipeline.parsers.mw | MarketWatchParser result: 500 constituents
2026-05-05 22:47:22 | INFO     | pipeline.parsers.mw | MarketWatchParser: MW-NIFTY500-MULTICAP-50_25_25-24-Apr-2026.csv
2026-05-05 22:47:22 | INFO     | pipeline.parsers.mw | Index name: NIFTY500 MULTICAP 50_25_25
2026-05-05 22:47:22 | INFO     | pipeline.parsers.mw | MarketWatchParser result: 500 constituents
2026-05-05 22:47:22 | INFO     | pipeline.parsers.mw | MarketWatchParser: MW-NIFTY500-MULTICAP-50_25_25-24-Mar-2026.csv
2026-05-05 22:47:22 | INFO     | pipeline.parsers.mw | Index name: NIFTY500 MULTICAP 50_25_25
2026-05-05 22:47:22 | INFO     | pipeline.parsers.mw | MarketWatchParser result: 500 constituents
2026-05-05 22:47:22 | INFO     | pipeline.parsers.mw | MarketWatchParser: MW-NIFTY500-MULTICAP-50_25_25-27-Apr-2026.csv
2026-05-05 22:47:22 | INFO     | pipeline.parsers.mw | Index name: NIFTY500 MULTICAP 50_25_25
2026-05-05 22:47:22 | INFO     | pipeline.parsers.mw | MarketWatchParser result: 500 constituents
2026-05-05 22:47:22 | INFO     | pipeline.parsers.mw | MarketWatchParser: MW-NIFTY500-MULTICAP-50_25_25-27-Mar-2026.csv
2026-05-05 22:47:22 | INFO     | pipeline.parsers.mw | Index name: NIFTY500 MULTICAP 50_25_25
2026-05-05 22:47:22 | INFO     | pipeline.parsers.mw | MarketWatchParser result: 500 constituents
2026-05-05 22:47:23 | INFO     | pipeline.parsers.mw | MarketWatchParser: MW-NIFTY500-MULTICAP-50_25_25-28-Apr-2026 (1).csv
2026-05-05 22:47:23 | INFO     | pipeline.parsers.mw | Index name: NIFTY500 MULTICAP 50_25_25 28 Apr 2026 (1)
2026-05-05 22:47:23 | INFO     | pipeline.parsers.mw | MarketWatchParser result: 500 constituents
2026-05-05 22:47:23 | INFO     | pipeline.parsers.mw | MarketWatchParser: MW-NIFTY500-MULTICAP-50_25_25-28-Apr-2026.csv
2026-05-05 22:47:23 | INFO     | pipeline.parsers.mw | Index name: NIFTY500 MULTICAP 50_25_25
2026-05-05 22:47:23 | INFO     | pipeline.parsers.mw | MarketWatchParser result: 500 constituents
2026-05-05 22:47:23 | INFO     | pipeline.parsers.mw | MarketWatchParser: MW-NIFTY500-MULTICAP-50_25_25-29-Apr-2026.csv
2026-05-05 22:47:23 | INFO     | pipeline.parsers.mw | Index name: NIFTY500 MULTICAP 50_25_25
2026-05-05 22:47:23 | INFO     | pipeline.parsers.mw | MarketWatchParser result: 500 constituents
2026-05-05 22:47:23 | INFO     | pipeline.parsers.mw | MarketWatchParser: MW-NIFTY500-MULTICAP-50_25_25-30-Mar-2026.csv
2026-05-05 22:47:23 | INFO     | pipeline.parsers.mw | Index name: NIFTY500 MULTICAP 50_25_25
2026-05-05 22:47:23 | INFO     | pipeline.parsers.mw | MarketWatchParser result: 500 constituents
2026-05-05 23:08:52 | INFO     | pipeline.parsers.mw | MarketWatchParser: MW-NIFTY-100-03-Apr-2026.csv
2026-05-05 23:08:52 | INFO     | pipeline.parsers.mw | Index name: NIFTY 100
2026-05-05 23:08:52 | INFO     | pipeline.parsers.mw | MarketWatchParser result: 100 constituents
2026-05-05 23:21:29 | INFO     | pipeline.parsers.mw | MarketWatchParser: MW-NIFTY-100-03-Apr-2026.csv
2026-05-05 23:21:29 | INFO     | pipeline.parsers.mw | Index name: NIFTY 100
2026-05-05 23:21:29 | INFO     | pipeline.parsers.mw | MarketWatchParser result: 100 constituents
2026-05-05 23:21:29 | INFO     | pipeline.parsers.mw | MarketWatchParser: MW-NIFTY-100-06-Apr-2026.csv
2026-05-05 23:21:29 | INFO     | pipeline.parsers.mw | Index name: NIFTY 100
2026-05-05 23:21:29 | INFO     | pipeline.parsers.mw | MarketWatchParser result: 100 constituents
2026-05-05 23:21:29 | INFO     | pipeline.parsers.mw | MarketWatchParser: MW-NIFTY-100-07-Apr-2026.csv
2026-05-05 23:21:29 | INFO     | pipeline.parsers.mw | Index name: NIFTY 100
2026-05-05 23:21:29 | INFO     | pipeline.parsers.mw | MarketWatchParser result: 100 constituents
2026-05-05 23:21:29 | INFO     | pipeline.parsers.mw | MarketWatchParser: MW-NIFTY-100-08-Apr-2026.csv
2026-05-05 23:21:29 | INFO     | pipeline.parsers.mw | Index name: NIFTY 100
2026-05-05 23:21:29 | INFO     | pipeline.parsers.mw | MarketWatchParser result: 100 constituents
2026-05-05 23:21:29 | INFO     | pipeline.parsers.mw | MarketWatchParser: MW-NIFTY-100-09-Apr-2026.csv
2026-05-05 23:21:29 | INFO     | pipeline.parsers.mw | Index name: NIFTY 100
2026-05-05 23:21:29 | INFO     | pipeline.parsers.mw | MarketWatchParser result: 100 constituents
2026-05-05 23:21:29 | INFO     | pipeline.parsers.mw | MarketWatchParser: MW-NIFTY-100-10-Apr-2026.csv
2026-05-05 23:21:29 | INFO     | pipeline.parsers.mw | Index name: NIFTY 100
2026-05-05 23:21:29 | INFO     | pipeline.parsers.mw | MarketWatchParser result: 100 constituents
2026-05-05 23:21:29 | INFO     | pipeline.parsers.mw | MarketWatchParser: MW-NIFTY-100-13-Apr-2026.csv
2026-05-05 23:21:29 | INFO     | pipeline.parsers.mw | Index name: NIFTY 100
2026-05-05 23:21:29 | INFO     | pipeline.parsers.mw | MarketWatchParser result: 100 constituents
2026-05-05 23:21:29 | INFO     | pipeline.parsers.mw | MarketWatchParser: MW-NIFTY-100-15-Apr-2026.csv
2026-05-05 23:21:29 | INFO     | pipeline.parsers.mw | Index name: NIFTY 100
2026-05-05 23:21:29 | INFO     | pipeline.parsers.mw | MarketWatchParser result: 100 constituents
2026-05-05 23:21:29 | INFO     | pipeline.parsers.mw | MarketWatchParser: MW-NIFTY-100-16-Apr-2026.csv
2026-05-05 23:21:29 | INFO     | pipeline.parsers.mw | Index name: NIFTY 100
2026-05-05 23:21:30 | INFO     | pipeline.parsers.mw | MarketWatchParser result: 100 constituents
2026-05-05 23:21:30 | INFO     | pipeline.parsers.mw | MarketWatchParser: MW-NIFTY-100-17-Apr-2026.csv
2026-05-05 23:21:30 | INFO     | pipeline.parsers.mw | Index name: NIFTY 100
2026-05-05 23:21:30 | INFO     | pipeline.parsers.mw | MarketWatchParser result: 100 constituents
2026-05-05 23:21:30 | INFO     | pipeline.parsers.mw | MarketWatchParser: MW-NIFTY-100-17-Mar-2026.csv
2026-05-05 23:21:30 | INFO     | pipeline.parsers.mw | Index name: NIFTY 100
2026-05-05 23:21:30 | INFO     | pipeline.parsers.mw | MarketWatchParser result: 100 constituents
2026-05-05 23:21:30 | INFO     | pipeline.parsers.mw | MarketWatchParser: MW-NIFTY-100-18-Mar-2026.csv
2026-05-05 23:21:30 | INFO     | pipeline.parsers.mw | Index name: NIFTY 100
2026-05-05 23:21:30 | INFO     | pipeline.parsers.mw | MarketWatchParser result: 100 constituents
2026-05-05 23:21:30 | INFO     | pipeline.parsers.mw | MarketWatchParser: MW-NIFTY-100-19-Mar-2026.csv
2026-05-05 23:21:30 | INFO     | pipeline.parsers.mw | Index name: NIFTY 100
2026-05-05 23:21:30 | INFO     | pipeline.parsers.mw | MarketWatchParser result: 100 constituents
2026-05-05 23:21:30 | INFO     | pipeline.parsers.mw | MarketWatchParser: MW-NIFTY-100-20-Mar-2026.csv
2026-05-05 23:21:30 | INFO     | pipeline.parsers.mw | Index name: NIFTY 100
2026-05-05 23:21:30 | INFO     | pipeline.parsers.mw | MarketWatchParser result: 100 constituents
2026-05-05 23:21:30 | INFO     | pipeline.parsers.mw | MarketWatchParser: MW-NIFTY-100-21-Apr-2026.csv
2026-05-05 23:21:30 | INFO     | pipeline.parsers.mw | Index name: NIFTY 100
2026-05-05 23:21:30 | INFO     | pipeline.parsers.mw | MarketWatchParser result: 100 constituents
2026-05-05 23:21:30 | INFO     | pipeline.parsers.mw | MarketWatchParser: MW-NIFTY-100-22-Apr-2026.csv
2026-05-05 23:21:30 | INFO     | pipeline.parsers.mw | Index name: NIFTY 100
2026-05-05 23:21:30 | INFO     | pipeline.parsers.mw | MarketWatchParser result: 100 constituents
2026-05-05 23:21:30 | INFO     | pipeline.parsers.mw | MarketWatchParser: MW-NIFTY-100-23-Apr-2026.csv
2026-05-05 23:21:30 | INFO     | pipeline.parsers.mw | Index name: NIFTY 100
2026-05-05 23:21:30 | INFO     | pipeline.parsers.mw | MarketWatchParser result: 100 constituents
2026-05-05 23:21:30 | INFO     | pipeline.parsers.mw | MarketWatchParser: MW-NIFTY-100-23-Mar-2026.csv
2026-05-05 23:21:30 | INFO     | pipeline.parsers.mw | Index name: NIFTY 100
2026-05-05 23:21:30 | INFO     | pipeline.parsers.mw | MarketWatchParser result: 100 constituents
2026-05-05 23:21:30 | INFO     | pipeline.parsers.mw | MarketWatchParser: MW-NIFTY-100-24-Apr-2026.csv
2026-05-05 23:21:30 | INFO     | pipeline.parsers.mw | Index name: NIFTY 100
2026-05-05 23:21:30 | INFO     | pipeline.parsers.mw | MarketWatchParser result: 100 constituents
2026-05-05 23:21:30 | INFO     | pipeline.parsers.mw | MarketWatchParser: MW-NIFTY-100-24-Mar-2026.csv
2026-05-05 23:21:30 | INFO     | pipeline.parsers.mw | Index name: NIFTY 100
2026-05-05 23:21:30 | INFO     | pipeline.parsers.mw | MarketWatchParser result: 100 constituents
2026-05-05 23:21:30 | INFO     | pipeline.parsers.mw | MarketWatchParser: MW-NIFTY-100-27-Apr-2026.csv
2026-05-05 23:21:30 | INFO     | pipeline.parsers.mw | Index name: NIFTY 100
2026-05-05 23:21:30 | INFO     | pipeline.parsers.mw | MarketWatchParser result: 100 constituents
2026-05-05 23:21:30 | INFO     | pipeline.parsers.mw | MarketWatchParser: MW-NIFTY-100-27-Mar-2026.csv
2026-05-05 23:21:30 | INFO     | pipeline.parsers.mw | Index name: NIFTY 100
2026-05-05 23:21:30 | INFO     | pipeline.parsers.mw | MarketWatchParser result: 100 constituents
2026-05-05 23:21:30 | INFO     | pipeline.parsers.mw | MarketWatchParser: MW-NIFTY-100-28-Apr-2026.csv
2026-05-05 23:21:30 | INFO     | pipeline.parsers.mw | Index name: NIFTY 100
2026-05-05 23:21:30 | INFO     | pipeline.parsers.mw | MarketWatchParser result: 100 constituents
2026-05-05 23:21:30 | INFO     | pipeline.parsers.mw | MarketWatchParser: MW-NIFTY-100-29-Apr-2026.csv
2026-05-05 23:21:30 | INFO     | pipeline.parsers.mw | Index name: NIFTY 100
2026-05-05 23:21:30 | INFO     | pipeline.parsers.mw | MarketWatchParser result: 100 constituents
2026-05-05 23:21:30 | INFO     | pipeline.parsers.mw | MarketWatchParser: MW-NIFTY-100-30-Mar-2026.csv
2026-05-05 23:21:30 | INFO     | pipeline.parsers.mw | Index name: NIFTY 100
2026-05-05 23:21:30 | INFO     | pipeline.parsers.mw | MarketWatchParser result: 100 constituents
2026-05-05 23:21:30 | INFO     | pipeline.parsers.mw | MarketWatchParser: MW-NIFTY-200-03-Apr-2026.csv
2026-05-05 23:21:30 | INFO     | pipeline.parsers.mw | Index name: NIFTY 200
2026-05-05 23:21:30 | INFO     | pipeline.parsers.mw | MarketWatchParser result: 200 constituents
2026-05-05 23:21:30 | INFO     | pipeline.parsers.mw | MarketWatchParser: MW-NIFTY-200-05-May-2026.csv
2026-05-05 23:21:30 | INFO     | pipeline.parsers.mw | Index name: NIFTY 200
2026-05-05 23:21:30 | INFO     | pipeline.parsers.mw | MarketWatchParser result: 200 constituents
2026-05-05 23:21:30 | INFO     | pipeline.parsers.mw | MarketWatchParser: MW-NIFTY-200-06-Apr-2026.csv
2026-05-05 23:21:30 | INFO     | pipeline.parsers.mw | Index name: NIFTY 200
2026-05-05 23:21:30 | INFO     | pipeline.parsers.mw | MarketWatchParser result: 200 constituents
2026-05-05 23:21:31 | INFO     | pipeline.parsers.mw | MarketWatchParser: MW-NIFTY-200-07-Apr-2026.csv
2026-05-05 23:21:31 | INFO     | pipeline.parsers.mw | Index name: NIFTY 200
2026-05-05 23:21:31 | INFO     | pipeline.parsers.mw | MarketWatchParser result: 200 constituents
2026-05-05 23:21:31 | INFO     | pipeline.parsers.mw | MarketWatchParser: MW-NIFTY-200-08-Apr-2026.csv
2026-05-05 23:21:31 | INFO     | pipeline.parsers.mw | Index name: NIFTY 200
2026-05-05 23:21:31 | INFO     | pipeline.parsers.mw | MarketWatchParser result: 200 constituents
2026-05-05 23:21:31 | INFO     | pipeline.parsers.mw | MarketWatchParser: MW-NIFTY-200-09-Apr-2026.csv
2026-05-05 23:21:31 | INFO     | pipeline.parsers.mw | Index name: NIFTY 200
2026-05-05 23:21:31 | INFO     | pipeline.parsers.mw | MarketWatchParser result: 200 constituents
2026-05-05 23:21:31 | INFO     | pipeline.parsers.mw | MarketWatchParser: MW-NIFTY-200-10-Apr-2026.csv
2026-05-05 23:21:31 | INFO     | pipeline.parsers.mw | Index name: NIFTY 200
2026-05-05 23:21:31 | INFO     | pipeline.parsers.mw | MarketWatchParser result: 200 constituents
2026-05-05 23:21:31 | INFO     | pipeline.parsers.mw | MarketWatchParser: MW-NIFTY-200-13-Apr-2026.csv
2026-05-05 23:21:31 | INFO     | pipeline.parsers.mw | Index name: NIFTY 200
2026-05-05 23:21:31 | INFO     | pipeline.parsers.mw | MarketWatchParser result: 200 constituents
2026-05-05 23:21:31 | INFO     | pipeline.parsers.mw | MarketWatchParser: MW-NIFTY-200-15-Apr-2026.csv
2026-05-05 23:21:31 | INFO     | pipeline.parsers.mw | Index name: NIFTY 200
2026-05-05 23:21:31 | INFO     | pipeline.parsers.mw | MarketWatchParser result: 200 constituents
2026-05-05 23:21:31 | INFO     | pipeline.parsers.mw | MarketWatchParser: MW-NIFTY-200-16-Apr-2026.csv
2026-05-05 23:21:31 | INFO     | pipeline.parsers.mw | Index name: NIFTY 200
2026-05-05 23:21:31 | INFO     | pipeline.parsers.mw | MarketWatchParser result: 200 constituents
2026-05-05 23:21:31 | INFO     | pipeline.parsers.mw | MarketWatchParser: MW-NIFTY-200-17-Apr-2026.csv
2026-05-05 23:21:31 | INFO     | pipeline.parsers.mw | Index name: NIFTY 200
2026-05-05 23:21:31 | INFO     | pipeline.parsers.mw | MarketWatchParser result: 200 constituents
2026-05-05 23:21:31 | INFO     | pipeline.parsers.mw | MarketWatchParser: MW-NIFTY-200-17-Mar-2026.csv
2026-05-05 23:21:31 | INFO     | pipeline.parsers.mw | Index name: NIFTY 200
2026-05-05 23:21:31 | INFO     | pipeline.parsers.mw | MarketWatchParser result: 200 constituents
2026-05-05 23:21:31 | INFO     | pipeline.parsers.mw | MarketWatchParser: MW-NIFTY-200-18-Mar-2026.csv
2026-05-05 23:21:31 | INFO     | pipeline.parsers.mw | Index name: NIFTY 200
2026-05-05 23:21:31 | INFO     | pipeline.parsers.mw | MarketWatchParser result: 200 constituents
2026-05-05 23:21:31 | INFO     | pipeline.parsers.mw | MarketWatchParser: MW-NIFTY-200-19-Mar-2026.csv
2026-05-05 23:21:31 | INFO     | pipeline.parsers.mw | Index name: NIFTY 200
2026-05-05 23:21:31 | INFO     | pipeline.parsers.mw | MarketWatchParser result: 200 constituents
2026-05-05 23:21:31 | INFO     | pipeline.parsers.mw | MarketWatchParser: MW-NIFTY-200-20-Mar-2026.csv
2026-05-05 23:21:31 | INFO     | pipeline.parsers.mw | Index name: NIFTY 200
2026-05-05 23:21:31 | INFO     | pipeline.parsers.mw | MarketWatchParser result: 200 constituents
2026-05-05 23:21:31 | INFO     | pipeline.parsers.mw | MarketWatchParser: MW-NIFTY-200-21-Apr-2026.csv
2026-05-05 23:21:31 | INFO     | pipeline.parsers.mw | Index name: NIFTY 200
2026-05-05 23:21:31 | INFO     | pipeline.parsers.mw | MarketWatchParser result: 200 constituents
2026-05-05 23:21:31 | INFO     | pipeline.parsers.mw | MarketWatchParser: MW-NIFTY-200-22-Apr-2026.csv
2026-05-05 23:21:31 | INFO     | pipeline.parsers.mw | Index name: NIFTY 200
2026-05-05 23:21:31 | INFO     | pipeline.parsers.mw | MarketWatchParser result: 200 constituents
2026-05-05 23:21:31 | INFO     | pipeline.parsers.mw | MarketWatchParser: MW-NIFTY-200-23-Apr-2026.csv
2026-05-05 23:21:31 | INFO     | pipeline.parsers.mw | Index name: NIFTY 200
2026-05-05 23:21:31 | INFO     | pipeline.parsers.mw | MarketWatchParser result: 200 constituents
2026-05-05 23:21:32 | INFO     | pipeline.parsers.mw | MarketWatchParser: MW-NIFTY-200-23-Mar-2026.csv
2026-05-05 23:21:32 | INFO     | pipeline.parsers.mw | Index name: NIFTY 200
2026-05-05 23:21:32 | INFO     | pipeline.parsers.mw | MarketWatchParser result: 200 constituents
2026-05-05 23:21:32 | INFO     | pipeline.parsers.mw | MarketWatchParser: MW-NIFTY-200-24-Apr-2026.csv
2026-05-05 23:21:32 | INFO     | pipeline.parsers.mw | Index name: NIFTY 200
2026-05-05 23:21:32 | INFO     | pipeline.parsers.mw | MarketWatchParser result: 200 constituents
2026-05-05 23:21:32 | INFO     | pipeline.parsers.mw | MarketWatchParser: MW-NIFTY-200-24-Mar-2026.csv
2026-05-05 23:21:32 | INFO     | pipeline.parsers.mw | Index name: NIFTY 200
2026-05-05 23:21:32 | INFO     | pipeline.parsers.mw | MarketWatchParser result: 200 constituents
2026-05-05 23:21:32 | INFO     | pipeline.parsers.mw | MarketWatchParser: MW-NIFTY-200-27-Apr-2026.csv
2026-05-05 23:21:32 | INFO     | pipeline.parsers.mw | Index name: NIFTY 200
2026-05-05 23:21:32 | INFO     | pipeline.parsers.mw | MarketWatchParser result: 200 constituents
2026-05-05 23:21:32 | INFO     | pipeline.parsers.mw | MarketWatchParser: MW-NIFTY-200-27-Mar-2026.csv
2026-05-05 23:21:32 | INFO     | pipeline.parsers.mw | Index name: NIFTY 200
2026-05-05 23:21:32 | INFO     | pipeline.parsers.mw | MarketWatchParser result: 200 constituents
2026-05-05 23:21:32 | INFO     | pipeline.parsers.mw | MarketWatchParser: MW-NIFTY-200-28-Apr-2026.csv
2026-05-05 23:21:32 | INFO     | pipeline.parsers.mw | Index name: NIFTY 200
2026-05-05 23:21:32 | INFO     | pipeline.parsers.mw | MarketWatchParser result: 200 constituents
2026-05-05 23:21:32 | INFO     | pipeline.parsers.mw | MarketWatchParser: MW-NIFTY-200-29-Apr-2026.csv
2026-05-05 23:21:32 | INFO     | pipeline.parsers.mw | Index name: NIFTY 200
2026-05-05 23:21:32 | INFO     | pipeline.parsers.mw | MarketWatchParser result: 200 constituents
2026-05-05 23:21:32 | INFO     | pipeline.parsers.mw | MarketWatchParser: MW-NIFTY-200-30-Mar-2026.csv
2026-05-05 23:21:32 | INFO     | pipeline.parsers.mw | Index name: NIFTY 200
2026-05-05 23:21:32 | INFO     | pipeline.parsers.mw | MarketWatchParser result: 200 constituents
2026-05-05 23:21:32 | INFO     | pipeline.parsers.mw | MarketWatchParser: MW-NIFTY-500-03-Apr-2026.csv
2026-05-05 23:21:32 | INFO     | pipeline.parsers.mw | Index name: NIFTY 500
2026-05-05 23:21:32 | INFO     | pipeline.parsers.mw | MarketWatchParser result: 500 constituents
2026-05-05 23:21:32 | INFO     | pipeline.parsers.mw | MarketWatchParser: MW-NIFTY-500-03-May-2026.csv
2026-05-05 23:21:32 | INFO     | pipeline.parsers.mw | Index name: NIFTY 500
2026-05-05 23:21:32 | INFO     | pipeline.parsers.mw | MarketWatchParser result: 500 constituents
2026-05-05 23:21:32 | INFO     | pipeline.parsers.mw | MarketWatchParser: MW-NIFTY-500-05-May-2026.csv
2026-05-05 23:21:32 | INFO     | pipeline.parsers.mw | Index name: NIFTY 500
2026-05-05 23:21:32 | INFO     | pipeline.parsers.mw | MarketWatchParser result: 500 constituents
2026-05-05 23:21:32 | INFO     | pipeline.parsers.mw | MarketWatchParser: MW-NIFTY-500-06-Apr-2026.csv
2026-05-05 23:21:32 | INFO     | pipeline.parsers.mw | Index name: NIFTY 500
2026-05-05 23:21:32 | INFO     | pipeline.parsers.mw | MarketWatchParser result: 500 constituents
2026-05-05 23:21:32 | INFO     | pipeline.parsers.mw | MarketWatchParser: MW-NIFTY-500-07-Apr-2026.csv
2026-05-05 23:21:32 | INFO     | pipeline.parsers.mw | Index name: NIFTY 500
2026-05-05 23:21:33 | INFO     | pipeline.parsers.mw | MarketWatchParser result: 500 constituents
2026-05-05 23:21:33 | INFO     | pipeline.parsers.mw | MarketWatchParser: MW-NIFTY-500-08-Apr-2026.csv
2026-05-05 23:21:33 | INFO     | pipeline.parsers.mw | Index name: NIFTY 500
2026-05-05 23:21:33 | INFO     | pipeline.parsers.mw | MarketWatchParser result: 500 constituents
2026-05-05 23:21:33 | INFO     | pipeline.parsers.mw | MarketWatchParser: MW-NIFTY-500-09-Apr-2026.csv
2026-05-05 23:21:33 | INFO     | pipeline.parsers.mw | Index name: NIFTY 500
2026-05-05 23:21:33 | INFO     | pipeline.parsers.mw | MarketWatchParser result: 500 constituents
2026-05-05 23:21:33 | INFO     | pipeline.parsers.mw | MarketWatchParser: MW-NIFTY-500-10-Apr-2026.csv
2026-05-05 23:21:33 | INFO     | pipeline.parsers.mw | Index name: NIFTY 500
2026-05-05 23:21:33 | INFO     | pipeline.parsers.mw | MarketWatchParser result: 500 constituents
2026-05-05 23:21:33 | INFO     | pipeline.parsers.mw | MarketWatchParser: MW-NIFTY-500-13-Apr-2026.csv
2026-05-05 23:21:33 | INFO     | pipeline.parsers.mw | Index name: NIFTY 500
2026-05-05 23:21:33 | INFO     | pipeline.parsers.mw | MarketWatchParser result: 500 constituents
2026-05-05 23:21:33 | INFO     | pipeline.parsers.mw | MarketWatchParser: MW-NIFTY-500-15-Apr-2026.csv
2026-05-05 23:21:33 | INFO     | pipeline.parsers.mw | Index name: NIFTY 500
2026-05-05 23:21:33 | INFO     | pipeline.parsers.mw | MarketWatchParser result: 500 constituents
2026-05-05 23:21:33 | INFO     | pipeline.parsers.mw | MarketWatchParser: MW-NIFTY-500-16-Apr-2026.csv
2026-05-05 23:21:33 | INFO     | pipeline.parsers.mw | Index name: NIFTY 500
2026-05-05 23:21:33 | INFO     | pipeline.parsers.mw | MarketWatchParser result: 500 constituents
2026-05-05 23:21:33 | INFO     | pipeline.parsers.mw | MarketWatchParser: MW-NIFTY-500-16-Mar-2026.csv
2026-05-05 23:21:33 | INFO     | pipeline.parsers.mw | Index name: NIFTY 500
2026-05-05 23:21:33 | INFO     | pipeline.parsers.mw | MarketWatchParser result: 500 constituents
2026-05-05 23:21:33 | INFO     | pipeline.parsers.mw | MarketWatchParser: MW-NIFTY-500-17-Apr-2026.csv
2026-05-05 23:21:33 | INFO     | pipeline.parsers.mw | Index name: NIFTY 500
2026-05-05 23:21:33 | INFO     | pipeline.parsers.mw | MarketWatchParser result: 500 constituents
2026-05-05 23:21:33 | INFO     | pipeline.parsers.mw | MarketWatchParser: MW-NIFTY-500-17-Mar-2026.csv
2026-05-05 23:21:33 | INFO     | pipeline.parsers.mw | Index name: NIFTY 500
2026-05-05 23:21:33 | INFO     | pipeline.parsers.mw | MarketWatchParser result: 500 constituents
2026-05-05 23:21:33 | INFO     | pipeline.parsers.mw | MarketWatchParser: MW-NIFTY-500-18-Mar-2026.csv
2026-05-05 23:21:33 | INFO     | pipeline.parsers.mw | Index name: NIFTY 500
2026-05-05 23:21:33 | INFO     | pipeline.parsers.mw | MarketWatchParser result: 500 constituents
2026-05-05 23:21:34 | INFO     | pipeline.parsers.mw | MarketWatchParser: MW-NIFTY-500-19-Mar-2026.csv
2026-05-05 23:21:34 | INFO     | pipeline.parsers.mw | Index name: NIFTY 500
2026-05-05 23:21:34 | INFO     | pipeline.parsers.mw | MarketWatchParser result: 500 constituents
2026-05-05 23:21:34 | INFO     | pipeline.parsers.mw | MarketWatchParser: MW-NIFTY-500-20-Mar-2026.csv
2026-05-05 23:21:34 | INFO     | pipeline.parsers.mw | Index name: NIFTY 500
2026-05-05 23:21:34 | INFO     | pipeline.parsers.mw | MarketWatchParser result: 500 constituents
2026-05-05 23:21:34 | INFO     | pipeline.parsers.mw | MarketWatchParser: MW-NIFTY-500-21-Apr-2026.csv
2026-05-05 23:21:34 | INFO     | pipeline.parsers.mw | Index name: NIFTY 500
2026-05-05 23:21:34 | INFO     | pipeline.parsers.mw | MarketWatchParser result: 500 constituents
2026-05-05 23:21:34 | INFO     | pipeline.parsers.mw | MarketWatchParser: MW-NIFTY-500-22-Apr-2026.csv
2026-05-05 23:21:34 | INFO     | pipeline.parsers.mw | Index name: NIFTY 500
2026-05-05 23:21:34 | INFO     | pipeline.parsers.mw | MarketWatchParser result: 500 constituents
2026-05-05 23:21:34 | INFO     | pipeline.parsers.mw | MarketWatchParser: MW-NIFTY-500-23-Apr-2026.csv
2026-05-05 23:21:34 | INFO     | pipeline.parsers.mw | Index name: NIFTY 500
2026-05-05 23:21:34 | INFO     | pipeline.parsers.mw | MarketWatchParser result: 500 constituents
2026-05-05 23:21:34 | INFO     | pipeline.parsers.mw | MarketWatchParser: MW-NIFTY-500-23-Mar-2026.csv
2026-05-05 23:21:34 | INFO     | pipeline.parsers.mw | Index name: NIFTY 500
2026-05-05 23:21:34 | INFO     | pipeline.parsers.mw | MarketWatchParser result: 500 constituents
2026-05-05 23:21:34 | INFO     | pipeline.parsers.mw | MarketWatchParser: MW-NIFTY-500-24-Apr-2026.csv
2026-05-05 23:21:34 | INFO     | pipeline.parsers.mw | Index name: NIFTY 500
2026-05-05 23:21:34 | INFO     | pipeline.parsers.mw | MarketWatchParser result: 500 constituents
2026-05-05 23:21:34 | INFO     | pipeline.parsers.mw | MarketWatchParser: MW-NIFTY-500-24-Mar-2026.csv
2026-05-05 23:21:34 | INFO     | pipeline.parsers.mw | Index name: NIFTY 500
2026-05-05 23:21:34 | INFO     | pipeline.parsers.mw | MarketWatchParser result: 500 constituents
2026-05-05 23:21:34 | INFO     | pipeline.parsers.mw | MarketWatchParser: MW-NIFTY-500-27-Apr-2026.csv
2026-05-05 23:21:34 | INFO     | pipeline.parsers.mw | Index name: NIFTY 500
2026-05-05 23:21:34 | INFO     | pipeline.parsers.mw | MarketWatchParser result: 500 constituents
2026-05-05 23:21:34 | INFO     | pipeline.parsers.mw | MarketWatchParser: MW-NIFTY-500-27-Mar-2026.csv
2026-05-05 23:21:34 | INFO     | pipeline.parsers.mw | Index name: NIFTY 500
2026-05-05 23:21:34 | INFO     | pipeline.parsers.mw | MarketWatchParser result: 500 constituents
2026-05-05 23:21:35 | INFO     | pipeline.parsers.mw | MarketWatchParser: MW-NIFTY-500-28-Apr-2026.csv
2026-05-05 23:21:35 | INFO     | pipeline.parsers.mw | Index name: NIFTY 500
2026-05-05 23:21:35 | INFO     | pipeline.parsers.mw | MarketWatchParser result: 500 constituents
2026-05-05 23:21:35 | INFO     | pipeline.parsers.mw | MarketWatchParser: MW-NIFTY-500-29-Apr-2026.csv
2026-05-05 23:21:35 | INFO     | pipeline.parsers.mw | Index name: NIFTY 500
2026-05-05 23:21:35 | INFO     | pipeline.parsers.mw | MarketWatchParser result: 500 constituents
2026-05-05 23:21:35 | INFO     | pipeline.parsers.mw | MarketWatchParser: MW-NIFTY-500-30-Mar-2026.csv
2026-05-05 23:21:35 | INFO     | pipeline.parsers.mw | Index name: NIFTY 500
2026-05-05 23:21:35 | INFO     | pipeline.parsers.mw | MarketWatchParser result: 500 constituents
2026-05-05 23:21:35 | INFO     | pipeline.parsers.mw | MarketWatchParser: MW-NIFTY-INDIA-FPI-150-03-Apr-2026.csv
2026-05-05 23:21:35 | INFO     | pipeline.parsers.mw | Index name: NIFTY INDIA FPI 150
2026-05-05 23:21:35 | INFO     | pipeline.parsers.mw | MarketWatchParser result: 150 constituents
2026-05-05 23:21:35 | INFO     | pipeline.parsers.mw | MarketWatchParser: MW-NIFTY-INDIA-FPI-150-06-Apr-2026.csv
2026-05-05 23:21:35 | INFO     | pipeline.parsers.mw | Index name: NIFTY INDIA FPI 150
2026-05-05 23:21:35 | INFO     | pipeline.parsers.mw | MarketWatchParser result: 150 constituents
2026-05-05 23:21:35 | INFO     | pipeline.parsers.mw | MarketWatchParser: MW-NIFTY-INDIA-FPI-150-07-Apr-2026.csv
2026-05-05 23:21:35 | INFO     | pipeline.parsers.mw | Index name: NIFTY INDIA FPI 150
2026-05-05 23:21:35 | INFO     | pipeline.parsers.mw | MarketWatchParser result: 150 constituents
2026-05-05 23:21:35 | INFO     | pipeline.parsers.mw | MarketWatchParser: MW-NIFTY-INDIA-FPI-150-08-Apr-2026.csv
2026-05-05 23:21:35 | INFO     | pipeline.parsers.mw | Index name: NIFTY INDIA FPI 150
2026-05-05 23:21:35 | INFO     | pipeline.parsers.mw | MarketWatchParser result: 150 constituents
2026-05-05 23:21:35 | INFO     | pipeline.parsers.mw | MarketWatchParser: MW-NIFTY-INDIA-FPI-150-09-Apr-2026.csv
2026-05-05 23:21:35 | INFO     | pipeline.parsers.mw | Index name: NIFTY INDIA FPI 150
2026-05-05 23:21:35 | INFO     | pipeline.parsers.mw | MarketWatchParser result: 150 constituents
2026-05-05 23:21:35 | INFO     | pipeline.parsers.mw | MarketWatchParser: MW-NIFTY-INDIA-FPI-150-10-Apr-2026.csv
2026-05-05 23:21:35 | INFO     | pipeline.parsers.mw | Index name: NIFTY INDIA FPI 150
2026-05-05 23:21:35 | INFO     | pipeline.parsers.mw | MarketWatchParser result: 150 constituents
2026-05-05 23:21:35 | INFO     | pipeline.parsers.mw | MarketWatchParser: MW-NIFTY-INDIA-FPI-150-13-Apr-2026.csv
2026-05-05 23:21:35 | INFO     | pipeline.parsers.mw | Index name: NIFTY INDIA FPI 150
2026-05-05 23:21:35 | INFO     | pipeline.parsers.mw | MarketWatchParser result: 150 constituents
2026-05-05 23:21:35 | INFO     | pipeline.parsers.mw | MarketWatchParser: MW-NIFTY-INDIA-FPI-150-15-Apr-2026.csv
2026-05-05 23:21:35 | INFO     | pipeline.parsers.mw | Index name: NIFTY INDIA FPI 150
2026-05-05 23:21:35 | INFO     | pipeline.parsers.mw | MarketWatchParser result: 150 constituents
2026-05-05 23:21:35 | INFO     | pipeline.parsers.mw | MarketWatchParser: MW-NIFTY-INDIA-FPI-150-16-Apr-2026.csv
2026-05-05 23:21:35 | INFO     | pipeline.parsers.mw | Index name: NIFTY INDIA FPI 150
2026-05-05 23:21:35 | INFO     | pipeline.parsers.mw | MarketWatchParser result: 150 constituents
2026-05-05 23:21:35 | INFO     | pipeline.parsers.mw | MarketWatchParser: MW-NIFTY-INDIA-FPI-150-17-Apr-2026.csv
2026-05-05 23:21:35 | INFO     | pipeline.parsers.mw | Index name: NIFTY INDIA FPI 150
2026-05-05 23:21:35 | INFO     | pipeline.parsers.mw | MarketWatchParser result: 150 constituents
2026-05-05 23:21:35 | INFO     | pipeline.parsers.mw | MarketWatchParser: MW-NIFTY-INDIA-FPI-150-17-Mar-2026.csv
2026-05-05 23:21:35 | INFO     | pipeline.parsers.mw | Index name: NIFTY INDIA FPI 150
2026-05-05 23:21:35 | INFO     | pipeline.parsers.mw | MarketWatchParser result: 150 constituents
2026-05-05 23:21:35 | INFO     | pipeline.parsers.mw | MarketWatchParser: MW-NIFTY-INDIA-FPI-150-18-Mar-2026.csv
2026-05-05 23:21:35 | INFO     | pipeline.parsers.mw | Index name: NIFTY INDIA FPI 150
2026-05-05 23:21:36 | INFO     | pipeline.parsers.mw | MarketWatchParser result: 150 constituents
2026-05-05 23:21:36 | INFO     | pipeline.parsers.mw | MarketWatchParser: MW-NIFTY-INDIA-FPI-150-19-Mar-2026.csv
2026-05-05 23:21:36 | INFO     | pipeline.parsers.mw | Index name: NIFTY INDIA FPI 150
2026-05-05 23:21:36 | INFO     | pipeline.parsers.mw | MarketWatchParser result: 150 constituents
2026-05-05 23:21:36 | INFO     | pipeline.parsers.mw | MarketWatchParser: MW-NIFTY-INDIA-FPI-150-20-Mar-2026.csv
2026-05-05 23:21:36 | INFO     | pipeline.parsers.mw | Index name: NIFTY INDIA FPI 150
2026-05-05 23:21:36 | INFO     | pipeline.parsers.mw | MarketWatchParser result: 150 constituents
2026-05-05 23:21:36 | INFO     | pipeline.parsers.mw | MarketWatchParser: MW-NIFTY-INDIA-FPI-150-21-Apr-2026.csv
2026-05-05 23:21:36 | INFO     | pipeline.parsers.mw | Index name: NIFTY INDIA FPI 150
2026-05-05 23:21:36 | INFO     | pipeline.parsers.mw | MarketWatchParser result: 150 constituents
2026-05-05 23:21:36 | INFO     | pipeline.parsers.mw | MarketWatchParser: MW-NIFTY-INDIA-FPI-150-22-Apr-2026.csv
2026-05-05 23:21:36 | INFO     | pipeline.parsers.mw | Index name: NIFTY INDIA FPI 150
2026-05-05 23:21:36 | INFO     | pipeline.parsers.mw | MarketWatchParser result: 150 constituents
2026-05-05 23:21:36 | INFO     | pipeline.parsers.mw | MarketWatchParser: MW-NIFTY-INDIA-FPI-150-23-Apr-2026.csv
2026-05-05 23:21:36 | INFO     | pipeline.parsers.mw | Index name: NIFTY INDIA FPI 150
2026-05-05 23:21:36 | INFO     | pipeline.parsers.mw | MarketWatchParser result: 150 constituents
2026-05-05 23:21:36 | INFO     | pipeline.parsers.mw | MarketWatchParser: MW-NIFTY-INDIA-FPI-150-23-Mar-2026.csv
2026-05-05 23:21:36 | INFO     | pipeline.parsers.mw | Index name: NIFTY INDIA FPI 150
2026-05-05 23:21:36 | INFO     | pipeline.parsers.mw | MarketWatchParser result: 150 constituents
2026-05-05 23:21:36 | INFO     | pipeline.parsers.mw | MarketWatchParser: MW-NIFTY-INDIA-FPI-150-24-Apr-2026.csv
2026-05-05 23:21:36 | INFO     | pipeline.parsers.mw | Index name: NIFTY INDIA FPI 150
2026-05-05 23:21:36 | INFO     | pipeline.parsers.mw | MarketWatchParser result: 150 constituents
2026-05-05 23:21:36 | INFO     | pipeline.parsers.mw | MarketWatchParser: MW-NIFTY-INDIA-FPI-150-24-Mar-2026.csv
2026-05-05 23:21:36 | INFO     | pipeline.parsers.mw | Index name: NIFTY INDIA FPI 150
2026-05-05 23:21:36 | INFO     | pipeline.parsers.mw | MarketWatchParser result: 150 constituents
2026-05-05 23:21:36 | INFO     | pipeline.parsers.mw | MarketWatchParser: MW-NIFTY-INDIA-FPI-150-27-Apr-2026.csv
2026-05-05 23:21:36 | INFO     | pipeline.parsers.mw | Index name: NIFTY INDIA FPI 150
2026-05-05 23:21:36 | INFO     | pipeline.parsers.mw | MarketWatchParser result: 150 constituents
2026-05-05 23:21:36 | INFO     | pipeline.parsers.mw | MarketWatchParser: MW-NIFTY-INDIA-FPI-150-27-Mar-2026.csv
2026-05-05 23:21:36 | INFO     | pipeline.parsers.mw | Index name: NIFTY INDIA FPI 150
2026-05-05 23:21:36 | INFO     | pipeline.parsers.mw | MarketWatchParser result: 150 constituents
2026-05-05 23:21:36 | INFO     | pipeline.parsers.mw | MarketWatchParser: MW-NIFTY-INDIA-FPI-150-28-Apr-2026.csv
2026-05-05 23:21:36 | INFO     | pipeline.parsers.mw | Index name: NIFTY INDIA FPI 150
2026-05-05 23:21:36 | INFO     | pipeline.parsers.mw | MarketWatchParser result: 150 constituents
2026-05-05 23:21:36 | INFO     | pipeline.parsers.mw | MarketWatchParser: MW-NIFTY-INDIA-FPI-150-29-Apr-2026.csv
2026-05-05 23:21:36 | INFO     | pipeline.parsers.mw | Index name: NIFTY INDIA FPI 150
2026-05-05 23:21:36 | INFO     | pipeline.parsers.mw | MarketWatchParser result: 150 constituents
2026-05-05 23:21:36 | INFO     | pipeline.parsers.mw | MarketWatchParser: MW-NIFTY-INDIA-FPI-150-30-Mar-2026.csv
2026-05-05 23:21:36 | INFO     | pipeline.parsers.mw | Index name: NIFTY INDIA FPI 150
2026-05-05 23:21:36 | INFO     | pipeline.parsers.mw | MarketWatchParser result: 150 constituents
2026-05-05 23:21:36 | INFO     | pipeline.parsers.mw | MarketWatchParser: MW-NIFTY-LARGEMIDCAP-250-03-Apr-2026.csv
2026-05-05 23:21:36 | INFO     | pipeline.parsers.mw | Index name: NIFTY LARGEMIDCAP 250
2026-05-05 23:21:36 | INFO     | pipeline.parsers.mw | MarketWatchParser result: 250 constituents
2026-05-05 23:21:36 | INFO     | pipeline.parsers.mw | MarketWatchParser: MW-NIFTY-LARGEMIDCAP-250-06-Apr-2026.csv
2026-05-05 23:21:36 | INFO     | pipeline.parsers.mw | Index name: NIFTY LARGEMIDCAP 250
2026-05-05 23:21:37 | INFO     | pipeline.parsers.mw | MarketWatchParser result: 250 constituents
2026-05-05 23:21:37 | INFO     | pipeline.parsers.mw | MarketWatchParser: MW-NIFTY-LARGEMIDCAP-250-07-Apr-2026.csv
2026-05-05 23:21:37 | INFO     | pipeline.parsers.mw | Index name: NIFTY LARGEMIDCAP 250
2026-05-05 23:21:37 | INFO     | pipeline.parsers.mw | MarketWatchParser result: 250 constituents
2026-05-05 23:21:37 | INFO     | pipeline.parsers.mw | MarketWatchParser: MW-NIFTY-LARGEMIDCAP-250-08-Apr-2026.csv
2026-05-05 23:21:37 | INFO     | pipeline.parsers.mw | Index name: NIFTY LARGEMIDCAP 250
2026-05-05 23:21:37 | INFO     | pipeline.parsers.mw | MarketWatchParser result: 250 constituents
2026-05-05 23:21:37 | INFO     | pipeline.parsers.mw | MarketWatchParser: MW-NIFTY-LARGEMIDCAP-250-09-Apr-2026.csv
2026-05-05 23:21:37 | INFO     | pipeline.parsers.mw | Index name: NIFTY LARGEMIDCAP 250
2026-05-05 23:21:37 | INFO     | pipeline.parsers.mw | MarketWatchParser result: 250 constituents
2026-05-05 23:21:37 | INFO     | pipeline.parsers.mw | MarketWatchParser: MW-NIFTY-LARGEMIDCAP-250-10-Apr-2026.csv
2026-05-05 23:21:37 | INFO     | pipeline.parsers.mw | Index name: NIFTY LARGEMIDCAP 250
2026-05-05 23:21:37 | INFO     | pipeline.parsers.mw | MarketWatchParser result: 250 constituents
2026-05-05 23:21:37 | INFO     | pipeline.parsers.mw | MarketWatchParser: MW-NIFTY-LARGEMIDCAP-250-13-Apr-2026.csv
2026-05-05 23:21:37 | INFO     | pipeline.parsers.mw | Index name: NIFTY LARGEMIDCAP 250
2026-05-05 23:21:37 | INFO     | pipeline.parsers.mw | MarketWatchParser result: 250 constituents
2026-05-05 23:21:37 | INFO     | pipeline.parsers.mw | MarketWatchParser: MW-NIFTY-LARGEMIDCAP-250-15-Apr-2026.csv
2026-05-05 23:21:37 | INFO     | pipeline.parsers.mw | Index name: NIFTY LARGEMIDCAP 250
2026-05-05 23:21:37 | INFO     | pipeline.parsers.mw | MarketWatchParser result: 250 constituents
2026-05-05 23:21:37 | INFO     | pipeline.parsers.mw | MarketWatchParser: MW-NIFTY-LARGEMIDCAP-250-16-Apr-2026.csv
2026-05-05 23:21:37 | INFO     | pipeline.parsers.mw | Index name: NIFTY LARGEMIDCAP 250
2026-05-05 23:21:37 | INFO     | pipeline.parsers.mw | MarketWatchParser result: 250 constituents
2026-05-05 23:21:37 | INFO     | pipeline.parsers.mw | MarketWatchParser: MW-NIFTY-LARGEMIDCAP-250-17-Apr-2026.csv
2026-05-05 23:21:37 | INFO     | pipeline.parsers.mw | Index name: NIFTY LARGEMIDCAP 250
2026-05-05 23:21:37 | INFO     | pipeline.parsers.mw | MarketWatchParser result: 250 constituents
2026-05-05 23:21:37 | INFO     | pipeline.parsers.mw | MarketWatchParser: MW-NIFTY-LARGEMIDCAP-250-17-Mar-2026.csv
2026-05-05 23:21:37 | INFO     | pipeline.parsers.mw | Index name: NIFTY LARGEMIDCAP 250
2026-05-05 23:21:37 | INFO     | pipeline.parsers.mw | MarketWatchParser result: 250 constituents
2026-05-05 23:21:37 | INFO     | pipeline.parsers.mw | MarketWatchParser: MW-NIFTY-LARGEMIDCAP-250-18-Mar-2026.csv
2026-05-05 23:21:37 | INFO     | pipeline.parsers.mw | Index name: NIFTY LARGEMIDCAP 250
2026-05-05 23:21:37 | INFO     | pipeline.parsers.mw | MarketWatchParser result: 250 constituents
2026-05-05 23:21:37 | INFO     | pipeline.parsers.mw | MarketWatchParser: MW-NIFTY-LARGEMIDCAP-250-19-Mar-2026.csv
2026-05-05 23:21:37 | INFO     | pipeline.parsers.mw | Index name: NIFTY LARGEMIDCAP 250
2026-05-05 23:21:37 | INFO     | pipeline.parsers.mw | MarketWatchParser result: 250 constituents
2026-05-05 23:21:38 | INFO     | pipeline.parsers.mw | MarketWatchParser: MW-NIFTY-LARGEMIDCAP-250-20-Mar-2026.csv
2026-05-05 23:21:38 | INFO     | pipeline.parsers.mw | Index name: NIFTY LARGEMIDCAP 250
2026-05-05 23:21:38 | INFO     | pipeline.parsers.mw | MarketWatchParser result: 250 constituents
2026-05-05 23:21:38 | INFO     | pipeline.parsers.mw | MarketWatchParser: MW-NIFTY-LARGEMIDCAP-250-21-Apr-2026.csv
2026-05-05 23:21:38 | INFO     | pipeline.parsers.mw | Index name: NIFTY LARGEMIDCAP 250
2026-05-05 23:21:38 | INFO     | pipeline.parsers.mw | MarketWatchParser result: 250 constituents
2026-05-05 23:21:38 | INFO     | pipeline.parsers.mw | MarketWatchParser: MW-NIFTY-LARGEMIDCAP-250-22-Apr-2026.csv
2026-05-05 23:21:38 | INFO     | pipeline.parsers.mw | Index name: NIFTY LARGEMIDCAP 250
2026-05-05 23:21:38 | INFO     | pipeline.parsers.mw | MarketWatchParser result: 250 constituents
2026-05-05 23:21:38 | INFO     | pipeline.parsers.mw | MarketWatchParser: MW-NIFTY-LARGEMIDCAP-250-23-Apr-2026.csv
2026-05-05 23:21:38 | INFO     | pipeline.parsers.mw | Index name: NIFTY LARGEMIDCAP 250
2026-05-05 23:21:38 | INFO     | pipeline.parsers.mw | MarketWatchParser result: 250 constituents
2026-05-05 23:21:38 | INFO     | pipeline.parsers.mw | MarketWatchParser: MW-NIFTY-LARGEMIDCAP-250-23-Mar-2026.csv
2026-05-05 23:21:38 | INFO     | pipeline.parsers.mw | Index name: NIFTY LARGEMIDCAP 250
2026-05-05 23:21:38 | INFO     | pipeline.parsers.mw | MarketWatchParser result: 250 constituents
2026-05-05 23:21:38 | INFO     | pipeline.parsers.mw | MarketWatchParser: MW-NIFTY-LARGEMIDCAP-250-24-Apr-2026.csv
2026-05-05 23:21:38 | INFO     | pipeline.parsers.mw | Index name: NIFTY LARGEMIDCAP 250
2026-05-05 23:21:38 | INFO     | pipeline.parsers.mw | MarketWatchParser result: 250 constituents
2026-05-05 23:21:38 | INFO     | pipeline.parsers.mw | MarketWatchParser: MW-NIFTY-LARGEMIDCAP-250-24-Mar-2026.csv
2026-05-05 23:21:38 | INFO     | pipeline.parsers.mw | Index name: NIFTY LARGEMIDCAP 250
2026-05-05 23:21:38 | INFO     | pipeline.parsers.mw | MarketWatchParser result: 250 constituents
2026-05-05 23:21:38 | INFO     | pipeline.parsers.mw | MarketWatchParser: MW-NIFTY-LARGEMIDCAP-250-27-Apr-2026.csv
2026-05-05 23:21:38 | INFO     | pipeline.parsers.mw | Index name: NIFTY LARGEMIDCAP 250
2026-05-05 23:21:38 | INFO     | pipeline.parsers.mw | MarketWatchParser result: 250 constituents
2026-05-05 23:21:38 | INFO     | pipeline.parsers.mw | MarketWatchParser: MW-NIFTY-LARGEMIDCAP-250-27-Mar-2026.csv
2026-05-05 23:21:38 | INFO     | pipeline.parsers.mw | Index name: NIFTY LARGEMIDCAP 250
2026-05-05 23:21:38 | INFO     | pipeline.parsers.mw | MarketWatchParser result: 250 constituents
2026-05-05 23:21:38 | INFO     | pipeline.parsers.mw | MarketWatchParser: MW-NIFTY-LARGEMIDCAP-250-28-Apr-2026.csv
2026-05-05 23:21:38 | INFO     | pipeline.parsers.mw | Index name: NIFTY LARGEMIDCAP 250
2026-05-05 23:21:38 | INFO     | pipeline.parsers.mw | MarketWatchParser result: 250 constituents
2026-05-05 23:21:38 | INFO     | pipeline.parsers.mw | MarketWatchParser: MW-NIFTY-LARGEMIDCAP-250-29-Apr-2026.csv
2026-05-05 23:21:38 | INFO     | pipeline.parsers.mw | Index name: NIFTY LARGEMIDCAP 250
2026-05-05 23:21:38 | INFO     | pipeline.parsers.mw | MarketWatchParser result: 250 constituents
2026-05-05 23:21:38 | INFO     | pipeline.parsers.mw | MarketWatchParser: MW-NIFTY-LARGEMIDCAP-250-30-Mar-2026.csv
2026-05-05 23:21:38 | INFO     | pipeline.parsers.mw | Index name: NIFTY LARGEMIDCAP 250
2026-05-05 23:21:38 | INFO     | pipeline.parsers.mw | MarketWatchParser result: 250 constituents
2026-05-05 23:21:38 | INFO     | pipeline.parsers.mw | MarketWatchParser: MW-NIFTY-MICROCAP-250-03-Apr-2026.csv
2026-05-05 23:21:38 | INFO     | pipeline.parsers.mw | Index name: NIFTY MICROCAP 250
2026-05-05 23:21:38 | INFO     | pipeline.parsers.mw | MarketWatchParser result: 250 constituents
2026-05-05 23:21:38 | INFO     | pipeline.parsers.mw | MarketWatchParser: MW-NIFTY-MICROCAP-250-06-Apr-2026.csv
2026-05-05 23:21:38 | INFO     | pipeline.parsers.mw | Index name: NIFTY MICROCAP 250
2026-05-05 23:21:38 | INFO     | pipeline.parsers.mw | MarketWatchParser result: 250 constituents
2026-05-05 23:21:38 | INFO     | pipeline.parsers.mw | MarketWatchParser: MW-NIFTY-MICROCAP-250-07-Apr-2026.csv
2026-05-05 23:21:38 | INFO     | pipeline.parsers.mw | Index name: NIFTY MICROCAP 250
2026-05-05 23:21:38 | INFO     | pipeline.parsers.mw | MarketWatchParser result: 250 constituents
2026-05-05 23:21:39 | INFO     | pipeline.parsers.mw | MarketWatchParser: MW-NIFTY-MICROCAP-250-08-Apr-2026.csv
2026-05-05 23:21:39 | INFO     | pipeline.parsers.mw | Index name: NIFTY MICROCAP 250
2026-05-05 23:21:39 | INFO     | pipeline.parsers.mw | MarketWatchParser result: 250 constituents
2026-05-05 23:21:39 | INFO     | pipeline.parsers.mw | MarketWatchParser: MW-NIFTY-MICROCAP-250-09-Apr-2026.csv
2026-05-05 23:21:39 | INFO     | pipeline.parsers.mw | Index name: NIFTY MICROCAP 250
2026-05-05 23:21:39 | INFO     | pipeline.parsers.mw | MarketWatchParser result: 250 constituents
2026-05-05 23:21:39 | INFO     | pipeline.parsers.mw | MarketWatchParser: MW-NIFTY-MICROCAP-250-10-Apr-2026.csv
2026-05-05 23:21:39 | INFO     | pipeline.parsers.mw | Index name: NIFTY MICROCAP 250
2026-05-05 23:21:39 | INFO     | pipeline.parsers.mw | MarketWatchParser result: 249 constituents
2026-05-05 23:21:39 | INFO     | pipeline.parsers.mw | MarketWatchParser: MW-NIFTY-MICROCAP-250-13-Apr-2026.csv
2026-05-05 23:21:39 | INFO     | pipeline.parsers.mw | Index name: NIFTY MICROCAP 250
2026-05-05 23:21:39 | INFO     | pipeline.parsers.mw | MarketWatchParser result: 250 constituents
2026-05-05 23:21:39 | INFO     | pipeline.parsers.mw | MarketWatchParser: MW-NIFTY-MICROCAP-250-15-Apr-2026.csv
2026-05-05 23:21:39 | INFO     | pipeline.parsers.mw | Index name: NIFTY MICROCAP 250
2026-05-05 23:21:39 | INFO     | pipeline.parsers.mw | MarketWatchParser result: 249 constituents
2026-05-05 23:21:39 | INFO     | pipeline.parsers.mw | MarketWatchParser: MW-NIFTY-MICROCAP-250-16-Apr-2026.csv
2026-05-05 23:21:39 | INFO     | pipeline.parsers.mw | Index name: NIFTY MICROCAP 250
2026-05-05 23:21:39 | INFO     | pipeline.parsers.mw | MarketWatchParser result: 249 constituents
2026-05-05 23:21:39 | INFO     | pipeline.parsers.mw | MarketWatchParser: MW-NIFTY-MICROCAP-250-17-Apr-2026.csv
2026-05-05 23:21:39 | INFO     | pipeline.parsers.mw | Index name: NIFTY MICROCAP 250
2026-05-05 23:21:39 | INFO     | pipeline.parsers.mw | MarketWatchParser result: 249 constituents
2026-05-05 23:21:39 | INFO     | pipeline.parsers.mw | MarketWatchParser: MW-NIFTY-MICROCAP-250-17-Mar-2026.csv
2026-05-05 23:21:39 | INFO     | pipeline.parsers.mw | Index name: NIFTY MICROCAP 250
2026-05-05 23:21:39 | INFO     | pipeline.parsers.mw | MarketWatchParser result: 250 constituents
2026-05-05 23:21:39 | INFO     | pipeline.parsers.mw | MarketWatchParser: MW-NIFTY-MICROCAP-250-18-Mar-2026.csv
2026-05-05 23:21:39 | INFO     | pipeline.parsers.mw | Index name: NIFTY MICROCAP 250
2026-05-05 23:21:39 | INFO     | pipeline.parsers.mw | MarketWatchParser result: 250 constituents
2026-05-05 23:21:39 | INFO     | pipeline.parsers.mw | MarketWatchParser: MW-NIFTY-MICROCAP-250-19-Mar-2026.csv
2026-05-05 23:21:39 | INFO     | pipeline.parsers.mw | Index name: NIFTY MICROCAP 250
2026-05-05 23:21:39 | INFO     | pipeline.parsers.mw | MarketWatchParser result: 250 constituents
2026-05-05 23:21:39 | INFO     | pipeline.parsers.mw | MarketWatchParser: MW-NIFTY-MICROCAP-250-20-Mar-2026.csv
2026-05-05 23:21:39 | INFO     | pipeline.parsers.mw | Index name: NIFTY MICROCAP 250
2026-05-05 23:21:39 | INFO     | pipeline.parsers.mw | MarketWatchParser result: 250 constituents
2026-05-05 23:21:39 | INFO     | pipeline.parsers.mw | MarketWatchParser: MW-NIFTY-MICROCAP-250-21-Apr-2026.csv
2026-05-05 23:21:39 | INFO     | pipeline.parsers.mw | Index name: NIFTY MICROCAP 250
2026-05-05 23:21:39 | INFO     | pipeline.parsers.mw | MarketWatchParser result: 249 constituents
2026-05-05 23:21:39 | INFO     | pipeline.parsers.mw | MarketWatchParser: MW-NIFTY-MICROCAP-250-22-Apr-2026.csv
2026-05-05 23:21:39 | INFO     | pipeline.parsers.mw | Index name: NIFTY MICROCAP 250
2026-05-05 23:21:40 | INFO     | pipeline.parsers.mw | MarketWatchParser result: 249 constituents
2026-05-05 23:21:40 | INFO     | pipeline.parsers.mw | MarketWatchParser: MW-NIFTY-MICROCAP-250-23-Apr-2026.csv
2026-05-05 23:21:40 | INFO     | pipeline.parsers.mw | Index name: NIFTY MICROCAP 250
2026-05-05 23:21:40 | INFO     | pipeline.parsers.mw | MarketWatchParser result: 249 constituents
2026-05-05 23:21:40 | INFO     | pipeline.parsers.mw | MarketWatchParser: MW-NIFTY-MICROCAP-250-23-Mar-2026.csv
2026-05-05 23:21:40 | INFO     | pipeline.parsers.mw | Index name: NIFTY MICROCAP 250
2026-05-05 23:21:40 | INFO     | pipeline.parsers.mw | MarketWatchParser result: 250 constituents
2026-05-05 23:21:40 | INFO     | pipeline.parsers.mw | MarketWatchParser: MW-NIFTY-MICROCAP-250-24-Apr-2026.csv
2026-05-05 23:21:40 | INFO     | pipeline.parsers.mw | Index name: NIFTY MICROCAP 250
2026-05-05 23:21:40 | INFO     | pipeline.parsers.mw | MarketWatchParser result: 249 constituents
2026-05-05 23:21:40 | INFO     | pipeline.parsers.mw | MarketWatchParser: MW-NIFTY-MICROCAP-250-24-Mar-2026.csv
2026-05-05 23:21:40 | INFO     | pipeline.parsers.mw | Index name: NIFTY MICROCAP 250
2026-05-05 23:21:40 | INFO     | pipeline.parsers.mw | MarketWatchParser result: 250 constituents
2026-05-05 23:21:40 | INFO     | pipeline.parsers.mw | MarketWatchParser: MW-NIFTY-MICROCAP-250-27-Apr-2026.csv
2026-05-05 23:21:40 | INFO     | pipeline.parsers.mw | Index name: NIFTY MICROCAP 250
2026-05-05 23:21:40 | INFO     | pipeline.parsers.mw | MarketWatchParser result: 250 constituents
2026-05-05 23:21:40 | INFO     | pipeline.parsers.mw | MarketWatchParser: MW-NIFTY-MICROCAP-250-27-Mar-2026.csv
2026-05-05 23:21:40 | INFO     | pipeline.parsers.mw | Index name: NIFTY MICROCAP 250
2026-05-05 23:21:40 | INFO     | pipeline.parsers.mw | MarketWatchParser result: 250 constituents
2026-05-05 23:21:40 | INFO     | pipeline.parsers.mw | MarketWatchParser: MW-NIFTY-MICROCAP-250-28-Apr-2026.csv
2026-05-05 23:21:40 | INFO     | pipeline.parsers.mw | Index name: NIFTY MICROCAP 250
2026-05-05 23:21:40 | INFO     | pipeline.parsers.mw | MarketWatchParser result: 249 constituents
2026-05-05 23:21:40 | INFO     | pipeline.parsers.mw | MarketWatchParser: MW-NIFTY-MICROCAP-250-29-Apr-2026.csv
2026-05-05 23:21:40 | INFO     | pipeline.parsers.mw | Index name: NIFTY MICROCAP 250
2026-05-05 23:21:40 | INFO     | pipeline.parsers.mw | MarketWatchParser result: 249 constituents
2026-05-05 23:21:40 | INFO     | pipeline.parsers.mw | MarketWatchParser: MW-NIFTY-MICROCAP-250-30-Mar-2026.csv
2026-05-05 23:21:40 | INFO     | pipeline.parsers.mw | Index name: NIFTY MICROCAP 250
2026-05-05 23:21:40 | INFO     | pipeline.parsers.mw | MarketWatchParser result: 250 constituents
2026-05-05 23:21:40 | INFO     | pipeline.parsers.mw | MarketWatchParser: MW-NIFTY-MIDCAP-100-03-Apr-2026.csv
2026-05-05 23:21:40 | INFO     | pipeline.parsers.mw | Index name: NIFTY MIDCAP 100
2026-05-05 23:21:40 | INFO     | pipeline.parsers.mw | MarketWatchParser result: 100 constituents
2026-05-05 23:21:40 | INFO     | pipeline.parsers.mw | MarketWatchParser: MW-NIFTY-MIDCAP-100-06-Apr-2026.csv
2026-05-05 23:21:40 | INFO     | pipeline.parsers.mw | Index name: NIFTY MIDCAP 100
2026-05-05 23:21:40 | INFO     | pipeline.parsers.mw | MarketWatchParser result: 100 constituents
2026-05-05 23:21:40 | INFO     | pipeline.parsers.mw | MarketWatchParser: MW-NIFTY-MIDCAP-100-07-Apr-2026.csv
2026-05-05 23:21:40 | INFO     | pipeline.parsers.mw | Index name: NIFTY MIDCAP 100
2026-05-05 23:21:40 | INFO     | pipeline.parsers.mw | MarketWatchParser result: 100 constituents
2026-05-05 23:21:40 | INFO     | pipeline.parsers.mw | MarketWatchParser: MW-NIFTY-MIDCAP-100-08-Apr-2026.csv
2026-05-05 23:21:40 | INFO     | pipeline.parsers.mw | Index name: NIFTY MIDCAP 100
2026-05-05 23:21:40 | INFO     | pipeline.parsers.mw | MarketWatchParser result: 100 constituents
2026-05-05 23:21:40 | INFO     | pipeline.parsers.mw | MarketWatchParser: MW-NIFTY-MIDCAP-100-09-Apr-2026.csv
2026-05-05 23:21:40 | INFO     | pipeline.parsers.mw | Index name: NIFTY MIDCAP 100
2026-05-05 23:21:40 | INFO     | pipeline.parsers.mw | MarketWatchParser result: 100 constituents
2026-05-05 23:21:40 | INFO     | pipeline.parsers.mw | MarketWatchParser: MW-NIFTY-MIDCAP-100-10-Apr-2026.csv
2026-05-05 23:21:40 | INFO     | pipeline.parsers.mw | Index name: NIFTY MIDCAP 100
2026-05-05 23:21:40 | INFO     | pipeline.parsers.mw | MarketWatchParser result: 100 constituents
2026-05-05 23:21:40 | INFO     | pipeline.parsers.mw | MarketWatchParser: MW-NIFTY-MIDCAP-100-13-Apr-2026.csv
2026-05-05 23:21:40 | INFO     | pipeline.parsers.mw | Index name: NIFTY MIDCAP 100
2026-05-05 23:21:40 | INFO     | pipeline.parsers.mw | MarketWatchParser result: 100 constituents
2026-05-05 23:21:41 | INFO     | pipeline.parsers.mw | MarketWatchParser: MW-NIFTY-MIDCAP-100-15-Apr-2026.csv
2026-05-05 23:21:41 | INFO     | pipeline.parsers.mw | Index name: NIFTY MIDCAP 100
2026-05-05 23:21:41 | INFO     | pipeline.parsers.mw | MarketWatchParser result: 100 constituents
2026-05-05 23:21:41 | INFO     | pipeline.parsers.mw | MarketWatchParser: MW-NIFTY-MIDCAP-100-16-Apr-2026.csv
2026-05-05 23:21:41 | INFO     | pipeline.parsers.mw | Index name: NIFTY MIDCAP 100
2026-05-05 23:21:41 | INFO     | pipeline.parsers.mw | MarketWatchParser result: 100 constituents
2026-05-05 23:21:41 | INFO     | pipeline.parsers.mw | MarketWatchParser: MW-NIFTY-MIDCAP-100-17-Apr-2026.csv
2026-05-05 23:21:41 | INFO     | pipeline.parsers.mw | Index name: NIFTY MIDCAP 100
2026-05-05 23:21:41 | INFO     | pipeline.parsers.mw | MarketWatchParser result: 100 constituents
2026-05-05 23:21:41 | INFO     | pipeline.parsers.mw | MarketWatchParser: MW-NIFTY-MIDCAP-100-21-Apr-2026.csv
2026-05-05 23:21:41 | INFO     | pipeline.parsers.mw | Index name: NIFTY MIDCAP 100
2026-05-05 23:21:41 | INFO     | pipeline.parsers.mw | MarketWatchParser result: 100 constituents
2026-05-05 23:21:41 | INFO     | pipeline.parsers.mw | MarketWatchParser: MW-NIFTY-MIDCAP-100-22-Apr-2026.csv
2026-05-05 23:21:41 | INFO     | pipeline.parsers.mw | Index name: NIFTY MIDCAP 100
2026-05-05 23:21:41 | INFO     | pipeline.parsers.mw | MarketWatchParser result: 100 constituents
2026-05-05 23:21:41 | INFO     | pipeline.parsers.mw | MarketWatchParser: MW-NIFTY-MIDCAP-100-23-Apr-2026.csv
2026-05-05 23:21:41 | INFO     | pipeline.parsers.mw | Index name: NIFTY MIDCAP 100
2026-05-05 23:21:41 | INFO     | pipeline.parsers.mw | MarketWatchParser result: 100 constituents
2026-05-05 23:21:41 | INFO     | pipeline.parsers.mw | MarketWatchParser: MW-NIFTY-MIDCAP-100-23-Mar-2026.csv
2026-05-05 23:21:41 | INFO     | pipeline.parsers.mw | Index name: NIFTY MIDCAP 100
2026-05-05 23:21:41 | INFO     | pipeline.parsers.mw | MarketWatchParser result: 100 constituents
2026-05-05 23:21:41 | INFO     | pipeline.parsers.mw | MarketWatchParser: MW-NIFTY-MIDCAP-100-24-Apr-2026.csv
2026-05-05 23:21:41 | INFO     | pipeline.parsers.mw | Index name: NIFTY MIDCAP 100
2026-05-05 23:21:41 | INFO     | pipeline.parsers.mw | MarketWatchParser result: 100 constituents
2026-05-05 23:21:41 | INFO     | pipeline.parsers.mw | MarketWatchParser: MW-NIFTY-MIDCAP-100-24-Mar-2026.csv
2026-05-05 23:21:41 | INFO     | pipeline.parsers.mw | Index name: NIFTY MIDCAP 100
2026-05-05 23:21:41 | INFO     | pipeline.parsers.mw | MarketWatchParser result: 100 constituents
2026-05-05 23:21:41 | INFO     | pipeline.parsers.mw | MarketWatchParser: MW-NIFTY-MIDCAP-100-27-Apr-2026.csv
2026-05-05 23:21:41 | INFO     | pipeline.parsers.mw | Index name: NIFTY MIDCAP 100
2026-05-05 23:21:41 | INFO     | pipeline.parsers.mw | MarketWatchParser result: 100 constituents
2026-05-05 23:21:41 | INFO     | pipeline.parsers.mw | MarketWatchParser: MW-NIFTY-MIDCAP-100-27-Mar-2026.csv
2026-05-05 23:21:41 | INFO     | pipeline.parsers.mw | Index name: NIFTY MIDCAP 100
2026-05-05 23:21:41 | INFO     | pipeline.parsers.mw | MarketWatchParser result: 100 constituents
2026-05-05 23:21:41 | INFO     | pipeline.parsers.mw | MarketWatchParser: MW-NIFTY-MIDCAP-100-28-Apr-2026.csv
2026-05-05 23:21:41 | INFO     | pipeline.parsers.mw | Index name: NIFTY MIDCAP 100
2026-05-05 23:21:41 | INFO     | pipeline.parsers.mw | MarketWatchParser result: 100 constituents
2026-05-05 23:21:41 | INFO     | pipeline.parsers.mw | MarketWatchParser: MW-NIFTY-MIDCAP-100-29-Apr-2026.csv
2026-05-05 23:21:41 | INFO     | pipeline.parsers.mw | Index name: NIFTY MIDCAP 100
2026-05-05 23:21:41 | INFO     | pipeline.parsers.mw | MarketWatchParser result: 100 constituents
2026-05-05 23:21:41 | INFO     | pipeline.parsers.mw | MarketWatchParser: MW-NIFTY-MIDCAP-100-30-Mar-2026.csv
2026-05-05 23:21:41 | INFO     | pipeline.parsers.mw | Index name: NIFTY MIDCAP 100
2026-05-05 23:21:41 | INFO     | pipeline.parsers.mw | MarketWatchParser result: 100 constituents
2026-05-05 23:21:41 | INFO     | pipeline.parsers.mw | MarketWatchParser: MW-NIFTY-MIDCAP-150-03-Apr-2026.csv
2026-05-05 23:21:41 | INFO     | pipeline.parsers.mw | Index name: NIFTY MIDCAP 150
2026-05-05 23:21:41 | INFO     | pipeline.parsers.mw | MarketWatchParser result: 150 constituents
2026-05-05 23:21:41 | INFO     | pipeline.parsers.mw | MarketWatchParser: MW-NIFTY-MIDCAP-150-06-Apr-2026.csv
2026-05-05 23:21:41 | INFO     | pipeline.parsers.mw | Index name: NIFTY MIDCAP 150
2026-05-05 23:21:41 | INFO     | pipeline.parsers.mw | MarketWatchParser result: 150 constituents
2026-05-05 23:21:41 | INFO     | pipeline.parsers.mw | MarketWatchParser: MW-NIFTY-MIDCAP-150-07-Apr-2026.csv
2026-05-05 23:21:41 | INFO     | pipeline.parsers.mw | Index name: NIFTY MIDCAP 150
2026-05-05 23:21:41 | INFO     | pipeline.parsers.mw | MarketWatchParser result: 150 constituents
2026-05-05 23:21:42 | INFO     | pipeline.parsers.mw | MarketWatchParser: MW-NIFTY-MIDCAP-150-08-Apr-2026.csv
2026-05-05 23:21:42 | INFO     | pipeline.parsers.mw | Index name: NIFTY MIDCAP 150
2026-05-05 23:21:42 | INFO     | pipeline.parsers.mw | MarketWatchParser result: 150 constituents
2026-05-05 23:21:42 | INFO     | pipeline.parsers.mw | MarketWatchParser: MW-NIFTY-MIDCAP-150-09-Apr-2026.csv
2026-05-05 23:21:42 | INFO     | pipeline.parsers.mw | Index name: NIFTY MIDCAP 150
2026-05-05 23:21:42 | INFO     | pipeline.parsers.mw | MarketWatchParser result: 150 constituents
2026-05-05 23:21:42 | INFO     | pipeline.parsers.mw | MarketWatchParser: MW-NIFTY-MIDCAP-150-10-Apr-2026.csv
2026-05-05 23:21:42 | INFO     | pipeline.parsers.mw | Index name: NIFTY MIDCAP 150
2026-05-05 23:21:42 | INFO     | pipeline.parsers.mw | MarketWatchParser result: 150 constituents
2026-05-05 23:21:42 | INFO     | pipeline.parsers.mw | MarketWatchParser: MW-NIFTY-MIDCAP-150-13-Apr-2026.csv
2026-05-05 23:21:42 | INFO     | pipeline.parsers.mw | Index name: NIFTY MIDCAP 150
2026-05-05 23:21:42 | INFO     | pipeline.parsers.mw | MarketWatchParser result: 150 constituents
2026-05-05 23:21:42 | INFO     | pipeline.parsers.mw | MarketWatchParser: MW-NIFTY-MIDCAP-150-15-Apr-2026.csv
2026-05-05 23:21:42 | INFO     | pipeline.parsers.mw | Index name: NIFTY MIDCAP 150
2026-05-05 23:21:42 | INFO     | pipeline.parsers.mw | MarketWatchParser result: 150 constituents
2026-05-05 23:21:42 | INFO     | pipeline.parsers.mw | MarketWatchParser: MW-NIFTY-MIDCAP-150-16-Apr-2026.csv
2026-05-05 23:21:42 | INFO     | pipeline.parsers.mw | Index name: NIFTY MIDCAP 150
2026-05-05 23:21:42 | INFO     | pipeline.parsers.mw | MarketWatchParser result: 150 constituents
2026-05-05 23:21:42 | INFO     | pipeline.parsers.mw | MarketWatchParser: MW-NIFTY-MIDCAP-150-17-Apr-2026.csv
2026-05-05 23:21:42 | INFO     | pipeline.parsers.mw | Index name: NIFTY MIDCAP 150
2026-05-05 23:21:42 | INFO     | pipeline.parsers.mw | MarketWatchParser result: 150 constituents
2026-05-05 23:21:42 | INFO     | pipeline.parsers.mw | MarketWatchParser: MW-NIFTY-MIDCAP-150-17-Mar-2026.csv
2026-05-05 23:21:42 | INFO     | pipeline.parsers.mw | Index name: NIFTY MIDCAP 150
2026-05-05 23:21:42 | INFO     | pipeline.parsers.mw | MarketWatchParser result: 150 constituents
2026-05-05 23:21:42 | INFO     | pipeline.parsers.mw | MarketWatchParser: MW-NIFTY-MIDCAP-150-18-Mar-2026.csv
2026-05-05 23:21:42 | INFO     | pipeline.parsers.mw | Index name: NIFTY MIDCAP 150
2026-05-05 23:21:42 | INFO     | pipeline.parsers.mw | MarketWatchParser result: 150 constituents
2026-05-05 23:21:42 | INFO     | pipeline.parsers.mw | MarketWatchParser: MW-NIFTY-MIDCAP-150-19-Mar-2026.csv
2026-05-05 23:21:42 | INFO     | pipeline.parsers.mw | Index name: NIFTY MIDCAP 150
2026-05-05 23:21:42 | INFO     | pipeline.parsers.mw | MarketWatchParser result: 150 constituents
2026-05-05 23:21:42 | INFO     | pipeline.parsers.mw | MarketWatchParser: MW-NIFTY-MIDCAP-150-20-Mar-2026.csv
2026-05-05 23:21:42 | INFO     | pipeline.parsers.mw | Index name: NIFTY MIDCAP 150
2026-05-05 23:21:42 | INFO     | pipeline.parsers.mw | MarketWatchParser result: 150 constituents
2026-05-05 23:21:42 | INFO     | pipeline.parsers.mw | MarketWatchParser: MW-NIFTY-MIDCAP-150-21-Apr-2026.csv
2026-05-05 23:21:42 | INFO     | pipeline.parsers.mw | Index name: NIFTY MIDCAP 150
2026-05-05 23:21:42 | INFO     | pipeline.parsers.mw | MarketWatchParser result: 150 constituents
2026-05-05 23:21:42 | INFO     | pipeline.parsers.mw | MarketWatchParser: MW-NIFTY-MIDCAP-150-22-Apr-2026.csv
2026-05-05 23:21:42 | INFO     | pipeline.parsers.mw | Index name: NIFTY MIDCAP 150
2026-05-05 23:21:42 | INFO     | pipeline.parsers.mw | MarketWatchParser result: 150 constituents
2026-05-05 23:21:42 | INFO     | pipeline.parsers.mw | MarketWatchParser: MW-NIFTY-MIDCAP-150-23-Apr-2026.csv
2026-05-05 23:21:42 | INFO     | pipeline.parsers.mw | Index name: NIFTY MIDCAP 150
2026-05-05 23:21:42 | INFO     | pipeline.parsers.mw | MarketWatchParser result: 150 constituents
2026-05-05 23:21:42 | INFO     | pipeline.parsers.mw | MarketWatchParser: MW-NIFTY-MIDCAP-150-23-Mar-2026.csv
2026-05-05 23:21:42 | INFO     | pipeline.parsers.mw | Index name: NIFTY MIDCAP 150
2026-05-05 23:21:42 | INFO     | pipeline.parsers.mw | MarketWatchParser result: 150 constituents
2026-05-05 23:21:42 | INFO     | pipeline.parsers.mw | MarketWatchParser: MW-NIFTY-MIDCAP-150-24-Apr-2026.csv
2026-05-05 23:21:42 | INFO     | pipeline.parsers.mw | Index name: NIFTY MIDCAP 150
2026-05-05 23:21:42 | INFO     | pipeline.parsers.mw | MarketWatchParser result: 150 constituents
2026-05-05 23:21:42 | INFO     | pipeline.parsers.mw | MarketWatchParser: MW-NIFTY-MIDCAP-150-24-Mar-2026.csv
2026-05-05 23:21:42 | INFO     | pipeline.parsers.mw | Index name: NIFTY MIDCAP 150
2026-05-05 23:21:42 | INFO     | pipeline.parsers.mw | MarketWatchParser result: 150 constituents
2026-05-05 23:21:43 | INFO     | pipeline.parsers.mw | MarketWatchParser: MW-NIFTY-MIDCAP-150-27-Apr-2026.csv
2026-05-05 23:21:43 | INFO     | pipeline.parsers.mw | Index name: NIFTY MIDCAP 150
2026-05-05 23:21:43 | INFO     | pipeline.parsers.mw | MarketWatchParser result: 150 constituents
2026-05-05 23:21:43 | INFO     | pipeline.parsers.mw | MarketWatchParser: MW-NIFTY-MIDCAP-150-27-Mar-2026.csv
2026-05-05 23:21:43 | INFO     | pipeline.parsers.mw | Index name: NIFTY MIDCAP 150
2026-05-05 23:21:43 | INFO     | pipeline.parsers.mw | MarketWatchParser result: 150 constituents
2026-05-05 23:21:43 | INFO     | pipeline.parsers.mw | MarketWatchParser: MW-NIFTY-MIDCAP-150-28-Apr-2026.csv
2026-05-05 23:21:43 | INFO     | pipeline.parsers.mw | Index name: NIFTY MIDCAP 150
2026-05-05 23:21:43 | INFO     | pipeline.parsers.mw | MarketWatchParser result: 150 constituents
2026-05-05 23:21:43 | INFO     | pipeline.parsers.mw | MarketWatchParser: MW-NIFTY-MIDCAP-150-29-Apr-2026.csv
2026-05-05 23:21:43 | INFO     | pipeline.parsers.mw | Index name: NIFTY MIDCAP 150
2026-05-05 23:21:43 | INFO     | pipeline.parsers.mw | MarketWatchParser result: 150 constituents
2026-05-05 23:21:43 | INFO     | pipeline.parsers.mw | MarketWatchParser: MW-NIFTY-MIDCAP-150-30-Mar-2026.csv
2026-05-05 23:21:43 | INFO     | pipeline.parsers.mw | Index name: NIFTY MIDCAP 150
2026-05-05 23:21:43 | INFO     | pipeline.parsers.mw | MarketWatchParser result: 150 constituents
2026-05-05 23:21:43 | INFO     | pipeline.parsers.mw | MarketWatchParser: MW-NIFTY-MIDCAP-50-03-Apr-2026.csv
2026-05-05 23:21:43 | INFO     | pipeline.parsers.mw | Index name: NIFTY MIDCAP 50
2026-05-05 23:21:43 | INFO     | pipeline.parsers.mw | MarketWatchParser result: 50 constituents
2026-05-05 23:21:43 | INFO     | pipeline.parsers.mw | MarketWatchParser: MW-NIFTY-MIDCAP-50-06-Apr-2026.csv
2026-05-05 23:21:43 | INFO     | pipeline.parsers.mw | Index name: NIFTY MIDCAP 50
2026-05-05 23:21:43 | INFO     | pipeline.parsers.mw | MarketWatchParser result: 50 constituents
2026-05-05 23:21:43 | INFO     | pipeline.parsers.mw | MarketWatchParser: MW-NIFTY-MIDCAP-50-07-Apr-2026.csv
2026-05-05 23:21:43 | INFO     | pipeline.parsers.mw | Index name: NIFTY MIDCAP 50
2026-05-05 23:21:43 | INFO     | pipeline.parsers.mw | MarketWatchParser result: 50 constituents
2026-05-05 23:21:43 | INFO     | pipeline.parsers.mw | MarketWatchParser: MW-NIFTY-MIDCAP-50-08-Apr-2026.csv
2026-05-05 23:21:43 | INFO     | pipeline.parsers.mw | Index name: NIFTY MIDCAP 50
2026-05-05 23:21:43 | INFO     | pipeline.parsers.mw | MarketWatchParser result: 50 constituents
2026-05-05 23:21:43 | INFO     | pipeline.parsers.mw | MarketWatchParser: MW-NIFTY-MIDCAP-50-09-Apr-2026.csv
2026-05-05 23:21:43 | INFO     | pipeline.parsers.mw | Index name: NIFTY MIDCAP 50
2026-05-05 23:21:43 | INFO     | pipeline.parsers.mw | MarketWatchParser result: 50 constituents
2026-05-05 23:21:43 | INFO     | pipeline.parsers.mw | MarketWatchParser: MW-NIFTY-MIDCAP-50-10-Apr-2026.csv
2026-05-05 23:21:43 | INFO     | pipeline.parsers.mw | Index name: NIFTY MIDCAP 50
2026-05-05 23:21:43 | INFO     | pipeline.parsers.mw | MarketWatchParser result: 50 constituents
2026-05-05 23:21:43 | INFO     | pipeline.parsers.mw | MarketWatchParser: MW-NIFTY-MIDCAP-50-13-Apr-2026.csv
2026-05-05 23:21:43 | INFO     | pipeline.parsers.mw | Index name: NIFTY MIDCAP 50
2026-05-05 23:21:43 | INFO     | pipeline.parsers.mw | MarketWatchParser result: 50 constituents
2026-05-05 23:21:43 | INFO     | pipeline.parsers.mw | MarketWatchParser: MW-NIFTY-MIDCAP-50-15-Apr-2026.csv
2026-05-05 23:21:43 | INFO     | pipeline.parsers.mw | Index name: NIFTY MIDCAP 50
2026-05-05 23:21:43 | INFO     | pipeline.parsers.mw | MarketWatchParser result: 50 constituents
2026-05-05 23:21:43 | INFO     | pipeline.parsers.mw | MarketWatchParser: MW-NIFTY-MIDCAP-50-16-Apr-2026.csv
2026-05-05 23:21:43 | INFO     | pipeline.parsers.mw | Index name: NIFTY MIDCAP 50
2026-05-05 23:21:43 | INFO     | pipeline.parsers.mw | MarketWatchParser result: 50 constituents
2026-05-05 23:21:43 | INFO     | pipeline.parsers.mw | MarketWatchParser: MW-NIFTY-MIDCAP-50-17-Apr-2026.csv
2026-05-05 23:21:43 | INFO     | pipeline.parsers.mw | Index name: NIFTY MIDCAP 50
2026-05-05 23:21:43 | INFO     | pipeline.parsers.mw | MarketWatchParser result: 50 constituents
2026-05-05 23:21:43 | INFO     | pipeline.parsers.mw | MarketWatchParser: MW-NIFTY-MIDCAP-50-17-Mar-2026.csv
2026-05-05 23:21:43 | INFO     | pipeline.parsers.mw | Index name: NIFTY MIDCAP 50
2026-05-05 23:21:43 | INFO     | pipeline.parsers.mw | MarketWatchParser result: 50 constituents
2026-05-05 23:21:43 | INFO     | pipeline.parsers.mw | MarketWatchParser: MW-NIFTY-MIDCAP-50-18-Mar-2026.csv
2026-05-05 23:21:43 | INFO     | pipeline.parsers.mw | Index name: NIFTY MIDCAP 50
2026-05-05 23:21:43 | INFO     | pipeline.parsers.mw | MarketWatchParser result: 50 constituents
2026-05-05 23:21:43 | INFO     | pipeline.parsers.mw | MarketWatchParser: MW-NIFTY-MIDCAP-50-19-Mar-2026.csv
2026-05-05 23:21:43 | INFO     | pipeline.parsers.mw | Index name: NIFTY MIDCAP 50
2026-05-05 23:21:43 | INFO     | pipeline.parsers.mw | MarketWatchParser result: 50 constituents
2026-05-05 23:21:43 | INFO     | pipeline.parsers.mw | MarketWatchParser: MW-NIFTY-MIDCAP-50-20-Mar-2026.csv
2026-05-05 23:21:43 | INFO     | pipeline.parsers.mw | Index name: NIFTY MIDCAP 50
2026-05-05 23:21:44 | INFO     | pipeline.parsers.mw | MarketWatchParser result: 50 constituents
2026-05-05 23:21:44 | INFO     | pipeline.parsers.mw | MarketWatchParser: MW-NIFTY-MIDCAP-50-21-Apr-2026.csv
2026-05-05 23:21:44 | INFO     | pipeline.parsers.mw | Index name: NIFTY MIDCAP 50
2026-05-05 23:21:44 | INFO     | pipeline.parsers.mw | MarketWatchParser result: 50 constituents
2026-05-05 23:21:44 | INFO     | pipeline.parsers.mw | MarketWatchParser: MW-NIFTY-MIDCAP-50-22-Apr-2026.csv
2026-05-05 23:21:44 | INFO     | pipeline.parsers.mw | Index name: NIFTY MIDCAP 50
2026-05-05 23:21:44 | INFO     | pipeline.parsers.mw | MarketWatchParser result: 50 constituents
2026-05-05 23:21:44 | INFO     | pipeline.parsers.mw | MarketWatchParser: MW-NIFTY-MIDCAP-50-23-Apr-2026.csv
2026-05-05 23:21:44 | INFO     | pipeline.parsers.mw | Index name: NIFTY MIDCAP 50
2026-05-05 23:21:44 | INFO     | pipeline.parsers.mw | MarketWatchParser result: 50 constituents
2026-05-05 23:21:44 | INFO     | pipeline.parsers.mw | MarketWatchParser: MW-NIFTY-MIDCAP-50-23-Mar-2026.csv
2026-05-05 23:21:44 | INFO     | pipeline.parsers.mw | Index name: NIFTY MIDCAP 50
2026-05-05 23:21:44 | INFO     | pipeline.parsers.mw | MarketWatchParser result: 50 constituents
2026-05-05 23:21:44 | INFO     | pipeline.parsers.mw | MarketWatchParser: MW-NIFTY-MIDCAP-50-24-Apr-2026.csv
2026-05-05 23:21:44 | INFO     | pipeline.parsers.mw | Index name: NIFTY MIDCAP 50
2026-05-05 23:21:44 | INFO     | pipeline.parsers.mw | MarketWatchParser result: 50 constituents
2026-05-05 23:21:44 | INFO     | pipeline.parsers.mw | MarketWatchParser: MW-NIFTY-MIDCAP-50-24-Mar-2026.csv
2026-05-05 23:21:44 | INFO     | pipeline.parsers.mw | Index name: NIFTY MIDCAP 50
2026-05-05 23:21:44 | INFO     | pipeline.parsers.mw | MarketWatchParser result: 50 constituents
2026-05-05 23:21:44 | INFO     | pipeline.parsers.mw | MarketWatchParser: MW-NIFTY-MIDCAP-50-27-Apr-2026.csv
2026-05-05 23:21:44 | INFO     | pipeline.parsers.mw | Index name: NIFTY MIDCAP 50
2026-05-05 23:21:44 | INFO     | pipeline.parsers.mw | MarketWatchParser result: 50 constituents
2026-05-05 23:21:44 | INFO     | pipeline.parsers.mw | MarketWatchParser: MW-NIFTY-MIDCAP-50-27-Mar-2026.csv
2026-05-05 23:21:44 | INFO     | pipeline.parsers.mw | Index name: NIFTY MIDCAP 50
2026-05-05 23:21:44 | INFO     | pipeline.parsers.mw | MarketWatchParser result: 50 constituents
2026-05-05 23:21:44 | INFO     | pipeline.parsers.mw | MarketWatchParser: MW-NIFTY-MIDCAP-50-28-Apr-2026.csv
2026-05-05 23:21:44 | INFO     | pipeline.parsers.mw | Index name: NIFTY MIDCAP 50
2026-05-05 23:21:44 | INFO     | pipeline.parsers.mw | MarketWatchParser result: 50 constituents
2026-05-05 23:21:44 | INFO     | pipeline.parsers.mw | MarketWatchParser: MW-NIFTY-MIDCAP-50-29-Apr-2026.csv
2026-05-05 23:21:44 | INFO     | pipeline.parsers.mw | Index name: NIFTY MIDCAP 50
2026-05-05 23:21:44 | INFO     | pipeline.parsers.mw | MarketWatchParser result: 50 constituents
2026-05-05 23:21:44 | INFO     | pipeline.parsers.mw | MarketWatchParser: MW-NIFTY-MIDCAP-50-30-Mar-2026.csv
2026-05-05 23:21:44 | INFO     | pipeline.parsers.mw | Index name: NIFTY MIDCAP 50
2026-05-05 23:21:44 | INFO     | pipeline.parsers.mw | MarketWatchParser result: 50 constituents
2026-05-05 23:21:44 | INFO     | pipeline.parsers.mw | MarketWatchParser: MW-NIFTY-MIDSMALLCAP-400-03-Apr-2026.csv
2026-05-05 23:21:44 | INFO     | pipeline.parsers.mw | Index name: NIFTY MIDSMALLCAP 400
2026-05-05 23:21:44 | INFO     | pipeline.parsers.mw | MarketWatchParser result: 400 constituents
2026-05-05 23:21:44 | INFO     | pipeline.parsers.mw | MarketWatchParser: MW-NIFTY-MIDSMALLCAP-400-06-Apr-2026.csv
2026-05-05 23:21:44 | INFO     | pipeline.parsers.mw | Index name: NIFTY MIDSMALLCAP 400
2026-05-05 23:21:44 | INFO     | pipeline.parsers.mw | MarketWatchParser result: 400 constituents
2026-05-05 23:21:44 | INFO     | pipeline.parsers.mw | MarketWatchParser: MW-NIFTY-MIDSMALLCAP-400-07-Apr-2026.csv
2026-05-05 23:21:44 | INFO     | pipeline.parsers.mw | Index name: NIFTY MIDSMALLCAP 400
2026-05-05 23:21:44 | INFO     | pipeline.parsers.mw | MarketWatchParser result: 400 constituents
2026-05-05 23:21:44 | INFO     | pipeline.parsers.mw | MarketWatchParser: MW-NIFTY-MIDSMALLCAP-400-08-Apr-2026.csv
2026-05-05 23:21:44 | INFO     | pipeline.parsers.mw | Index name: NIFTY MIDSMALLCAP 400
2026-05-05 23:21:44 | INFO     | pipeline.parsers.mw | MarketWatchParser result: 400 constituents
2026-05-05 23:21:44 | INFO     | pipeline.parsers.mw | MarketWatchParser: MW-NIFTY-MIDSMALLCAP-400-09-Apr-2026.csv
2026-05-05 23:21:44 | INFO     | pipeline.parsers.mw | Index name: NIFTY MIDSMALLCAP 400
2026-05-05 23:21:44 | INFO     | pipeline.parsers.mw | MarketWatchParser result: 400 constituents
2026-05-05 23:21:45 | INFO     | pipeline.parsers.mw | MarketWatchParser: MW-NIFTY-MIDSMALLCAP-400-10-Apr-2026.csv
2026-05-05 23:21:45 | INFO     | pipeline.parsers.mw | Index name: NIFTY MIDSMALLCAP 400
2026-05-05 23:21:45 | INFO     | pipeline.parsers.mw | MarketWatchParser result: 400 constituents
2026-05-05 23:21:45 | INFO     | pipeline.parsers.mw | MarketWatchParser: MW-NIFTY-MIDSMALLCAP-400-13-Apr-2026.csv
2026-05-05 23:21:45 | INFO     | pipeline.parsers.mw | Index name: NIFTY MIDSMALLCAP 400
2026-05-05 23:21:45 | INFO     | pipeline.parsers.mw | MarketWatchParser result: 400 constituents
2026-05-05 23:21:45 | INFO     | pipeline.parsers.mw | MarketWatchParser: MW-NIFTY-MIDSMALLCAP-400-15-Apr-2026.csv
2026-05-05 23:21:45 | INFO     | pipeline.parsers.mw | Index name: NIFTY MIDSMALLCAP 400
2026-05-05 23:21:45 | INFO     | pipeline.parsers.mw | MarketWatchParser result: 400 constituents
2026-05-05 23:21:45 | INFO     | pipeline.parsers.mw | MarketWatchParser: MW-NIFTY-MIDSMALLCAP-400-16-Apr-2026.csv
2026-05-05 23:21:45 | INFO     | pipeline.parsers.mw | Index name: NIFTY MIDSMALLCAP 400
2026-05-05 23:21:45 | INFO     | pipeline.parsers.mw | MarketWatchParser result: 400 constituents
2026-05-05 23:21:45 | INFO     | pipeline.parsers.mw | MarketWatchParser: MW-NIFTY-MIDSMALLCAP-400-17-Apr-2026.csv
2026-05-05 23:21:45 | INFO     | pipeline.parsers.mw | Index name: NIFTY MIDSMALLCAP 400
2026-05-05 23:21:45 | INFO     | pipeline.parsers.mw | MarketWatchParser result: 400 constituents
2026-05-05 23:21:45 | INFO     | pipeline.parsers.mw | MarketWatchParser: MW-NIFTY-MIDSMALLCAP-400-17-Mar-2026.csv
2026-05-05 23:21:45 | INFO     | pipeline.parsers.mw | Index name: NIFTY MIDSMALLCAP 400
2026-05-05 23:21:45 | INFO     | pipeline.parsers.mw | MarketWatchParser result: 400 constituents
2026-05-05 23:21:45 | INFO     | pipeline.parsers.mw | MarketWatchParser: MW-NIFTY-MIDSMALLCAP-400-18-Mar-2026.csv
2026-05-05 23:21:45 | INFO     | pipeline.parsers.mw | Index name: NIFTY MIDSMALLCAP 400
2026-05-05 23:21:45 | INFO     | pipeline.parsers.mw | MarketWatchParser result: 400 constituents
2026-05-05 23:21:45 | INFO     | pipeline.parsers.mw | MarketWatchParser: MW-NIFTY-MIDSMALLCAP-400-19-Mar-2026.csv
2026-05-05 23:21:45 | INFO     | pipeline.parsers.mw | Index name: NIFTY MIDSMALLCAP 400
2026-05-05 23:21:45 | INFO     | pipeline.parsers.mw | MarketWatchParser result: 400 constituents
2026-05-05 23:21:45 | INFO     | pipeline.parsers.mw | MarketWatchParser: MW-NIFTY-MIDSMALLCAP-400-20-Mar-2026.csv
2026-05-05 23:21:45 | INFO     | pipeline.parsers.mw | Index name: NIFTY MIDSMALLCAP 400
2026-05-05 23:21:45 | INFO     | pipeline.parsers.mw | MarketWatchParser result: 400 constituents
2026-05-05 23:21:45 | INFO     | pipeline.parsers.mw | MarketWatchParser: MW-NIFTY-MIDSMALLCAP-400-21-Apr-2026 (1).csv
2026-05-05 23:21:45 | INFO     | pipeline.parsers.mw | Index name: NIFTY MIDSMALLCAP 400 21 Apr 2026 (1)
2026-05-05 23:21:45 | INFO     | pipeline.parsers.mw | MarketWatchParser result: 400 constituents
2026-05-05 23:21:45 | INFO     | pipeline.parsers.mw | MarketWatchParser: MW-NIFTY-MIDSMALLCAP-400-21-Apr-2026.csv
2026-05-05 23:21:45 | INFO     | pipeline.parsers.mw | Index name: NIFTY MIDSMALLCAP 400
2026-05-05 23:21:45 | INFO     | pipeline.parsers.mw | MarketWatchParser result: 400 constituents
2026-05-05 23:21:45 | INFO     | pipeline.parsers.mw | MarketWatchParser: MW-NIFTY-MIDSMALLCAP-400-22-Apr-2026.csv
2026-05-05 23:21:45 | INFO     | pipeline.parsers.mw | Index name: NIFTY MIDSMALLCAP 400
2026-05-05 23:21:46 | INFO     | pipeline.parsers.mw | MarketWatchParser result: 400 constituents
2026-05-05 23:21:46 | INFO     | pipeline.parsers.mw | MarketWatchParser: MW-NIFTY-MIDSMALLCAP-400-23-Apr-2026.csv
2026-05-05 23:21:46 | INFO     | pipeline.parsers.mw | Index name: NIFTY MIDSMALLCAP 400
2026-05-05 23:21:46 | INFO     | pipeline.parsers.mw | MarketWatchParser result: 400 constituents
2026-05-05 23:21:46 | INFO     | pipeline.parsers.mw | MarketWatchParser: MW-NIFTY-MIDSMALLCAP-400-23-Mar-2026.csv
2026-05-05 23:21:46 | INFO     | pipeline.parsers.mw | Index name: NIFTY MIDSMALLCAP 400
2026-05-05 23:21:46 | INFO     | pipeline.parsers.mw | MarketWatchParser result: 400 constituents
2026-05-05 23:21:46 | INFO     | pipeline.parsers.mw | MarketWatchParser: MW-NIFTY-MIDSMALLCAP-400-24-Apr-2026.csv
2026-05-05 23:21:46 | INFO     | pipeline.parsers.mw | Index name: NIFTY MIDSMALLCAP 400
2026-05-05 23:21:46 | INFO     | pipeline.parsers.mw | MarketWatchParser result: 400 constituents
2026-05-05 23:21:46 | INFO     | pipeline.parsers.mw | MarketWatchParser: MW-NIFTY-MIDSMALLCAP-400-24-Mar-2026.csv
2026-05-05 23:21:46 | INFO     | pipeline.parsers.mw | Index name: NIFTY MIDSMALLCAP 400
2026-05-05 23:21:46 | INFO     | pipeline.parsers.mw | MarketWatchParser result: 400 constituents
2026-05-05 23:21:46 | INFO     | pipeline.parsers.mw | MarketWatchParser: MW-NIFTY-MIDSMALLCAP-400-27-Mar-2026.csv
2026-05-05 23:21:46 | INFO     | pipeline.parsers.mw | Index name: NIFTY MIDSMALLCAP 400
2026-05-05 23:21:46 | INFO     | pipeline.parsers.mw | MarketWatchParser result: 400 constituents
2026-05-05 23:21:46 | INFO     | pipeline.parsers.mw | MarketWatchParser: MW-NIFTY-MIDSMALLCAP-400-30-Mar-2026.csv
2026-05-05 23:21:46 | INFO     | pipeline.parsers.mw | Index name: NIFTY MIDSMALLCAP 400
2026-05-05 23:21:46 | INFO     | pipeline.parsers.mw | MarketWatchParser result: 400 constituents
2026-05-05 23:21:46 | INFO     | pipeline.parsers.mw | MarketWatchParser: MW-NIFTY-SMALLCAP-100-03-Apr-2026.csv
2026-05-05 23:21:46 | INFO     | pipeline.parsers.mw | Index name: NIFTY SMALLCAP 100
2026-05-05 23:21:46 | INFO     | pipeline.parsers.mw | MarketWatchParser result: 100 constituents
2026-05-05 23:21:46 | INFO     | pipeline.parsers.mw | MarketWatchParser: MW-NIFTY-SMALLCAP-100-06-Apr-2026.csv
2026-05-05 23:21:46 | INFO     | pipeline.parsers.mw | Index name: NIFTY SMALLCAP 100
2026-05-05 23:21:46 | INFO     | pipeline.parsers.mw | MarketWatchParser result: 100 constituents
2026-05-05 23:21:46 | INFO     | pipeline.parsers.mw | MarketWatchParser: MW-NIFTY-SMALLCAP-100-07-Apr-2026.csv
2026-05-05 23:21:46 | INFO     | pipeline.parsers.mw | Index name: NIFTY SMALLCAP 100
2026-05-05 23:21:46 | INFO     | pipeline.parsers.mw | MarketWatchParser result: 100 constituents
2026-05-05 23:21:46 | INFO     | pipeline.parsers.mw | MarketWatchParser: MW-NIFTY-SMALLCAP-100-08-Apr-2026.csv
2026-05-05 23:21:46 | INFO     | pipeline.parsers.mw | Index name: NIFTY SMALLCAP 100
2026-05-05 23:21:46 | INFO     | pipeline.parsers.mw | MarketWatchParser result: 100 constituents
2026-05-05 23:21:46 | INFO     | pipeline.parsers.mw | MarketWatchParser: MW-NIFTY-SMALLCAP-100-09-Apr-2026.csv
2026-05-05 23:21:46 | INFO     | pipeline.parsers.mw | Index name: NIFTY SMALLCAP 100
2026-05-05 23:21:47 | INFO     | pipeline.parsers.mw | MarketWatchParser result: 100 constituents
2026-05-05 23:21:47 | INFO     | pipeline.parsers.mw | MarketWatchParser: MW-NIFTY-SMALLCAP-100-10-Apr-2026.csv
2026-05-05 23:21:47 | INFO     | pipeline.parsers.mw | Index name: NIFTY SMALLCAP 100
2026-05-05 23:21:47 | INFO     | pipeline.parsers.mw | MarketWatchParser result: 100 constituents
2026-05-05 23:21:47 | INFO     | pipeline.parsers.mw | MarketWatchParser: MW-NIFTY-SMALLCAP-100-13-Apr-2026.csv
2026-05-05 23:21:47 | INFO     | pipeline.parsers.mw | Index name: NIFTY SMALLCAP 100
2026-05-05 23:21:47 | INFO     | pipeline.parsers.mw | MarketWatchParser result: 100 constituents
2026-05-05 23:21:47 | INFO     | pipeline.parsers.mw | MarketWatchParser: MW-NIFTY-SMALLCAP-100-15-Apr-2026.csv
2026-05-05 23:21:47 | INFO     | pipeline.parsers.mw | Index name: NIFTY SMALLCAP 100
2026-05-05 23:21:47 | INFO     | pipeline.parsers.mw | MarketWatchParser result: 100 constituents
2026-05-05 23:21:47 | INFO     | pipeline.parsers.mw | MarketWatchParser: MW-NIFTY-SMALLCAP-100-16-Apr-2026.csv
2026-05-05 23:21:47 | INFO     | pipeline.parsers.mw | Index name: NIFTY SMALLCAP 100
2026-05-05 23:21:47 | INFO     | pipeline.parsers.mw | MarketWatchParser result: 100 constituents
2026-05-05 23:21:47 | INFO     | pipeline.parsers.mw | MarketWatchParser: MW-NIFTY-SMALLCAP-100-17-Apr-2026.csv
2026-05-05 23:21:47 | INFO     | pipeline.parsers.mw | Index name: NIFTY SMALLCAP 100
2026-05-05 23:21:47 | INFO     | pipeline.parsers.mw | MarketWatchParser result: 100 constituents
2026-05-05 23:21:47 | INFO     | pipeline.parsers.mw | MarketWatchParser: MW-NIFTY-SMALLCAP-100-21-Apr-2026 (1).csv
2026-05-05 23:21:47 | INFO     | pipeline.parsers.mw | Index name: NIFTY SMALLCAP 100 21 Apr 2026 (1)
2026-05-05 23:21:47 | INFO     | pipeline.parsers.mw | MarketWatchParser result: 100 constituents
2026-05-05 23:21:47 | INFO     | pipeline.parsers.mw | MarketWatchParser: MW-NIFTY-SMALLCAP-100-21-Apr-2026.csv
2026-05-05 23:21:47 | INFO     | pipeline.parsers.mw | Index name: NIFTY SMALLCAP 100
2026-05-05 23:21:47 | INFO     | pipeline.parsers.mw | MarketWatchParser result: 100 constituents
2026-05-05 23:21:47 | INFO     | pipeline.parsers.mw | MarketWatchParser: MW-NIFTY-SMALLCAP-100-22-Apr-2026.csv
2026-05-05 23:21:47 | INFO     | pipeline.parsers.mw | Index name: NIFTY SMALLCAP 100
2026-05-05 23:21:47 | INFO     | pipeline.parsers.mw | MarketWatchParser result: 100 constituents
2026-05-05 23:21:47 | INFO     | pipeline.parsers.mw | MarketWatchParser: MW-NIFTY-SMALLCAP-100-23-Apr-2026.csv
2026-05-05 23:21:47 | INFO     | pipeline.parsers.mw | Index name: NIFTY SMALLCAP 100
2026-05-05 23:21:47 | INFO     | pipeline.parsers.mw | MarketWatchParser result: 100 constituents
2026-05-05 23:21:47 | INFO     | pipeline.parsers.mw | MarketWatchParser: MW-NIFTY-SMALLCAP-100-23-Mar-2026.csv
2026-05-05 23:21:47 | INFO     | pipeline.parsers.mw | Index name: NIFTY SMALLCAP 100
2026-05-05 23:21:47 | INFO     | pipeline.parsers.mw | MarketWatchParser result: 100 constituents
2026-05-05 23:21:47 | INFO     | pipeline.parsers.mw | MarketWatchParser: MW-NIFTY-SMALLCAP-100-24-Apr-2026.csv
2026-05-05 23:21:47 | INFO     | pipeline.parsers.mw | Index name: NIFTY SMALLCAP 100
2026-05-05 23:21:47 | INFO     | pipeline.parsers.mw | MarketWatchParser result: 100 constituents
2026-05-05 23:21:47 | INFO     | pipeline.parsers.mw | MarketWatchParser: MW-NIFTY-SMALLCAP-100-24-Mar-2026.csv
2026-05-05 23:21:47 | INFO     | pipeline.parsers.mw | Index name: NIFTY SMALLCAP 100
2026-05-05 23:21:47 | INFO     | pipeline.parsers.mw | MarketWatchParser result: 100 constituents
2026-05-05 23:21:47 | INFO     | pipeline.parsers.mw | MarketWatchParser: MW-NIFTY-SMALLCAP-100-27-Mar-2026.csv
2026-05-05 23:21:47 | INFO     | pipeline.parsers.mw | Index name: NIFTY SMALLCAP 100
2026-05-05 23:21:47 | INFO     | pipeline.parsers.mw | MarketWatchParser result: 100 constituents
2026-05-05 23:21:47 | INFO     | pipeline.parsers.mw | MarketWatchParser: MW-NIFTY-SMALLCAP-100-30-Mar-2026.csv
2026-05-05 23:21:47 | INFO     | pipeline.parsers.mw | Index name: NIFTY SMALLCAP 100
2026-05-05 23:21:47 | INFO     | pipeline.parsers.mw | MarketWatchParser result: 100 constituents
2026-05-05 23:21:47 | INFO     | pipeline.parsers.mw | MarketWatchParser: MW-NIFTY-SMALLCAP-250-03-Apr-2026.csv
2026-05-05 23:21:47 | INFO     | pipeline.parsers.mw | Index name: NIFTY SMALLCAP 250
2026-05-05 23:21:47 | INFO     | pipeline.parsers.mw | MarketWatchParser result: 250 constituents
2026-05-05 23:21:47 | INFO     | pipeline.parsers.mw | MarketWatchParser: MW-NIFTY-SMALLCAP-250-06-Apr-2026.csv
2026-05-05 23:21:47 | INFO     | pipeline.parsers.mw | Index name: NIFTY SMALLCAP 250
2026-05-05 23:21:47 | INFO     | pipeline.parsers.mw | MarketWatchParser result: 250 constituents
2026-05-05 23:21:47 | INFO     | pipeline.parsers.mw | MarketWatchParser: MW-NIFTY-SMALLCAP-250-07-Apr-2026.csv
2026-05-05 23:21:47 | INFO     | pipeline.parsers.mw | Index name: NIFTY SMALLCAP 250
2026-05-05 23:21:47 | INFO     | pipeline.parsers.mw | MarketWatchParser result: 250 constituents
2026-05-05 23:21:48 | INFO     | pipeline.parsers.mw | MarketWatchParser: MW-NIFTY-SMALLCAP-250-08-Apr-2026.csv
2026-05-05 23:21:48 | INFO     | pipeline.parsers.mw | Index name: NIFTY SMALLCAP 250
2026-05-05 23:21:48 | INFO     | pipeline.parsers.mw | MarketWatchParser result: 250 constituents
2026-05-05 23:21:48 | INFO     | pipeline.parsers.mw | MarketWatchParser: MW-NIFTY-SMALLCAP-250-09-Apr-2026.csv
2026-05-05 23:21:48 | INFO     | pipeline.parsers.mw | Index name: NIFTY SMALLCAP 250
2026-05-05 23:21:48 | INFO     | pipeline.parsers.mw | MarketWatchParser result: 250 constituents
2026-05-05 23:21:48 | INFO     | pipeline.parsers.mw | MarketWatchParser: MW-NIFTY-SMALLCAP-250-10-Apr-2026.csv
2026-05-05 23:21:48 | INFO     | pipeline.parsers.mw | Index name: NIFTY SMALLCAP 250
2026-05-05 23:21:48 | INFO     | pipeline.parsers.mw | MarketWatchParser result: 250 constituents
2026-05-05 23:21:48 | INFO     | pipeline.parsers.mw | MarketWatchParser: MW-NIFTY-SMALLCAP-250-13-Apr-2026.csv
2026-05-05 23:21:48 | INFO     | pipeline.parsers.mw | Index name: NIFTY SMALLCAP 250
2026-05-05 23:21:48 | INFO     | pipeline.parsers.mw | MarketWatchParser result: 250 constituents
2026-05-05 23:21:48 | INFO     | pipeline.parsers.mw | MarketWatchParser: MW-NIFTY-SMALLCAP-250-15-Apr-2026.csv
2026-05-05 23:21:48 | INFO     | pipeline.parsers.mw | Index name: NIFTY SMALLCAP 250
2026-05-05 23:21:48 | INFO     | pipeline.parsers.mw | MarketWatchParser result: 250 constituents
2026-05-05 23:21:48 | INFO     | pipeline.parsers.mw | MarketWatchParser: MW-NIFTY-SMALLCAP-250-16-Apr-2026.csv
2026-05-05 23:21:48 | INFO     | pipeline.parsers.mw | Index name: NIFTY SMALLCAP 250
2026-05-05 23:21:48 | INFO     | pipeline.parsers.mw | MarketWatchParser result: 250 constituents
2026-05-05 23:21:48 | INFO     | pipeline.parsers.mw | MarketWatchParser: MW-NIFTY-SMALLCAP-250-17-Apr-2026.csv
2026-05-05 23:21:48 | INFO     | pipeline.parsers.mw | Index name: NIFTY SMALLCAP 250
2026-05-05 23:21:48 | INFO     | pipeline.parsers.mw | MarketWatchParser result: 250 constituents
2026-05-05 23:21:48 | INFO     | pipeline.parsers.mw | MarketWatchParser: MW-NIFTY-SMALLCAP-250-17-Mar-2026.csv
2026-05-05 23:21:48 | INFO     | pipeline.parsers.mw | Index name: NIFTY SMALLCAP 250
2026-05-05 23:21:48 | INFO     | pipeline.parsers.mw | MarketWatchParser result: 250 constituents
2026-05-05 23:21:48 | INFO     | pipeline.parsers.mw | MarketWatchParser: MW-NIFTY-SMALLCAP-250-18-Mar-2026.csv
2026-05-05 23:21:48 | INFO     | pipeline.parsers.mw | Index name: NIFTY SMALLCAP 250
2026-05-05 23:21:48 | INFO     | pipeline.parsers.mw | MarketWatchParser result: 250 constituents
2026-05-05 23:21:48 | INFO     | pipeline.parsers.mw | MarketWatchParser: MW-NIFTY-SMALLCAP-250-19-Mar-2026.csv
2026-05-05 23:21:48 | INFO     | pipeline.parsers.mw | Index name: NIFTY SMALLCAP 250
2026-05-05 23:21:48 | INFO     | pipeline.parsers.mw | MarketWatchParser result: 250 constituents
2026-05-05 23:21:48 | INFO     | pipeline.parsers.mw | MarketWatchParser: MW-NIFTY-SMALLCAP-250-20-Mar-2026.csv
2026-05-05 23:21:48 | INFO     | pipeline.parsers.mw | Index name: NIFTY SMALLCAP 250
2026-05-05 23:21:48 | INFO     | pipeline.parsers.mw | MarketWatchParser result: 250 constituents
2026-05-05 23:21:48 | INFO     | pipeline.parsers.mw | MarketWatchParser: MW-NIFTY-SMALLCAP-250-21-Apr-2026.csv
2026-05-05 23:21:48 | INFO     | pipeline.parsers.mw | Index name: NIFTY SMALLCAP 250
2026-05-05 23:21:48 | INFO     | pipeline.parsers.mw | MarketWatchParser result: 250 constituents
2026-05-05 23:21:48 | INFO     | pipeline.parsers.mw | MarketWatchParser: MW-NIFTY-SMALLCAP-250-22-Apr-2026.csv
2026-05-05 23:21:48 | INFO     | pipeline.parsers.mw | Index name: NIFTY SMALLCAP 250
2026-05-05 23:21:48 | INFO     | pipeline.parsers.mw | MarketWatchParser result: 250 constituents
2026-05-05 23:21:48 | INFO     | pipeline.parsers.mw | MarketWatchParser: MW-NIFTY-SMALLCAP-250-23-Apr-2026.csv
2026-05-05 23:21:48 | INFO     | pipeline.parsers.mw | Index name: NIFTY SMALLCAP 250
2026-05-05 23:21:49 | INFO     | pipeline.parsers.mw | MarketWatchParser result: 250 constituents
2026-05-05 23:21:49 | INFO     | pipeline.parsers.mw | MarketWatchParser: MW-NIFTY-SMALLCAP-250-23-Mar-2026.csv
2026-05-05 23:21:49 | INFO     | pipeline.parsers.mw | Index name: NIFTY SMALLCAP 250
2026-05-05 23:21:49 | INFO     | pipeline.parsers.mw | MarketWatchParser result: 250 constituents
2026-05-05 23:21:49 | INFO     | pipeline.parsers.mw | MarketWatchParser: MW-NIFTY-SMALLCAP-250-24-Apr-2026.csv
2026-05-05 23:21:49 | INFO     | pipeline.parsers.mw | Index name: NIFTY SMALLCAP 250
2026-05-05 23:21:49 | INFO     | pipeline.parsers.mw | MarketWatchParser result: 250 constituents
2026-05-05 23:21:49 | INFO     | pipeline.parsers.mw | MarketWatchParser: MW-NIFTY-SMALLCAP-250-24-Mar-2026.csv
2026-05-05 23:21:49 | INFO     | pipeline.parsers.mw | Index name: NIFTY SMALLCAP 250
2026-05-05 23:21:49 | INFO     | pipeline.parsers.mw | MarketWatchParser result: 250 constituents
2026-05-05 23:21:49 | INFO     | pipeline.parsers.mw | MarketWatchParser: MW-NIFTY-SMALLCAP-250-27-Mar-2026.csv
2026-05-05 23:21:49 | INFO     | pipeline.parsers.mw | Index name: NIFTY SMALLCAP 250
2026-05-05 23:21:49 | INFO     | pipeline.parsers.mw | MarketWatchParser result: 250 constituents
2026-05-05 23:21:49 | INFO     | pipeline.parsers.mw | MarketWatchParser: MW-NIFTY-SMALLCAP-250-30-Mar-2026.csv
2026-05-05 23:21:49 | INFO     | pipeline.parsers.mw | Index name: NIFTY SMALLCAP 250
2026-05-05 23:21:49 | INFO     | pipeline.parsers.mw | MarketWatchParser result: 250 constituents
2026-05-05 23:21:49 | INFO     | pipeline.parsers.mw | MarketWatchParser: MW-NIFTY-SMALLCAP-50-03-Apr-2026.csv
2026-05-05 23:21:49 | INFO     | pipeline.parsers.mw | Index name: NIFTY SMALLCAP 50
2026-05-05 23:21:49 | INFO     | pipeline.parsers.mw | MarketWatchParser result: 50 constituents
2026-05-05 23:21:49 | INFO     | pipeline.parsers.mw | MarketWatchParser: MW-NIFTY-SMALLCAP-50-06-Apr-2026.csv
2026-05-05 23:21:49 | INFO     | pipeline.parsers.mw | Index name: NIFTY SMALLCAP 50
2026-05-05 23:21:49 | INFO     | pipeline.parsers.mw | MarketWatchParser result: 50 constituents
2026-05-05 23:21:49 | INFO     | pipeline.parsers.mw | MarketWatchParser: MW-NIFTY-SMALLCAP-50-07-Apr-2026.csv
2026-05-05 23:21:49 | INFO     | pipeline.parsers.mw | Index name: NIFTY SMALLCAP 50
2026-05-05 23:21:49 | INFO     | pipeline.parsers.mw | MarketWatchParser result: 50 constituents
2026-05-05 23:21:49 | INFO     | pipeline.parsers.mw | MarketWatchParser: MW-NIFTY-SMALLCAP-50-08-Apr-2026.csv
2026-05-05 23:21:49 | INFO     | pipeline.parsers.mw | Index name: NIFTY SMALLCAP 50
2026-05-05 23:21:49 | INFO     | pipeline.parsers.mw | MarketWatchParser result: 50 constituents
2026-05-05 23:21:49 | INFO     | pipeline.parsers.mw | MarketWatchParser: MW-NIFTY-SMALLCAP-50-09-Apr-2026.csv
2026-05-05 23:21:49 | INFO     | pipeline.parsers.mw | Index name: NIFTY SMALLCAP 50
2026-05-05 23:21:49 | INFO     | pipeline.parsers.mw | MarketWatchParser result: 50 constituents
2026-05-05 23:21:49 | INFO     | pipeline.parsers.mw | MarketWatchParser: MW-NIFTY-SMALLCAP-50-10-Apr-2026.csv
2026-05-05 23:21:49 | INFO     | pipeline.parsers.mw | Index name: NIFTY SMALLCAP 50
2026-05-05 23:21:49 | INFO     | pipeline.parsers.mw | MarketWatchParser result: 50 constituents
2026-05-05 23:21:49 | INFO     | pipeline.parsers.mw | MarketWatchParser: MW-NIFTY-SMALLCAP-50-13-Apr-2026.csv
2026-05-05 23:21:49 | INFO     | pipeline.parsers.mw | Index name: NIFTY SMALLCAP 50
2026-05-05 23:21:49 | INFO     | pipeline.parsers.mw | MarketWatchParser result: 50 constituents
2026-05-05 23:21:49 | INFO     | pipeline.parsers.mw | MarketWatchParser: MW-NIFTY-SMALLCAP-50-15-Apr-2026.csv
2026-05-05 23:21:49 | INFO     | pipeline.parsers.mw | Index name: NIFTY SMALLCAP 50
2026-05-05 23:21:49 | INFO     | pipeline.parsers.mw | MarketWatchParser result: 50 constituents
2026-05-05 23:21:49 | INFO     | pipeline.parsers.mw | MarketWatchParser: MW-NIFTY-SMALLCAP-50-16-Apr-2026.csv
2026-05-05 23:21:49 | INFO     | pipeline.parsers.mw | Index name: NIFTY SMALLCAP 50
2026-05-05 23:21:49 | INFO     | pipeline.parsers.mw | MarketWatchParser result: 50 constituents
2026-05-05 23:21:49 | INFO     | pipeline.parsers.mw | MarketWatchParser: MW-NIFTY-SMALLCAP-50-17-Apr-2026.csv
2026-05-05 23:21:49 | INFO     | pipeline.parsers.mw | Index name: NIFTY SMALLCAP 50
2026-05-05 23:21:49 | INFO     | pipeline.parsers.mw | MarketWatchParser result: 50 constituents
2026-05-05 23:21:49 | INFO     | pipeline.parsers.mw | MarketWatchParser: MW-NIFTY-SMALLCAP-50-21-Apr-2026.csv
2026-05-05 23:21:49 | INFO     | pipeline.parsers.mw | Index name: NIFTY SMALLCAP 50
2026-05-05 23:21:49 | INFO     | pipeline.parsers.mw | MarketWatchParser result: 50 constituents
2026-05-05 23:21:50 | INFO     | pipeline.parsers.mw | MarketWatchParser: MW-NIFTY-SMALLCAP-50-22-Apr-2026.csv
2026-05-05 23:21:50 | INFO     | pipeline.parsers.mw | Index name: NIFTY SMALLCAP 50
2026-05-05 23:21:50 | INFO     | pipeline.parsers.mw | MarketWatchParser result: 50 constituents
2026-05-05 23:21:50 | INFO     | pipeline.parsers.mw | MarketWatchParser: MW-NIFTY-SMALLCAP-50-23-Apr-2026.csv
2026-05-05 23:21:50 | INFO     | pipeline.parsers.mw | Index name: NIFTY SMALLCAP 50
2026-05-05 23:21:50 | INFO     | pipeline.parsers.mw | MarketWatchParser result: 50 constituents
2026-05-05 23:21:50 | INFO     | pipeline.parsers.mw | MarketWatchParser: MW-NIFTY-SMALLCAP-50-23-Mar-2026.csv
2026-05-05 23:21:50 | INFO     | pipeline.parsers.mw | Index name: NIFTY SMALLCAP 50
2026-05-05 23:21:50 | INFO     | pipeline.parsers.mw | MarketWatchParser result: 50 constituents
2026-05-05 23:21:50 | INFO     | pipeline.parsers.mw | MarketWatchParser: MW-NIFTY-SMALLCAP-50-24-Apr-2026.csv
2026-05-05 23:21:50 | INFO     | pipeline.parsers.mw | Index name: NIFTY SMALLCAP 50
2026-05-05 23:21:50 | INFO     | pipeline.parsers.mw | MarketWatchParser result: 50 constituents
2026-05-05 23:21:50 | INFO     | pipeline.parsers.mw | MarketWatchParser: MW-NIFTY-SMALLCAP-50-24-Mar-2026.csv
2026-05-05 23:21:50 | INFO     | pipeline.parsers.mw | Index name: NIFTY SMALLCAP 50
2026-05-05 23:21:50 | INFO     | pipeline.parsers.mw | MarketWatchParser result: 50 constituents
2026-05-05 23:21:50 | INFO     | pipeline.parsers.mw | MarketWatchParser: MW-NIFTY-SMALLCAP-50-27-Mar-2026.csv
2026-05-05 23:21:50 | INFO     | pipeline.parsers.mw | Index name: NIFTY SMALLCAP 50
2026-05-05 23:21:50 | INFO     | pipeline.parsers.mw | MarketWatchParser result: 50 constituents
2026-05-05 23:21:50 | INFO     | pipeline.parsers.mw | MarketWatchParser: MW-NIFTY-SMALLCAP-50-30-Mar-2026.csv
2026-05-05 23:21:50 | INFO     | pipeline.parsers.mw | Index name: NIFTY SMALLCAP 50
2026-05-05 23:21:50 | INFO     | pipeline.parsers.mw | MarketWatchParser result: 50 constituents
2026-05-05 23:21:50 | INFO     | pipeline.parsers.mw | MarketWatchParser: MW-NIFTY-TOTAL-MARKET-03-Apr-2026.csv
2026-05-05 23:21:50 | INFO     | pipeline.parsers.mw | Index name: NIFTY TOTAL MARKET
2026-05-05 23:21:50 | INFO     | pipeline.parsers.mw | MarketWatchParser result: 750 constituents
2026-05-05 23:21:50 | INFO     | pipeline.parsers.mw | MarketWatchParser: MW-NIFTY-TOTAL-MARKET-06-Apr-2026.csv
2026-05-05 23:21:50 | INFO     | pipeline.parsers.mw | Index name: NIFTY TOTAL MARKET
2026-05-05 23:21:50 | INFO     | pipeline.parsers.mw | MarketWatchParser result: 750 constituents
2026-05-05 23:21:50 | INFO     | pipeline.parsers.mw | MarketWatchParser: MW-NIFTY-TOTAL-MARKET-07-Apr-2026.csv
2026-05-05 23:21:50 | INFO     | pipeline.parsers.mw | Index name: NIFTY TOTAL MARKET
2026-05-05 23:21:50 | INFO     | pipeline.parsers.mw | MarketWatchParser result: 750 constituents
2026-05-05 23:21:50 | INFO     | pipeline.parsers.mw | MarketWatchParser: MW-NIFTY-TOTAL-MARKET-08-Apr-2026.csv
2026-05-05 23:21:50 | INFO     | pipeline.parsers.mw | Index name: NIFTY TOTAL MARKET
2026-05-05 23:21:50 | INFO     | pipeline.parsers.mw | MarketWatchParser result: 750 constituents
2026-05-05 23:21:50 | INFO     | pipeline.parsers.mw | MarketWatchParser: MW-NIFTY-TOTAL-MARKET-09-Apr-2026.csv
2026-05-05 23:21:50 | INFO     | pipeline.parsers.mw | Index name: NIFTY TOTAL MARKET
2026-05-05 23:21:50 | INFO     | pipeline.parsers.mw | MarketWatchParser result: 750 constituents
2026-05-05 23:21:50 | INFO     | pipeline.parsers.mw | MarketWatchParser: MW-NIFTY-TOTAL-MARKET-10-Apr-2026.csv
2026-05-05 23:21:50 | INFO     | pipeline.parsers.mw | Index name: NIFTY TOTAL MARKET
2026-05-05 23:21:50 | INFO     | pipeline.parsers.mw | MarketWatchParser result: 749 constituents
2026-05-05 23:21:51 | INFO     | pipeline.parsers.mw | MarketWatchParser: MW-NIFTY-TOTAL-MARKET-13-Apr-2026.csv
2026-05-05 23:21:51 | INFO     | pipeline.parsers.mw | Index name: NIFTY TOTAL MARKET
2026-05-05 23:21:51 | INFO     | pipeline.parsers.mw | MarketWatchParser result: 750 constituents
2026-05-05 23:21:51 | INFO     | pipeline.parsers.mw | MarketWatchParser: MW-NIFTY-TOTAL-MARKET-15-Apr-2026.csv
2026-05-05 23:21:51 | INFO     | pipeline.parsers.mw | Index name: NIFTY TOTAL MARKET
2026-05-05 23:21:51 | INFO     | pipeline.parsers.mw | MarketWatchParser result: 749 constituents
2026-05-05 23:21:51 | INFO     | pipeline.parsers.mw | MarketWatchParser: MW-NIFTY-TOTAL-MARKET-16-Apr-2026.csv
2026-05-05 23:21:51 | INFO     | pipeline.parsers.mw | Index name: NIFTY TOTAL MARKET
2026-05-05 23:21:51 | INFO     | pipeline.parsers.mw | MarketWatchParser result: 749 constituents
2026-05-05 23:21:51 | INFO     | pipeline.parsers.mw | MarketWatchParser: MW-NIFTY-TOTAL-MARKET-17-Apr-2026.csv
2026-05-05 23:21:51 | INFO     | pipeline.parsers.mw | Index name: NIFTY TOTAL MARKET
2026-05-05 23:21:51 | INFO     | pipeline.parsers.mw | MarketWatchParser result: 749 constituents
2026-05-05 23:21:52 | INFO     | pipeline.parsers.mw | MarketWatchParser: MW-NIFTY-TOTAL-MARKET-17-Mar-2026.csv
2026-05-05 23:21:52 | INFO     | pipeline.parsers.mw | Index name: NIFTY TOTAL MARKET
2026-05-05 23:21:52 | INFO     | pipeline.parsers.mw | MarketWatchParser result: 750 constituents
2026-05-05 23:21:52 | INFO     | pipeline.parsers.mw | MarketWatchParser: MW-NIFTY-TOTAL-MARKET-18-Mar-2026.csv
2026-05-05 23:21:52 | INFO     | pipeline.parsers.mw | Index name: NIFTY TOTAL MARKET
2026-05-05 23:21:52 | INFO     | pipeline.parsers.mw | MarketWatchParser result: 750 constituents
2026-05-05 23:21:52 | INFO     | pipeline.parsers.mw | MarketWatchParser: MW-NIFTY-TOTAL-MARKET-19-Mar-2026.csv
2026-05-05 23:21:52 | INFO     | pipeline.parsers.mw | Index name: NIFTY TOTAL MARKET
2026-05-05 23:21:52 | INFO     | pipeline.parsers.mw | MarketWatchParser result: 750 constituents
2026-05-05 23:21:52 | INFO     | pipeline.parsers.mw | MarketWatchParser: MW-NIFTY-TOTAL-MARKET-20-Mar-2026.csv
2026-05-05 23:21:52 | INFO     | pipeline.parsers.mw | Index name: NIFTY TOTAL MARKET
2026-05-05 23:21:52 | INFO     | pipeline.parsers.mw | MarketWatchParser result: 750 constituents
2026-05-05 23:21:52 | INFO     | pipeline.parsers.mw | MarketWatchParser: MW-NIFTY-TOTAL-MARKET-21-Apr-2026.csv
2026-05-05 23:21:52 | INFO     | pipeline.parsers.mw | Index name: NIFTY TOTAL MARKET
2026-05-05 23:21:52 | INFO     | pipeline.parsers.mw | MarketWatchParser result: 749 constituents
2026-05-05 23:21:52 | INFO     | pipeline.parsers.mw | MarketWatchParser: MW-NIFTY-TOTAL-MARKET-22-Apr-2026.csv
2026-05-05 23:21:52 | INFO     | pipeline.parsers.mw | Index name: NIFTY TOTAL MARKET
2026-05-05 23:21:53 | INFO     | pipeline.parsers.mw | MarketWatchParser result: 749 constituents
2026-05-05 23:21:53 | INFO     | pipeline.parsers.mw | MarketWatchParser: MW-NIFTY-TOTAL-MARKET-23-Apr-2026.csv
2026-05-05 23:21:53 | INFO     | pipeline.parsers.mw | Index name: NIFTY TOTAL MARKET
2026-05-05 23:21:53 | INFO     | pipeline.parsers.mw | MarketWatchParser result: 749 constituents
2026-05-05 23:21:53 | INFO     | pipeline.parsers.mw | MarketWatchParser: MW-NIFTY-TOTAL-MARKET-23-Mar-2026.csv
2026-05-05 23:21:53 | INFO     | pipeline.parsers.mw | Index name: NIFTY TOTAL MARKET
2026-05-05 23:21:53 | INFO     | pipeline.parsers.mw | MarketWatchParser result: 750 constituents
2026-05-05 23:21:53 | INFO     | pipeline.parsers.mw | MarketWatchParser: MW-NIFTY-TOTAL-MARKET-24-Apr-2026.csv
2026-05-05 23:21:53 | INFO     | pipeline.parsers.mw | Index name: NIFTY TOTAL MARKET
2026-05-05 23:21:53 | INFO     | pipeline.parsers.mw | MarketWatchParser result: 749 constituents
2026-05-05 23:21:53 | INFO     | pipeline.parsers.mw | MarketWatchParser: MW-NIFTY-TOTAL-MARKET-24-Mar-2026.csv
2026-05-05 23:21:53 | INFO     | pipeline.parsers.mw | Index name: NIFTY TOTAL MARKET
2026-05-05 23:21:53 | INFO     | pipeline.parsers.mw | MarketWatchParser result: 750 constituents
2026-05-05 23:21:53 | INFO     | pipeline.parsers.mw | MarketWatchParser: MW-NIFTY-TOTAL-MARKET-27-Mar-2026.csv
2026-05-05 23:21:53 | INFO     | pipeline.parsers.mw | Index name: NIFTY TOTAL MARKET
2026-05-05 23:21:53 | INFO     | pipeline.parsers.mw | MarketWatchParser result: 750 constituents
2026-05-05 23:21:54 | INFO     | pipeline.parsers.mw | MarketWatchParser: MW-NIFTY-TOTAL-MARKET-30-Mar-2026.csv
2026-05-05 23:21:54 | INFO     | pipeline.parsers.mw | Index name: NIFTY TOTAL MARKET
2026-05-05 23:21:54 | INFO     | pipeline.parsers.mw | MarketWatchParser result: 750 constituents
2026-05-05 23:21:54 | INFO     | pipeline.parsers.mw | MarketWatchParser: MW-NIFTY500-LARGEMIDSMALL-EQUAL-CAP-WEIGHTED-03-Apr-2026.csv
2026-05-05 23:21:54 | INFO     | pipeline.parsers.mw | Index name: NIFTY500 LARGEMIDSMALL EQUAL CAP WEIGHTED
2026-05-05 23:21:54 | INFO     | pipeline.parsers.mw | MarketWatchParser result: 500 constituents
2026-05-05 23:21:54 | INFO     | pipeline.parsers.mw | MarketWatchParser: MW-NIFTY500-LARGEMIDSMALL-EQUAL-CAP-WEIGHTED-06-Apr-2026.csv
2026-05-05 23:21:54 | INFO     | pipeline.parsers.mw | Index name: NIFTY500 LARGEMIDSMALL EQUAL CAP WEIGHTED
2026-05-05 23:21:54 | INFO     | pipeline.parsers.mw | MarketWatchParser result: 500 constituents
2026-05-05 23:21:54 | INFO     | pipeline.parsers.mw | MarketWatchParser: MW-NIFTY500-LARGEMIDSMALL-EQUAL-CAP-WEIGHTED-07-Apr-2026.csv
2026-05-05 23:21:54 | INFO     | pipeline.parsers.mw | Index name: NIFTY500 LARGEMIDSMALL EQUAL CAP WEIGHTED
2026-05-05 23:21:54 | INFO     | pipeline.parsers.mw | MarketWatchParser result: 500 constituents
2026-05-05 23:21:54 | INFO     | pipeline.parsers.mw | MarketWatchParser: MW-NIFTY500-LARGEMIDSMALL-EQUAL-CAP-WEIGHTED-08-Apr-2026.csv
2026-05-05 23:21:54 | INFO     | pipeline.parsers.mw | Index name: NIFTY500 LARGEMIDSMALL EQUAL CAP WEIGHTED
2026-05-05 23:21:54 | INFO     | pipeline.parsers.mw | MarketWatchParser result: 500 constituents
2026-05-05 23:21:54 | INFO     | pipeline.parsers.mw | MarketWatchParser: MW-NIFTY500-LARGEMIDSMALL-EQUAL-CAP-WEIGHTED-09-Apr-2026.csv
2026-05-05 23:21:54 | INFO     | pipeline.parsers.mw | Index name: NIFTY500 LARGEMIDSMALL EQUAL CAP WEIGHTED
2026-05-05 23:21:54 | INFO     | pipeline.parsers.mw | MarketWatchParser result: 500 constituents
2026-05-05 23:21:54 | INFO     | pipeline.parsers.mw | MarketWatchParser: MW-NIFTY500-LARGEMIDSMALL-EQUAL-CAP-WEIGHTED-10-Apr-2026.csv
2026-05-05 23:21:54 | INFO     | pipeline.parsers.mw | Index name: NIFTY500 LARGEMIDSMALL EQUAL CAP WEIGHTED
2026-05-05 23:21:54 | INFO     | pipeline.parsers.mw | MarketWatchParser result: 500 constituents
2026-05-05 23:21:54 | INFO     | pipeline.parsers.mw | MarketWatchParser: MW-NIFTY500-LARGEMIDSMALL-EQUAL-CAP-WEIGHTED-13-Apr-2026.csv
2026-05-05 23:21:54 | INFO     | pipeline.parsers.mw | Index name: NIFTY500 LARGEMIDSMALL EQUAL CAP WEIGHTED
2026-05-05 23:21:54 | INFO     | pipeline.parsers.mw | MarketWatchParser result: 500 constituents
2026-05-05 23:21:54 | INFO     | pipeline.parsers.mw | MarketWatchParser: MW-NIFTY500-LARGEMIDSMALL-EQUAL-CAP-WEIGHTED-15-Apr-2026.csv
2026-05-05 23:21:54 | INFO     | pipeline.parsers.mw | Index name: NIFTY500 LARGEMIDSMALL EQUAL CAP WEIGHTED
2026-05-05 23:21:54 | INFO     | pipeline.parsers.mw | MarketWatchParser result: 500 constituents
2026-05-05 23:21:54 | INFO     | pipeline.parsers.mw | MarketWatchParser: MW-NIFTY500-LARGEMIDSMALL-EQUAL-CAP-WEIGHTED-16-Apr-2026.csv
2026-05-05 23:21:54 | INFO     | pipeline.parsers.mw | Index name: NIFTY500 LARGEMIDSMALL EQUAL CAP WEIGHTED
2026-05-05 23:21:54 | INFO     | pipeline.parsers.mw | MarketWatchParser result: 500 constituents
2026-05-05 23:21:55 | INFO     | pipeline.parsers.mw | MarketWatchParser: MW-NIFTY500-LARGEMIDSMALL-EQUAL-CAP-WEIGHTED-17-Apr-2026.csv
2026-05-05 23:21:55 | INFO     | pipeline.parsers.mw | Index name: NIFTY500 LARGEMIDSMALL EQUAL CAP WEIGHTED
2026-05-05 23:21:55 | INFO     | pipeline.parsers.mw | MarketWatchParser result: 500 constituents
2026-05-05 23:21:55 | INFO     | pipeline.parsers.mw | MarketWatchParser: MW-NIFTY500-LARGEMIDSMALL-EQUAL-CAP-WEIGHTED-17-Mar-2026.csv
2026-05-05 23:21:55 | INFO     | pipeline.parsers.mw | Index name: NIFTY500 LARGEMIDSMALL EQUAL CAP WEIGHTED
2026-05-05 23:21:55 | INFO     | pipeline.parsers.mw | MarketWatchParser result: 500 constituents
2026-05-05 23:21:55 | INFO     | pipeline.parsers.mw | MarketWatchParser: MW-NIFTY500-LARGEMIDSMALL-EQUAL-CAP-WEIGHTED-18-Mar-2026.csv
2026-05-05 23:21:55 | INFO     | pipeline.parsers.mw | Index name: NIFTY500 LARGEMIDSMALL EQUAL CAP WEIGHTED
2026-05-05 23:21:55 | INFO     | pipeline.parsers.mw | MarketWatchParser result: 500 constituents
2026-05-05 23:21:55 | INFO     | pipeline.parsers.mw | MarketWatchParser: MW-NIFTY500-LARGEMIDSMALL-EQUAL-CAP-WEIGHTED-19-Mar-2026.csv
2026-05-05 23:21:55 | INFO     | pipeline.parsers.mw | Index name: NIFTY500 LARGEMIDSMALL EQUAL CAP WEIGHTED
2026-05-05 23:21:55 | INFO     | pipeline.parsers.mw | MarketWatchParser result: 500 constituents
2026-05-05 23:21:55 | INFO     | pipeline.parsers.mw | MarketWatchParser: MW-NIFTY500-LARGEMIDSMALL-EQUAL-CAP-WEIGHTED-20-Mar-2026.csv
2026-05-05 23:21:55 | INFO     | pipeline.parsers.mw | Index name: NIFTY500 LARGEMIDSMALL EQUAL CAP WEIGHTED
2026-05-05 23:21:55 | INFO     | pipeline.parsers.mw | MarketWatchParser result: 500 constituents
2026-05-05 23:21:55 | INFO     | pipeline.parsers.mw | MarketWatchParser: MW-NIFTY500-LARGEMIDSMALL-EQUAL-CAP-WEIGHTED-21-Apr-2026.csv
2026-05-05 23:21:55 | INFO     | pipeline.parsers.mw | Index name: NIFTY500 LARGEMIDSMALL EQUAL CAP WEIGHTED
2026-05-05 23:21:55 | INFO     | pipeline.parsers.mw | MarketWatchParser result: 500 constituents
2026-05-05 23:21:55 | INFO     | pipeline.parsers.mw | MarketWatchParser: MW-NIFTY500-LARGEMIDSMALL-EQUAL-CAP-WEIGHTED-22-Apr-2026.csv
2026-05-05 23:21:55 | INFO     | pipeline.parsers.mw | Index name: NIFTY500 LARGEMIDSMALL EQUAL CAP WEIGHTED
2026-05-05 23:21:55 | INFO     | pipeline.parsers.mw | MarketWatchParser result: 500 constituents
2026-05-05 23:21:55 | INFO     | pipeline.parsers.mw | MarketWatchParser: MW-NIFTY500-LARGEMIDSMALL-EQUAL-CAP-WEIGHTED-23-Apr-2026.csv
2026-05-05 23:21:55 | INFO     | pipeline.parsers.mw | Index name: NIFTY500 LARGEMIDSMALL EQUAL CAP WEIGHTED
2026-05-05 23:21:55 | INFO     | pipeline.parsers.mw | MarketWatchParser result: 500 constituents
2026-05-05 23:21:55 | INFO     | pipeline.parsers.mw | MarketWatchParser: MW-NIFTY500-LARGEMIDSMALL-EQUAL-CAP-WEIGHTED-23-Mar-2026.csv
2026-05-05 23:21:55 | INFO     | pipeline.parsers.mw | Index name: NIFTY500 LARGEMIDSMALL EQUAL CAP WEIGHTED
2026-05-05 23:21:55 | INFO     | pipeline.parsers.mw | MarketWatchParser result: 500 constituents
2026-05-05 23:21:55 | INFO     | pipeline.parsers.mw | MarketWatchParser: MW-NIFTY500-LARGEMIDSMALL-EQUAL-CAP-WEIGHTED-24-Apr-2026.csv
2026-05-05 23:21:55 | INFO     | pipeline.parsers.mw | Index name: NIFTY500 LARGEMIDSMALL EQUAL CAP WEIGHTED
2026-05-05 23:21:55 | INFO     | pipeline.parsers.mw | MarketWatchParser result: 500 constituents
2026-05-05 23:21:56 | INFO     | pipeline.parsers.mw | MarketWatchParser: MW-NIFTY500-LARGEMIDSMALL-EQUAL-CAP-WEIGHTED-24-Mar-2026.csv
2026-05-05 23:21:56 | INFO     | pipeline.parsers.mw | Index name: NIFTY500 LARGEMIDSMALL EQUAL CAP WEIGHTED
2026-05-05 23:21:56 | INFO     | pipeline.parsers.mw | MarketWatchParser result: 500 constituents
2026-05-05 23:21:56 | INFO     | pipeline.parsers.mw | MarketWatchParser: MW-NIFTY500-LARGEMIDSMALL-EQUAL-CAP-WEIGHTED-27-Mar-2026.csv
2026-05-05 23:21:56 | INFO     | pipeline.parsers.mw | Index name: NIFTY500 LARGEMIDSMALL EQUAL CAP WEIGHTED
2026-05-05 23:21:56 | INFO     | pipeline.parsers.mw | MarketWatchParser result: 500 constituents
2026-05-05 23:21:56 | INFO     | pipeline.parsers.mw | MarketWatchParser: MW-NIFTY500-LARGEMIDSMALL-EQUAL-CAP-WEIGHTED-30-Mar-2026.csv
2026-05-05 23:21:56 | INFO     | pipeline.parsers.mw | Index name: NIFTY500 LARGEMIDSMALL EQUAL CAP WEIGHTED
2026-05-05 23:21:56 | INFO     | pipeline.parsers.mw | MarketWatchParser result: 500 constituents
2026-05-05 23:21:56 | INFO     | pipeline.parsers.mw | MarketWatchParser: MW-NIFTY500-MULTICAP-50_25_25-03-Apr-2026.csv
2026-05-05 23:21:56 | INFO     | pipeline.parsers.mw | Index name: NIFTY500 MULTICAP 50_25_25
2026-05-05 23:21:56 | INFO     | pipeline.parsers.mw | MarketWatchParser result: 500 constituents
2026-05-05 23:21:56 | INFO     | pipeline.parsers.mw | MarketWatchParser: MW-NIFTY500-MULTICAP-50_25_25-06-Apr-2026.csv
2026-05-05 23:21:56 | INFO     | pipeline.parsers.mw | Index name: NIFTY500 MULTICAP 50_25_25
2026-05-05 23:21:56 | INFO     | pipeline.parsers.mw | MarketWatchParser result: 500 constituents
2026-05-05 23:21:56 | INFO     | pipeline.parsers.mw | MarketWatchParser: MW-NIFTY500-MULTICAP-50_25_25-07-Apr-2026.csv
2026-05-05 23:21:56 | INFO     | pipeline.parsers.mw | Index name: NIFTY500 MULTICAP 50_25_25
2026-05-05 23:21:56 | INFO     | pipeline.parsers.mw | MarketWatchParser result: 500 constituents
2026-05-05 23:21:56 | INFO     | pipeline.parsers.mw | MarketWatchParser: MW-NIFTY500-MULTICAP-50_25_25-08-Apr-2026.csv
2026-05-05 23:21:56 | INFO     | pipeline.parsers.mw | Index name: NIFTY500 MULTICAP 50_25_25
2026-05-05 23:21:56 | INFO     | pipeline.parsers.mw | MarketWatchParser result: 500 constituents
2026-05-05 23:21:56 | INFO     | pipeline.parsers.mw | MarketWatchParser: MW-NIFTY500-MULTICAP-50_25_25-09-Apr-2026.csv
2026-05-05 23:21:56 | INFO     | pipeline.parsers.mw | Index name: NIFTY500 MULTICAP 50_25_25
2026-05-05 23:21:57 | INFO     | pipeline.parsers.mw | MarketWatchParser result: 500 constituents
2026-05-05 23:21:57 | INFO     | pipeline.parsers.mw | MarketWatchParser: MW-NIFTY500-MULTICAP-50_25_25-10-Apr-2026.csv
2026-05-05 23:21:57 | INFO     | pipeline.parsers.mw | Index name: NIFTY500 MULTICAP 50_25_25
2026-05-05 23:21:57 | INFO     | pipeline.parsers.mw | MarketWatchParser result: 500 constituents
2026-05-05 23:21:57 | INFO     | pipeline.parsers.mw | MarketWatchParser: MW-NIFTY500-MULTICAP-50_25_25-13-Apr-2026.csv
2026-05-05 23:21:57 | INFO     | pipeline.parsers.mw | Index name: NIFTY500 MULTICAP 50_25_25
2026-05-05 23:21:57 | INFO     | pipeline.parsers.mw | MarketWatchParser result: 500 constituents
2026-05-05 23:21:57 | INFO     | pipeline.parsers.mw | MarketWatchParser: MW-NIFTY500-MULTICAP-50_25_25-15-Apr-2026.csv
2026-05-05 23:21:57 | INFO     | pipeline.parsers.mw | Index name: NIFTY500 MULTICAP 50_25_25
2026-05-05 23:21:57 | INFO     | pipeline.parsers.mw | MarketWatchParser result: 500 constituents
2026-05-05 23:21:57 | INFO     | pipeline.parsers.mw | MarketWatchParser: MW-NIFTY500-MULTICAP-50_25_25-16-Apr-2026.csv
2026-05-05 23:21:57 | INFO     | pipeline.parsers.mw | Index name: NIFTY500 MULTICAP 50_25_25
2026-05-05 23:21:57 | INFO     | pipeline.parsers.mw | MarketWatchParser result: 500 constituents
2026-05-05 23:21:57 | INFO     | pipeline.parsers.mw | MarketWatchParser: MW-NIFTY500-MULTICAP-50_25_25-17-Apr-2026.csv
2026-05-05 23:21:57 | INFO     | pipeline.parsers.mw | Index name: NIFTY500 MULTICAP 50_25_25
2026-05-05 23:21:57 | INFO     | pipeline.parsers.mw | MarketWatchParser result: 500 constituents
2026-05-05 23:21:57 | INFO     | pipeline.parsers.mw | MarketWatchParser: MW-NIFTY500-MULTICAP-50_25_25-17-Mar-2026.csv
2026-05-05 23:21:57 | INFO     | pipeline.parsers.mw | Index name: NIFTY500 MULTICAP 50_25_25
2026-05-05 23:21:57 | INFO     | pipeline.parsers.mw | MarketWatchParser result: 500 constituents
2026-05-05 23:21:57 | INFO     | pipeline.parsers.mw | MarketWatchParser: MW-NIFTY500-MULTICAP-50_25_25-18-Mar-2026.csv
2026-05-05 23:21:57 | INFO     | pipeline.parsers.mw | Index name: NIFTY500 MULTICAP 50_25_25
2026-05-05 23:21:58 | INFO     | pipeline.parsers.mw | MarketWatchParser result: 500 constituents
2026-05-05 23:21:58 | INFO     | pipeline.parsers.mw | MarketWatchParser: MW-NIFTY500-MULTICAP-50_25_25-19-Mar-2026.csv
2026-05-05 23:21:58 | INFO     | pipeline.parsers.mw | Index name: NIFTY500 MULTICAP 50_25_25
2026-05-05 23:21:58 | INFO     | pipeline.parsers.mw | MarketWatchParser result: 500 constituents
2026-05-05 23:21:58 | INFO     | pipeline.parsers.mw | MarketWatchParser: MW-NIFTY500-MULTICAP-50_25_25-20-Mar-2026.csv
2026-05-05 23:21:58 | INFO     | pipeline.parsers.mw | Index name: NIFTY500 MULTICAP 50_25_25
2026-05-05 23:21:58 | INFO     | pipeline.parsers.mw | MarketWatchParser result: 500 constituents
2026-05-05 23:21:58 | INFO     | pipeline.parsers.mw | MarketWatchParser: MW-NIFTY500-MULTICAP-50_25_25-22-Apr-2026 (1).csv
2026-05-05 23:21:58 | INFO     | pipeline.parsers.mw | Index name: NIFTY500 MULTICAP 50_25_25 22 Apr 2026 (1)
2026-05-05 23:21:58 | INFO     | pipeline.parsers.mw | MarketWatchParser result: 500 constituents
2026-05-05 23:21:58 | INFO     | pipeline.parsers.mw | MarketWatchParser: MW-NIFTY500-MULTICAP-50_25_25-22-Apr-2026.csv
2026-05-05 23:21:58 | INFO     | pipeline.parsers.mw | Index name: NIFTY500 MULTICAP 50_25_25
2026-05-05 23:21:58 | INFO     | pipeline.parsers.mw | MarketWatchParser result: 500 constituents
2026-05-05 23:21:58 | INFO     | pipeline.parsers.mw | MarketWatchParser: MW-NIFTY500-MULTICAP-50_25_25-23-Apr-2026.csv
2026-05-05 23:21:58 | INFO     | pipeline.parsers.mw | Index name: NIFTY500 MULTICAP 50_25_25
2026-05-05 23:21:58 | INFO     | pipeline.parsers.mw | MarketWatchParser result: 500 constituents
2026-05-05 23:21:58 | INFO     | pipeline.parsers.mw | MarketWatchParser: MW-NIFTY500-MULTICAP-50_25_25-23-Mar-2026.csv
2026-05-05 23:21:58 | INFO     | pipeline.parsers.mw | Index name: NIFTY500 MULTICAP 50_25_25
2026-05-05 23:21:58 | INFO     | pipeline.parsers.mw | MarketWatchParser result: 500 constituents
2026-05-05 23:21:58 | INFO     | pipeline.parsers.mw | MarketWatchParser: MW-NIFTY500-MULTICAP-50_25_25-24-Apr-2026.csv
2026-05-05 23:21:58 | INFO     | pipeline.parsers.mw | Index name: NIFTY500 MULTICAP 50_25_25
2026-05-05 23:21:58 | INFO     | pipeline.parsers.mw | MarketWatchParser result: 500 constituents
2026-05-05 23:21:58 | INFO     | pipeline.parsers.mw | MarketWatchParser: MW-NIFTY500-MULTICAP-50_25_25-24-Mar-2026.csv
2026-05-05 23:21:58 | INFO     | pipeline.parsers.mw | Index name: NIFTY500 MULTICAP 50_25_25
2026-05-05 23:21:58 | INFO     | pipeline.parsers.mw | MarketWatchParser result: 500 constituents
2026-05-05 23:21:58 | INFO     | pipeline.parsers.mw | MarketWatchParser: MW-NIFTY500-MULTICAP-50_25_25-27-Apr-2026.csv
2026-05-05 23:21:58 | INFO     | pipeline.parsers.mw | Index name: NIFTY500 MULTICAP 50_25_25
2026-05-05 23:21:58 | INFO     | pipeline.parsers.mw | MarketWatchParser result: 500 constituents
2026-05-05 23:21:59 | INFO     | pipeline.parsers.mw | MarketWatchParser: MW-NIFTY500-MULTICAP-50_25_25-27-Mar-2026.csv
2026-05-05 23:21:59 | INFO     | pipeline.parsers.mw | Index name: NIFTY500 MULTICAP 50_25_25
2026-05-05 23:21:59 | INFO     | pipeline.parsers.mw | MarketWatchParser result: 500 constituents
2026-05-05 23:21:59 | INFO     | pipeline.parsers.mw | MarketWatchParser: MW-NIFTY500-MULTICAP-50_25_25-28-Apr-2026 (1).csv
2026-05-05 23:21:59 | INFO     | pipeline.parsers.mw | Index name: NIFTY500 MULTICAP 50_25_25 28 Apr 2026 (1)
2026-05-05 23:21:59 | INFO     | pipeline.parsers.mw | MarketWatchParser result: 500 constituents
2026-05-05 23:21:59 | INFO     | pipeline.parsers.mw | MarketWatchParser: MW-NIFTY500-MULTICAP-50_25_25-28-Apr-2026.csv
2026-05-05 23:21:59 | INFO     | pipeline.parsers.mw | Index name: NIFTY500 MULTICAP 50_25_25
2026-05-05 23:21:59 | INFO     | pipeline.parsers.mw | MarketWatchParser result: 500 constituents
2026-05-05 23:21:59 | INFO     | pipeline.parsers.mw | MarketWatchParser: MW-NIFTY500-MULTICAP-50_25_25-29-Apr-2026.csv
2026-05-05 23:21:59 | INFO     | pipeline.parsers.mw | Index name: NIFTY500 MULTICAP 50_25_25
2026-05-05 23:21:59 | INFO     | pipeline.parsers.mw | MarketWatchParser result: 500 constituents
2026-05-05 23:21:59 | INFO     | pipeline.parsers.mw | MarketWatchParser: MW-NIFTY500-MULTICAP-50_25_25-30-Mar-2026.csv
2026-05-05 23:21:59 | INFO     | pipeline.parsers.mw | Index name: NIFTY500 MULTICAP 50_25_25
2026-05-05 23:21:59 | INFO     | pipeline.parsers.mw | MarketWatchParser result: 500 constituents
2026-05-05 23:21:59 | INFO     | pipeline.parsers.mw | MarketWatchParser: MW-NIFTY-50-03-Apr-2026.csv
2026-05-05 23:21:59 | INFO     | pipeline.parsers.mw | Index name: NIFTY 50
2026-05-05 23:21:59 | INFO     | pipeline.parsers.mw | MarketWatchParser result: 50 constituents
2026-05-05 23:21:59 | INFO     | pipeline.parsers.mw | MarketWatchParser: MW-NIFTY-50-05-May-2026.csv
2026-05-05 23:21:59 | INFO     | pipeline.parsers.mw | Index name: NIFTY 50
2026-05-05 23:21:59 | INFO     | pipeline.parsers.mw | MarketWatchParser result: 50 constituents
2026-05-05 23:21:59 | INFO     | pipeline.parsers.mw | MarketWatchParser: MW-NIFTY-50-07-Apr-2026.csv
2026-05-05 23:21:59 | INFO     | pipeline.parsers.mw | Index name: NIFTY 50
2026-05-05 23:21:59 | INFO     | pipeline.parsers.mw | MarketWatchParser result: 50 constituents
2026-05-05 23:21:59 | INFO     | pipeline.parsers.mw | MarketWatchParser: MW-NIFTY-50-08-Apr-2026.csv
2026-05-05 23:21:59 | INFO     | pipeline.parsers.mw | Index name: NIFTY 50
2026-05-05 23:21:59 | INFO     | pipeline.parsers.mw | MarketWatchParser result: 50 constituents
2026-05-05 23:21:59 | INFO     | pipeline.parsers.mw | MarketWatchParser: MW-NIFTY-50-09-Apr-2026.csv
2026-05-05 23:21:59 | INFO     | pipeline.parsers.mw | Index name: NIFTY 50
2026-05-05 23:21:59 | INFO     | pipeline.parsers.mw | MarketWatchParser result: 50 constituents
2026-05-05 23:21:59 | INFO     | pipeline.parsers.mw | MarketWatchParser: MW-NIFTY-50-10-Apr-2026.csv
2026-05-05 23:21:59 | INFO     | pipeline.parsers.mw | Index name: NIFTY 50
2026-05-05 23:21:59 | INFO     | pipeline.parsers.mw | MarketWatchParser result: 50 constituents
2026-05-05 23:21:59 | INFO     | pipeline.parsers.mw | MarketWatchParser: MW-NIFTY-50-13-Apr-2026 (1).csv
2026-05-05 23:21:59 | INFO     | pipeline.parsers.mw | Index name: NIFTY 50 13 Apr 2026 (1)
2026-05-05 23:21:59 | INFO     | pipeline.parsers.mw | MarketWatchParser result: 50 constituents
2026-05-05 23:22:00 | INFO     | pipeline.parsers.mw | MarketWatchParser: MW-NIFTY-50-13-Apr-2026.csv
2026-05-05 23:22:00 | INFO     | pipeline.parsers.mw | Index name: NIFTY 50
2026-05-05 23:22:00 | INFO     | pipeline.parsers.mw | MarketWatchParser result: 50 constituents
2026-05-05 23:22:00 | INFO     | pipeline.parsers.mw | MarketWatchParser: MW-NIFTY-50-15-Apr-2026.csv
2026-05-05 23:22:00 | INFO     | pipeline.parsers.mw | Index name: NIFTY 50
2026-05-05 23:22:00 | INFO     | pipeline.parsers.mw | MarketWatchParser result: 50 constituents
2026-05-05 23:22:00 | INFO     | pipeline.parsers.mw | MarketWatchParser: MW-NIFTY-50-16-Apr-2026.csv
2026-05-05 23:22:00 | INFO     | pipeline.parsers.mw | Index name: NIFTY 50
2026-05-05 23:22:00 | INFO     | pipeline.parsers.mw | MarketWatchParser result: 50 constituents
2026-05-05 23:22:00 | INFO     | pipeline.parsers.mw | MarketWatchParser: MW-NIFTY-50-17-Apr-2026.csv
2026-05-05 23:22:00 | INFO     | pipeline.parsers.mw | Index name: NIFTY 50
2026-05-05 23:22:00 | INFO     | pipeline.parsers.mw | MarketWatchParser result: 50 constituents
2026-05-05 23:22:00 | INFO     | pipeline.parsers.mw | MarketWatchParser: MW-NIFTY-50-17-Mar-2026.csv
2026-05-05 23:22:00 | INFO     | pipeline.parsers.mw | Index name: NIFTY 50
2026-05-05 23:22:00 | INFO     | pipeline.parsers.mw | MarketWatchParser result: 50 constituents
2026-05-05 23:22:00 | INFO     | pipeline.parsers.mw | MarketWatchParser: MW-NIFTY-50-18-Mar-2026.csv
2026-05-05 23:22:00 | INFO     | pipeline.parsers.mw | Index name: NIFTY 50
2026-05-05 23:22:00 | INFO     | pipeline.parsers.mw | MarketWatchParser result: 50 constituents
2026-05-05 23:22:00 | INFO     | pipeline.parsers.mw | MarketWatchParser: MW-NIFTY-50-19-Mar-2026.csv
2026-05-05 23:22:00 | INFO     | pipeline.parsers.mw | Index name: NIFTY 50
2026-05-05 23:22:00 | INFO     | pipeline.parsers.mw | MarketWatchParser result: 50 constituents
2026-05-05 23:22:00 | INFO     | pipeline.parsers.mw | MarketWatchParser: MW-NIFTY-50-20-Mar-2026.csv
2026-05-05 23:22:00 | INFO     | pipeline.parsers.mw | Index name: NIFTY 50
2026-05-05 23:22:00 | INFO     | pipeline.parsers.mw | MarketWatchParser result: 50 constituents
2026-05-05 23:22:00 | INFO     | pipeline.parsers.mw | MarketWatchParser: MW-NIFTY-50-21-Apr-2026.csv
2026-05-05 23:22:00 | INFO     | pipeline.parsers.mw | Index name: NIFTY 50
2026-05-05 23:22:00 | INFO     | pipeline.parsers.mw | MarketWatchParser result: 50 constituents
2026-05-05 23:22:00 | INFO     | pipeline.parsers.mw | MarketWatchParser: MW-NIFTY-50-22-Apr-2026.csv
2026-05-05 23:22:00 | INFO     | pipeline.parsers.mw | Index name: NIFTY 50
2026-05-05 23:22:00 | INFO     | pipeline.parsers.mw | MarketWatchParser result: 50 constituents
2026-05-05 23:22:00 | INFO     | pipeline.parsers.mw | MarketWatchParser: MW-NIFTY-50-23-Apr-2026.csv
2026-05-05 23:22:00 | INFO     | pipeline.parsers.mw | Index name: NIFTY 50
2026-05-05 23:22:00 | INFO     | pipeline.parsers.mw | MarketWatchParser result: 50 constituents
2026-05-05 23:22:00 | INFO     | pipeline.parsers.mw | MarketWatchParser: MW-NIFTY-50-23-Mar-2026.csv
2026-05-05 23:22:00 | INFO     | pipeline.parsers.mw | Index name: NIFTY 50
2026-05-05 23:22:00 | INFO     | pipeline.parsers.mw | MarketWatchParser result: 50 constituents
2026-05-05 23:22:00 | INFO     | pipeline.parsers.mw | MarketWatchParser: MW-NIFTY-50-24-Apr-2026.csv
2026-05-05 23:22:00 | INFO     | pipeline.parsers.mw | Index name: NIFTY 50
2026-05-05 23:22:00 | INFO     | pipeline.parsers.mw | MarketWatchParser result: 50 constituents
2026-05-05 23:22:00 | INFO     | pipeline.parsers.mw | MarketWatchParser: MW-NIFTY-50-24-Mar-2026.csv
2026-05-05 23:22:00 | INFO     | pipeline.parsers.mw | Index name: NIFTY 50
2026-05-05 23:22:00 | INFO     | pipeline.parsers.mw | MarketWatchParser result: 50 constituents
2026-05-05 23:22:00 | INFO     | pipeline.parsers.mw | MarketWatchParser: MW-NIFTY-50-27-Apr-2026.csv
2026-05-05 23:22:00 | INFO     | pipeline.parsers.mw | Index name: NIFTY 50
2026-05-05 23:22:00 | INFO     | pipeline.parsers.mw | MarketWatchParser result: 50 constituents
2026-05-05 23:22:00 | INFO     | pipeline.parsers.mw | MarketWatchParser: MW-NIFTY-50-27-Mar-2026.csv
2026-05-05 23:22:00 | INFO     | pipeline.parsers.mw | Index name: NIFTY 50
2026-05-05 23:22:00 | INFO     | pipeline.parsers.mw | MarketWatchParser result: 50 constituents
2026-05-05 23:22:00 | INFO     | pipeline.parsers.mw | MarketWatchParser: MW-NIFTY-50-28-Apr-2026.csv
2026-05-05 23:22:00 | INFO     | pipeline.parsers.mw | Index name: NIFTY 50
2026-05-05 23:22:00 | INFO     | pipeline.parsers.mw | MarketWatchParser result: 50 constituents
2026-05-05 23:22:01 | INFO     | pipeline.parsers.mw | MarketWatchParser: MW-NIFTY-50-29-Apr-2026.csv
2026-05-05 23:22:01 | INFO     | pipeline.parsers.mw | Index name: NIFTY 50
2026-05-05 23:22:01 | INFO     | pipeline.parsers.mw | MarketWatchParser result: 50 constituents
2026-05-05 23:22:01 | INFO     | pipeline.parsers.mw | MarketWatchParser: MW-NIFTY-50-30-Mar-2026.csv
2026-05-05 23:22:01 | INFO     | pipeline.parsers.mw | Index name: NIFTY 50
2026-05-05 23:22:01 | INFO     | pipeline.parsers.mw | MarketWatchParser result: 50 constituents
2026-05-05 23:22:01 | INFO     | pipeline.parsers.mw | MarketWatchParser: MW-NIFTY-BANK-03-Apr-2026.csv
2026-05-05 23:22:01 | INFO     | pipeline.parsers.mw | Index name: NIFTY BANK
2026-05-05 23:22:01 | INFO     | pipeline.parsers.mw | MarketWatchParser result: 14 constituents
2026-05-05 23:22:01 | INFO     | pipeline.parsers.mw | MarketWatchParser: MW-NIFTY-BANK-06-Apr-2026.csv
2026-05-05 23:22:01 | INFO     | pipeline.parsers.mw | Index name: NIFTY BANK
2026-05-05 23:22:01 | INFO     | pipeline.parsers.mw | MarketWatchParser result: 14 constituents
2026-05-05 23:22:01 | INFO     | pipeline.parsers.mw | MarketWatchParser: MW-NIFTY-BANK-07-Apr-2026.csv
2026-05-05 23:22:01 | INFO     | pipeline.parsers.mw | Index name: NIFTY BANK
2026-05-05 23:22:01 | INFO     | pipeline.parsers.mw | MarketWatchParser result: 14 constituents
2026-05-05 23:22:01 | INFO     | pipeline.parsers.mw | MarketWatchParser: MW-NIFTY-BANK-08-Apr-2026.csv
2026-05-05 23:22:01 | INFO     | pipeline.parsers.mw | Index name: NIFTY BANK
2026-05-05 23:22:01 | INFO     | pipeline.parsers.mw | MarketWatchParser result: 14 constituents
2026-05-05 23:22:01 | INFO     | pipeline.parsers.mw | MarketWatchParser: MW-NIFTY-BANK-09-Apr-2026.csv
2026-05-05 23:22:01 | INFO     | pipeline.parsers.mw | Index name: NIFTY BANK
2026-05-05 23:22:01 | INFO     | pipeline.parsers.mw | MarketWatchParser result: 14 constituents
2026-05-05 23:22:01 | INFO     | pipeline.parsers.mw | MarketWatchParser: MW-NIFTY-BANK-10-Apr-2026.csv
2026-05-05 23:22:01 | INFO     | pipeline.parsers.mw | Index name: NIFTY BANK
2026-05-05 23:22:01 | INFO     | pipeline.parsers.mw | MarketWatchParser result: 14 constituents
2026-05-05 23:22:01 | INFO     | pipeline.parsers.mw | MarketWatchParser: MW-NIFTY-BANK-13-Apr-2026.csv
2026-05-05 23:22:01 | INFO     | pipeline.parsers.mw | Index name: NIFTY BANK
2026-05-05 23:22:01 | INFO     | pipeline.parsers.mw | MarketWatchParser result: 14 constituents
2026-05-05 23:22:01 | INFO     | pipeline.parsers.mw | MarketWatchParser: MW-NIFTY-BANK-15-Apr-2026.csv
2026-05-05 23:22:01 | INFO     | pipeline.parsers.mw | Index name: NIFTY BANK
2026-05-05 23:22:01 | INFO     | pipeline.parsers.mw | MarketWatchParser result: 14 constituents
2026-05-05 23:22:01 | INFO     | pipeline.parsers.mw | MarketWatchParser: MW-NIFTY-BANK-16-Apr-2026.csv
2026-05-05 23:22:01 | INFO     | pipeline.parsers.mw | Index name: NIFTY BANK
2026-05-05 23:22:01 | INFO     | pipeline.parsers.mw | MarketWatchParser result: 14 constituents
2026-05-05 23:22:01 | INFO     | pipeline.parsers.mw | MarketWatchParser: MW-NIFTY-BANK-17-Apr-2026.csv
2026-05-05 23:22:01 | INFO     | pipeline.parsers.mw | Index name: NIFTY BANK
2026-05-05 23:22:01 | INFO     | pipeline.parsers.mw | MarketWatchParser result: 14 constituents
2026-05-05 23:22:01 | INFO     | pipeline.parsers.mw | MarketWatchParser: MW-NIFTY-BANK-17-Mar-2026.csv
2026-05-05 23:22:01 | INFO     | pipeline.parsers.mw | Index name: NIFTY BANK
2026-05-05 23:22:01 | INFO     | pipeline.parsers.mw | MarketWatchParser result: 14 constituents
2026-05-05 23:22:01 | INFO     | pipeline.parsers.mw | MarketWatchParser: MW-NIFTY-BANK-18-Mar-2026.csv
2026-05-05 23:22:01 | INFO     | pipeline.parsers.mw | Index name: NIFTY BANK
2026-05-05 23:22:01 | INFO     | pipeline.parsers.mw | MarketWatchParser result: 14 constituents
2026-05-05 23:22:01 | INFO     | pipeline.parsers.mw | MarketWatchParser: MW-NIFTY-BANK-19-Mar-2026.csv
2026-05-05 23:22:01 | INFO     | pipeline.parsers.mw | Index name: NIFTY BANK
2026-05-05 23:22:01 | INFO     | pipeline.parsers.mw | MarketWatchParser result: 14 constituents
2026-05-05 23:22:01 | INFO     | pipeline.parsers.mw | MarketWatchParser: MW-NIFTY-BANK-20-Mar-2026.csv
2026-05-05 23:22:01 | INFO     | pipeline.parsers.mw | Index name: NIFTY BANK
2026-05-05 23:22:01 | INFO     | pipeline.parsers.mw | MarketWatchParser result: 14 constituents
2026-05-05 23:22:01 | INFO     | pipeline.parsers.mw | MarketWatchParser: MW-NIFTY-BANK-21-Apr-2026 (1).csv
2026-05-05 23:22:01 | INFO     | pipeline.parsers.mw | Index name: NIFTY BANK 21 Apr 2026 (1)
2026-05-05 23:22:01 | INFO     | pipeline.parsers.mw | MarketWatchParser result: 14 constituents
2026-05-05 23:22:01 | INFO     | pipeline.parsers.mw | MarketWatchParser: MW-NIFTY-BANK-21-Apr-2026.csv
2026-05-05 23:22:01 | INFO     | pipeline.parsers.mw | Index name: NIFTY BANK
2026-05-05 23:22:01 | INFO     | pipeline.parsers.mw | MarketWatchParser result: 14 constituents
2026-05-05 23:22:01 | INFO     | pipeline.parsers.mw | MarketWatchParser: MW-NIFTY-BANK-22-Apr-2026.csv
2026-05-05 23:22:01 | INFO     | pipeline.parsers.mw | Index name: NIFTY BANK
2026-05-05 23:22:02 | INFO     | pipeline.parsers.mw | MarketWatchParser result: 14 constituents
2026-05-05 23:22:02 | INFO     | pipeline.parsers.mw | MarketWatchParser: MW-NIFTY-BANK-23-Apr-2026.csv
2026-05-05 23:22:02 | INFO     | pipeline.parsers.mw | Index name: NIFTY BANK
2026-05-05 23:22:02 | INFO     | pipeline.parsers.mw | MarketWatchParser result: 14 constituents
2026-05-05 23:22:02 | INFO     | pipeline.parsers.mw | MarketWatchParser: MW-NIFTY-BANK-24-Apr-2026.csv
2026-05-05 23:22:02 | INFO     | pipeline.parsers.mw | Index name: NIFTY BANK
2026-05-05 23:22:02 | INFO     | pipeline.parsers.mw | MarketWatchParser result: 14 constituents
2026-05-05 23:22:02 | INFO     | pipeline.parsers.mw | MarketWatchParser: MW-NIFTY-BANK-24-Mar-2026.csv
2026-05-05 23:22:02 | INFO     | pipeline.parsers.mw | Index name: NIFTY BANK
2026-05-05 23:22:02 | INFO     | pipeline.parsers.mw | MarketWatchParser result: 14 constituents
2026-05-05 23:22:02 | INFO     | pipeline.parsers.mw | MarketWatchParser: MW-NIFTY-BANK-27-Apr-2026.csv
2026-05-05 23:22:02 | INFO     | pipeline.parsers.mw | Index name: NIFTY BANK
2026-05-05 23:22:02 | INFO     | pipeline.parsers.mw | MarketWatchParser result: 14 constituents
2026-05-05 23:22:02 | INFO     | pipeline.parsers.mw | MarketWatchParser: MW-NIFTY-BANK-27-Mar-2026.csv
2026-05-05 23:22:02 | INFO     | pipeline.parsers.mw | Index name: NIFTY BANK
2026-05-05 23:22:02 | INFO     | pipeline.parsers.mw | MarketWatchParser result: 14 constituents
2026-05-05 23:22:02 | INFO     | pipeline.parsers.mw | MarketWatchParser: MW-NIFTY-BANK-28-Apr-2026.csv
2026-05-05 23:22:02 | INFO     | pipeline.parsers.mw | Index name: NIFTY BANK
2026-05-05 23:22:02 | INFO     | pipeline.parsers.mw | MarketWatchParser result: 14 constituents
2026-05-05 23:22:02 | INFO     | pipeline.parsers.mw | MarketWatchParser: MW-NIFTY-BANK-29-Apr-2026.csv
2026-05-05 23:22:02 | INFO     | pipeline.parsers.mw | Index name: NIFTY BANK
2026-05-05 23:22:02 | INFO     | pipeline.parsers.mw | MarketWatchParser result: 14 constituents
2026-05-05 23:22:02 | INFO     | pipeline.parsers.mw | MarketWatchParser: MW-NIFTY-BANK-30-Mar-2026.csv
2026-05-05 23:22:02 | INFO     | pipeline.parsers.mw | Index name: NIFTY BANK
2026-05-05 23:22:02 | INFO     | pipeline.parsers.mw | MarketWatchParser result: 14 constituents
2026-05-05 23:22:02 | INFO     | pipeline.parsers.mw | MarketWatchParser: MW-NIFTY-FINANCIAL-SERVICES-03-Apr-2026 (1).csv
2026-05-05 23:22:02 | INFO     | pipeline.parsers.mw | Index name: NIFTY FINANCIAL SERVICES 03 Apr 2026 (1)
2026-05-05 23:22:02 | INFO     | pipeline.parsers.mw | MarketWatchParser result: 20 constituents
2026-05-05 23:22:02 | INFO     | pipeline.parsers.mw | MarketWatchParser: MW-NIFTY-FINANCIAL-SERVICES-03-Apr-2026.csv
2026-05-05 23:22:02 | INFO     | pipeline.parsers.mw | Index name: NIFTY FINANCIAL SERVICES
2026-05-05 23:22:02 | INFO     | pipeline.parsers.mw | MarketWatchParser result: 20 constituents
2026-05-05 23:22:02 | INFO     | pipeline.parsers.mw | MarketWatchParser: MW-NIFTY-FINANCIAL-SERVICES-06-Apr-2026.csv
2026-05-05 23:22:02 | INFO     | pipeline.parsers.mw | Index name: NIFTY FINANCIAL SERVICES
2026-05-05 23:22:02 | INFO     | pipeline.parsers.mw | MarketWatchParser result: 20 constituents
2026-05-05 23:22:02 | INFO     | pipeline.parsers.mw | MarketWatchParser: MW-NIFTY-FINANCIAL-SERVICES-07-Apr-2026.csv
2026-05-05 23:22:02 | INFO     | pipeline.parsers.mw | Index name: NIFTY FINANCIAL SERVICES
2026-05-05 23:22:02 | INFO     | pipeline.parsers.mw | MarketWatchParser result: 20 constituents
2026-05-05 23:22:02 | INFO     | pipeline.parsers.mw | MarketWatchParser: MW-NIFTY-FINANCIAL-SERVICES-08-Apr-2026.csv
2026-05-05 23:22:02 | INFO     | pipeline.parsers.mw | Index name: NIFTY FINANCIAL SERVICES
2026-05-05 23:22:02 | INFO     | pipeline.parsers.mw | MarketWatchParser result: 20 constituents
2026-05-05 23:22:02 | INFO     | pipeline.parsers.mw | MarketWatchParser: MW-NIFTY-FINANCIAL-SERVICES-09-Apr-2026.csv
2026-05-05 23:22:02 | INFO     | pipeline.parsers.mw | Index name: NIFTY FINANCIAL SERVICES
2026-05-05 23:22:02 | INFO     | pipeline.parsers.mw | MarketWatchParser result: 20 constituents
2026-05-05 23:22:02 | INFO     | pipeline.parsers.mw | MarketWatchParser: MW-NIFTY-FINANCIAL-SERVICES-10-Apr-2026.csv
2026-05-05 23:22:02 | INFO     | pipeline.parsers.mw | Index name: NIFTY FINANCIAL SERVICES
2026-05-05 23:22:02 | INFO     | pipeline.parsers.mw | MarketWatchParser result: 20 constituents
2026-05-05 23:22:02 | INFO     | pipeline.parsers.mw | MarketWatchParser: MW-NIFTY-FINANCIAL-SERVICES-13-Apr-2026.csv
2026-05-05 23:22:02 | INFO     | pipeline.parsers.mw | Index name: NIFTY FINANCIAL SERVICES
2026-05-05 23:22:02 | INFO     | pipeline.parsers.mw | MarketWatchParser result: 20 constituents
2026-05-05 23:22:02 | INFO     | pipeline.parsers.mw | MarketWatchParser: MW-NIFTY-FINANCIAL-SERVICES-15-Apr-2026.csv
2026-05-05 23:22:02 | INFO     | pipeline.parsers.mw | Index name: NIFTY FINANCIAL SERVICES
2026-05-05 23:22:02 | INFO     | pipeline.parsers.mw | MarketWatchParser result: 20 constituents
2026-05-05 23:22:02 | INFO     | pipeline.parsers.mw | MarketWatchParser: MW-NIFTY-FINANCIAL-SERVICES-16-Apr-2026.csv
2026-05-05 23:22:02 | INFO     | pipeline.parsers.mw | Index name: NIFTY FINANCIAL SERVICES
2026-05-05 23:22:02 | INFO     | pipeline.parsers.mw | MarketWatchParser result: 20 constituents
2026-05-05 23:22:02 | INFO     | pipeline.parsers.mw | MarketWatchParser: MW-NIFTY-FINANCIAL-SERVICES-17-Apr-2026.csv
2026-05-05 23:22:02 | INFO     | pipeline.parsers.mw | Index name: NIFTY FINANCIAL SERVICES
2026-05-05 23:22:02 | INFO     | pipeline.parsers.mw | MarketWatchParser result: 20 constituents
2026-05-05 23:22:02 | INFO     | pipeline.parsers.mw | MarketWatchParser: MW-NIFTY-FINANCIAL-SERVICES-17-Mar-2026.csv
2026-05-05 23:22:02 | INFO     | pipeline.parsers.mw | Index name: NIFTY FINANCIAL SERVICES
2026-05-05 23:22:02 | INFO     | pipeline.parsers.mw | MarketWatchParser result: 20 constituents
2026-05-05 23:22:02 | INFO     | pipeline.parsers.mw | MarketWatchParser: MW-NIFTY-FINANCIAL-SERVICES-18-Mar-2026.csv
2026-05-05 23:22:02 | INFO     | pipeline.parsers.mw | Index name: NIFTY FINANCIAL SERVICES
2026-05-05 23:22:02 | INFO     | pipeline.parsers.mw | MarketWatchParser result: 20 constituents
2026-05-05 23:22:03 | INFO     | pipeline.parsers.mw | MarketWatchParser: MW-NIFTY-FINANCIAL-SERVICES-19-Mar-2026.csv
2026-05-05 23:22:03 | INFO     | pipeline.parsers.mw | Index name: NIFTY FINANCIAL SERVICES
2026-05-05 23:22:03 | INFO     | pipeline.parsers.mw | MarketWatchParser result: 20 constituents
2026-05-05 23:22:03 | INFO     | pipeline.parsers.mw | MarketWatchParser: MW-NIFTY-FINANCIAL-SERVICES-20-Mar-2026.csv
2026-05-05 23:22:03 | INFO     | pipeline.parsers.mw | Index name: NIFTY FINANCIAL SERVICES
2026-05-05 23:22:03 | INFO     | pipeline.parsers.mw | MarketWatchParser result: 20 constituents
2026-05-05 23:22:03 | INFO     | pipeline.parsers.mw | MarketWatchParser: MW-NIFTY-FINANCIAL-SERVICES-21-Apr-2026.csv
2026-05-05 23:22:03 | INFO     | pipeline.parsers.mw | Index name: NIFTY FINANCIAL SERVICES
2026-05-05 23:22:03 | INFO     | pipeline.parsers.mw | MarketWatchParser result: 20 constituents
2026-05-05 23:22:03 | INFO     | pipeline.parsers.mw | MarketWatchParser: MW-NIFTY-FINANCIAL-SERVICES-22-Apr-2026.csv
2026-05-05 23:22:03 | INFO     | pipeline.parsers.mw | Index name: NIFTY FINANCIAL SERVICES
2026-05-05 23:22:03 | INFO     | pipeline.parsers.mw | MarketWatchParser result: 20 constituents
2026-05-05 23:22:03 | INFO     | pipeline.parsers.mw | MarketWatchParser: MW-NIFTY-FINANCIAL-SERVICES-23-Apr-2026.csv
2026-05-05 23:22:03 | INFO     | pipeline.parsers.mw | Index name: NIFTY FINANCIAL SERVICES
2026-05-05 23:22:03 | INFO     | pipeline.parsers.mw | MarketWatchParser result: 20 constituents
2026-05-05 23:22:03 | INFO     | pipeline.parsers.mw | MarketWatchParser: MW-NIFTY-FINANCIAL-SERVICES-23-Mar-2026.csv
2026-05-05 23:22:03 | INFO     | pipeline.parsers.mw | Index name: NIFTY FINANCIAL SERVICES
2026-05-05 23:22:03 | INFO     | pipeline.parsers.mw | MarketWatchParser result: 20 constituents
2026-05-05 23:22:03 | INFO     | pipeline.parsers.mw | MarketWatchParser: MW-NIFTY-FINANCIAL-SERVICES-24-Apr-2026.csv
2026-05-05 23:22:03 | INFO     | pipeline.parsers.mw | Index name: NIFTY FINANCIAL SERVICES
2026-05-05 23:22:03 | INFO     | pipeline.parsers.mw | MarketWatchParser result: 20 constituents
2026-05-05 23:22:03 | INFO     | pipeline.parsers.mw | MarketWatchParser: MW-NIFTY-FINANCIAL-SERVICES-24-Mar-2026.csv
2026-05-05 23:22:03 | INFO     | pipeline.parsers.mw | Index name: NIFTY FINANCIAL SERVICES
2026-05-05 23:22:03 | INFO     | pipeline.parsers.mw | MarketWatchParser result: 20 constituents
2026-05-05 23:22:03 | INFO     | pipeline.parsers.mw | MarketWatchParser: MW-NIFTY-FINANCIAL-SERVICES-25_50-03-Apr-2026.csv
2026-05-05 23:22:03 | INFO     | pipeline.parsers.mw | Index name: NIFTY FINANCIAL SERVICES 25_50
2026-05-05 23:22:03 | INFO     | pipeline.parsers.mw | MarketWatchParser result: 20 constituents
2026-05-05 23:22:03 | INFO     | pipeline.parsers.mw | MarketWatchParser: MW-NIFTY-FINANCIAL-SERVICES-25_50-06-Apr-2026.csv
2026-05-05 23:22:03 | INFO     | pipeline.parsers.mw | Index name: NIFTY FINANCIAL SERVICES 25_50
2026-05-05 23:22:03 | INFO     | pipeline.parsers.mw | MarketWatchParser result: 20 constituents
2026-05-05 23:22:03 | INFO     | pipeline.parsers.mw | MarketWatchParser: MW-NIFTY-FINANCIAL-SERVICES-25_50-07-Apr-2026.csv
2026-05-05 23:22:03 | INFO     | pipeline.parsers.mw | Index name: NIFTY FINANCIAL SERVICES 25_50
2026-05-05 23:22:03 | INFO     | pipeline.parsers.mw | MarketWatchParser result: 20 constituents
2026-05-05 23:22:03 | INFO     | pipeline.parsers.mw | MarketWatchParser: MW-NIFTY-FINANCIAL-SERVICES-25_50-08-Apr-2026.csv
2026-05-05 23:22:03 | INFO     | pipeline.parsers.mw | Index name: NIFTY FINANCIAL SERVICES 25_50
2026-05-05 23:22:03 | INFO     | pipeline.parsers.mw | MarketWatchParser result: 20 constituents
2026-05-05 23:22:03 | INFO     | pipeline.parsers.mw | MarketWatchParser: MW-NIFTY-FINANCIAL-SERVICES-25_50-09-Apr-2026.csv
2026-05-05 23:22:03 | INFO     | pipeline.parsers.mw | Index name: NIFTY FINANCIAL SERVICES 25_50
2026-05-05 23:22:03 | INFO     | pipeline.parsers.mw | MarketWatchParser result: 20 constituents
2026-05-05 23:22:03 | INFO     | pipeline.parsers.mw | MarketWatchParser: MW-NIFTY-FINANCIAL-SERVICES-25_50-10-Apr-2026.csv
2026-05-05 23:22:03 | INFO     | pipeline.parsers.mw | Index name: NIFTY FINANCIAL SERVICES 25_50
2026-05-05 23:22:03 | INFO     | pipeline.parsers.mw | MarketWatchParser result: 20 constituents
2026-05-05 23:22:03 | INFO     | pipeline.parsers.mw | MarketWatchParser: MW-NIFTY-FINANCIAL-SERVICES-25_50-13-Apr-2026.csv
2026-05-05 23:22:03 | INFO     | pipeline.parsers.mw | Index name: NIFTY FINANCIAL SERVICES 25_50
2026-05-05 23:22:03 | INFO     | pipeline.parsers.mw | MarketWatchParser result: 20 constituents
2026-05-05 23:22:03 | INFO     | pipeline.parsers.mw | MarketWatchParser: MW-NIFTY-FINANCIAL-SERVICES-25_50-15-Apr-2026.csv
2026-05-05 23:22:03 | INFO     | pipeline.parsers.mw | Index name: NIFTY FINANCIAL SERVICES 25_50
2026-05-05 23:22:03 | INFO     | pipeline.parsers.mw | MarketWatchParser result: 20 constituents
2026-05-05 23:22:03 | INFO     | pipeline.parsers.mw | MarketWatchParser: MW-NIFTY-FINANCIAL-SERVICES-25_50-16-Apr-2026.csv
2026-05-05 23:22:03 | INFO     | pipeline.parsers.mw | Index name: NIFTY FINANCIAL SERVICES 25_50
2026-05-05 23:22:03 | INFO     | pipeline.parsers.mw | MarketWatchParser result: 20 constituents
2026-05-05 23:22:04 | INFO     | pipeline.parsers.mw | MarketWatchParser: MW-NIFTY-FINANCIAL-SERVICES-25_50-17-Apr-2026.csv
2026-05-05 23:22:04 | INFO     | pipeline.parsers.mw | Index name: NIFTY FINANCIAL SERVICES 25_50
2026-05-05 23:22:04 | INFO     | pipeline.parsers.mw | MarketWatchParser result: 20 constituents
2026-05-05 23:22:04 | INFO     | pipeline.parsers.mw | MarketWatchParser: MW-NIFTY-FINANCIAL-SERVICES-25_50-17-Mar-2026.csv
2026-05-05 23:22:04 | INFO     | pipeline.parsers.mw | Index name: NIFTY FINANCIAL SERVICES 25_50
2026-05-05 23:22:04 | INFO     | pipeline.parsers.mw | MarketWatchParser result: 20 constituents
2026-05-05 23:22:04 | INFO     | pipeline.parsers.mw | MarketWatchParser: MW-NIFTY-FINANCIAL-SERVICES-25_50-18-Mar-2026.csv
2026-05-05 23:22:04 | INFO     | pipeline.parsers.mw | Index name: NIFTY FINANCIAL SERVICES 25_50
2026-05-05 23:22:04 | INFO     | pipeline.parsers.mw | MarketWatchParser result: 20 constituents
2026-05-05 23:22:04 | INFO     | pipeline.parsers.mw | MarketWatchParser: MW-NIFTY-FINANCIAL-SERVICES-25_50-20-Mar-2026.csv
2026-05-05 23:22:04 | INFO     | pipeline.parsers.mw | Index name: NIFTY FINANCIAL SERVICES 25_50
2026-05-05 23:22:04 | INFO     | pipeline.parsers.mw | MarketWatchParser result: 20 constituents
2026-05-05 23:22:04 | INFO     | pipeline.parsers.mw | MarketWatchParser: MW-NIFTY-FINANCIAL-SERVICES-25_50-21-Apr-2026.csv
2026-05-05 23:22:04 | INFO     | pipeline.parsers.mw | Index name: NIFTY FINANCIAL SERVICES 25_50
2026-05-05 23:22:04 | INFO     | pipeline.parsers.mw | MarketWatchParser result: 20 constituents
2026-05-05 23:22:04 | INFO     | pipeline.parsers.mw | MarketWatchParser: MW-NIFTY-FINANCIAL-SERVICES-25_50-22-Apr-2026.csv
2026-05-05 23:22:04 | INFO     | pipeline.parsers.mw | Index name: NIFTY FINANCIAL SERVICES 25_50
2026-05-05 23:22:04 | INFO     | pipeline.parsers.mw | MarketWatchParser result: 20 constituents
2026-05-05 23:22:04 | INFO     | pipeline.parsers.mw | MarketWatchParser: MW-NIFTY-FINANCIAL-SERVICES-25_50-23-Apr-2026.csv
2026-05-05 23:22:04 | INFO     | pipeline.parsers.mw | Index name: NIFTY FINANCIAL SERVICES 25_50
2026-05-05 23:22:04 | INFO     | pipeline.parsers.mw | MarketWatchParser result: 20 constituents
2026-05-05 23:22:04 | INFO     | pipeline.parsers.mw | MarketWatchParser: MW-NIFTY-FINANCIAL-SERVICES-25_50-23-Mar-2026.csv
2026-05-05 23:22:04 | INFO     | pipeline.parsers.mw | Index name: NIFTY FINANCIAL SERVICES 25_50
2026-05-05 23:22:04 | INFO     | pipeline.parsers.mw | MarketWatchParser result: 20 constituents
2026-05-05 23:22:04 | INFO     | pipeline.parsers.mw | MarketWatchParser: MW-NIFTY-FINANCIAL-SERVICES-25_50-24-Apr-2026.csv
2026-05-05 23:22:04 | INFO     | pipeline.parsers.mw | Index name: NIFTY FINANCIAL SERVICES 25_50
2026-05-05 23:22:04 | INFO     | pipeline.parsers.mw | MarketWatchParser result: 20 constituents
2026-05-05 23:22:04 | INFO     | pipeline.parsers.mw | MarketWatchParser: MW-NIFTY-FINANCIAL-SERVICES-25_50-24-Mar-2026.csv
2026-05-05 23:22:04 | INFO     | pipeline.parsers.mw | Index name: NIFTY FINANCIAL SERVICES 25_50
2026-05-05 23:22:04 | INFO     | pipeline.parsers.mw | MarketWatchParser result: 20 constituents
2026-05-05 23:22:04 | INFO     | pipeline.parsers.mw | MarketWatchParser: MW-NIFTY-FINANCIAL-SERVICES-25_50-27-Apr-2026.csv
2026-05-05 23:22:04 | INFO     | pipeline.parsers.mw | Index name: NIFTY FINANCIAL SERVICES 25_50
2026-05-05 23:22:04 | INFO     | pipeline.parsers.mw | MarketWatchParser result: 20 constituents
2026-05-05 23:22:04 | INFO     | pipeline.parsers.mw | MarketWatchParser: MW-NIFTY-FINANCIAL-SERVICES-25_50-27-Mar-2026.csv
2026-05-05 23:22:04 | INFO     | pipeline.parsers.mw | Index name: NIFTY FINANCIAL SERVICES 25_50
2026-05-05 23:22:04 | INFO     | pipeline.parsers.mw | MarketWatchParser result: 20 constituents
2026-05-05 23:22:04 | INFO     | pipeline.parsers.mw | MarketWatchParser: MW-NIFTY-FINANCIAL-SERVICES-25_50-28-Apr-2026.csv
2026-05-05 23:22:04 | INFO     | pipeline.parsers.mw | Index name: NIFTY FINANCIAL SERVICES 25_50
2026-05-05 23:22:04 | INFO     | pipeline.parsers.mw | MarketWatchParser result: 20 constituents
2026-05-05 23:22:04 | INFO     | pipeline.parsers.mw | MarketWatchParser: MW-NIFTY-FINANCIAL-SERVICES-25_50-29-Apr-2026.csv
2026-05-05 23:22:04 | INFO     | pipeline.parsers.mw | Index name: NIFTY FINANCIAL SERVICES 25_50
2026-05-05 23:22:04 | INFO     | pipeline.parsers.mw | MarketWatchParser result: 20 constituents
2026-05-05 23:22:04 | INFO     | pipeline.parsers.mw | MarketWatchParser: MW-NIFTY-FINANCIAL-SERVICES-25_50-30-Mar-2026.csv
2026-05-05 23:22:04 | INFO     | pipeline.parsers.mw | Index name: NIFTY FINANCIAL SERVICES 25_50
2026-05-05 23:22:04 | INFO     | pipeline.parsers.mw | MarketWatchParser result: 20 constituents
2026-05-05 23:22:04 | INFO     | pipeline.parsers.mw | MarketWatchParser: MW-NIFTY-FINANCIAL-SERVICES-27-Apr-2026.csv
2026-05-05 23:22:04 | INFO     | pipeline.parsers.mw | Index name: NIFTY FINANCIAL SERVICES
2026-05-05 23:22:04 | INFO     | pipeline.parsers.mw | MarketWatchParser result: 20 constituents
2026-05-05 23:22:04 | INFO     | pipeline.parsers.mw | MarketWatchParser: MW-NIFTY-FINANCIAL-SERVICES-27-Mar-2026.csv
2026-05-05 23:22:04 | INFO     | pipeline.parsers.mw | Index name: NIFTY FINANCIAL SERVICES
2026-05-05 23:22:04 | INFO     | pipeline.parsers.mw | MarketWatchParser result: 20 constituents
2026-05-05 23:22:04 | INFO     | pipeline.parsers.mw | MarketWatchParser: MW-NIFTY-FINANCIAL-SERVICES-28-Apr-2026.csv
2026-05-05 23:22:04 | INFO     | pipeline.parsers.mw | Index name: NIFTY FINANCIAL SERVICES
2026-05-05 23:22:04 | INFO     | pipeline.parsers.mw | MarketWatchParser result: 20 constituents
2026-05-05 23:22:04 | INFO     | pipeline.parsers.mw | MarketWatchParser: MW-NIFTY-FINANCIAL-SERVICES-29-Apr-2026.csv
2026-05-05 23:22:04 | INFO     | pipeline.parsers.mw | Index name: NIFTY FINANCIAL SERVICES
2026-05-05 23:22:04 | INFO     | pipeline.parsers.mw | MarketWatchParser result: 20 constituents
2026-05-05 23:22:04 | INFO     | pipeline.parsers.mw | MarketWatchParser: MW-NIFTY-FINANCIAL-SERVICES-30-Mar-2026.csv
2026-05-05 23:22:04 | INFO     | pipeline.parsers.mw | Index name: NIFTY FINANCIAL SERVICES
2026-05-05 23:22:04 | INFO     | pipeline.parsers.mw | MarketWatchParser result: 20 constituents
2026-05-05 23:22:05 | INFO     | pipeline.parsers.mw | MarketWatchParser: MW-NIFTY-FINANCIAL-SERVICES-EX-BANK-03-Apr-2026.csv
2026-05-05 23:22:05 | INFO     | pipeline.parsers.mw | Index name: NIFTY FINANCIAL SERVICES EX BANK
2026-05-05 23:22:05 | INFO     | pipeline.parsers.mw | MarketWatchParser result: 30 constituents
2026-05-05 23:22:05 | INFO     | pipeline.parsers.mw | MarketWatchParser: MW-NIFTY-FINANCIAL-SERVICES-EX-BANK-06-Apr-2026.csv
2026-05-05 23:22:05 | INFO     | pipeline.parsers.mw | Index name: NIFTY FINANCIAL SERVICES EX BANK
2026-05-05 23:22:05 | INFO     | pipeline.parsers.mw | MarketWatchParser result: 30 constituents
2026-05-05 23:22:05 | INFO     | pipeline.parsers.mw | MarketWatchParser: MW-NIFTY-FINANCIAL-SERVICES-EX-BANK-07-Apr-2026.csv
2026-05-05 23:22:05 | INFO     | pipeline.parsers.mw | Index name: NIFTY FINANCIAL SERVICES EX BANK
2026-05-05 23:22:05 | INFO     | pipeline.parsers.mw | MarketWatchParser result: 30 constituents
2026-05-05 23:22:05 | INFO     | pipeline.parsers.mw | MarketWatchParser: MW-NIFTY-FINANCIAL-SERVICES-EX-BANK-08-Apr-2026.csv
2026-05-05 23:22:05 | INFO     | pipeline.parsers.mw | Index name: NIFTY FINANCIAL SERVICES EX BANK
2026-05-05 23:22:05 | INFO     | pipeline.parsers.mw | MarketWatchParser result: 30 constituents
2026-05-05 23:22:05 | INFO     | pipeline.parsers.mw | MarketWatchParser: MW-NIFTY-FINANCIAL-SERVICES-EX-BANK-09-Apr-2026.csv
2026-05-05 23:22:05 | INFO     | pipeline.parsers.mw | Index name: NIFTY FINANCIAL SERVICES EX BANK
2026-05-05 23:22:05 | INFO     | pipeline.parsers.mw | MarketWatchParser result: 30 constituents
2026-05-05 23:22:05 | INFO     | pipeline.parsers.mw | MarketWatchParser: MW-NIFTY-FINANCIAL-SERVICES-EX-BANK-10-Apr-2026.csv
2026-05-05 23:22:05 | INFO     | pipeline.parsers.mw | Index name: NIFTY FINANCIAL SERVICES EX BANK
2026-05-05 23:22:05 | INFO     | pipeline.parsers.mw | MarketWatchParser result: 30 constituents
2026-05-05 23:22:05 | INFO     | pipeline.parsers.mw | MarketWatchParser: MW-NIFTY-FINANCIAL-SERVICES-EX-BANK-13-Apr-2026.csv
2026-05-05 23:22:05 | INFO     | pipeline.parsers.mw | Index name: NIFTY FINANCIAL SERVICES EX BANK
2026-05-05 23:22:05 | INFO     | pipeline.parsers.mw | MarketWatchParser result: 30 constituents
2026-05-05 23:22:05 | INFO     | pipeline.parsers.mw | MarketWatchParser: MW-NIFTY-FINANCIAL-SERVICES-EX-BANK-15-Apr-2026.csv
2026-05-05 23:22:05 | INFO     | pipeline.parsers.mw | Index name: NIFTY FINANCIAL SERVICES EX BANK
2026-05-05 23:22:05 | INFO     | pipeline.parsers.mw | MarketWatchParser result: 30 constituents
2026-05-05 23:22:05 | INFO     | pipeline.parsers.mw | MarketWatchParser: MW-NIFTY-FINANCIAL-SERVICES-EX-BANK-16-Apr-2026.csv
2026-05-05 23:22:05 | INFO     | pipeline.parsers.mw | Index name: NIFTY FINANCIAL SERVICES EX BANK
2026-05-05 23:22:05 | INFO     | pipeline.parsers.mw | MarketWatchParser result: 30 constituents
2026-05-05 23:22:05 | INFO     | pipeline.parsers.mw | MarketWatchParser: MW-NIFTY-FINANCIAL-SERVICES-EX-BANK-17-Apr-2026.csv
2026-05-05 23:22:05 | INFO     | pipeline.parsers.mw | Index name: NIFTY FINANCIAL SERVICES EX BANK
2026-05-05 23:22:05 | INFO     | pipeline.parsers.mw | MarketWatchParser result: 30 constituents
2026-05-05 23:22:05 | INFO     | pipeline.parsers.mw | MarketWatchParser: MW-NIFTY-FINANCIAL-SERVICES-EX-BANK-17-Mar-2026.csv
2026-05-05 23:22:05 | INFO     | pipeline.parsers.mw | Index name: NIFTY FINANCIAL SERVICES EX BANK
2026-05-05 23:22:05 | INFO     | pipeline.parsers.mw | MarketWatchParser result: 30 constituents
2026-05-05 23:22:05 | INFO     | pipeline.parsers.mw | MarketWatchParser: MW-NIFTY-FINANCIAL-SERVICES-EX-BANK-18-Mar-2026.csv
2026-05-05 23:22:05 | INFO     | pipeline.parsers.mw | Index name: NIFTY FINANCIAL SERVICES EX BANK
2026-05-05 23:22:05 | INFO     | pipeline.parsers.mw | MarketWatchParser result: 30 constituents
2026-05-05 23:22:05 | INFO     | pipeline.parsers.mw | MarketWatchParser: MW-NIFTY-FINANCIAL-SERVICES-EX-BANK-19-Mar-2026.csv
2026-05-05 23:22:05 | INFO     | pipeline.parsers.mw | Index name: NIFTY FINANCIAL SERVICES EX BANK
2026-05-05 23:22:05 | INFO     | pipeline.parsers.mw | MarketWatchParser result: 30 constituents
2026-05-05 23:22:05 | INFO     | pipeline.parsers.mw | MarketWatchParser: MW-NIFTY-FINANCIAL-SERVICES-EX-BANK-20-Mar-2026.csv
2026-05-05 23:22:05 | INFO     | pipeline.parsers.mw | Index name: NIFTY FINANCIAL SERVICES EX BANK
2026-05-05 23:22:05 | INFO     | pipeline.parsers.mw | MarketWatchParser result: 30 constituents
2026-05-05 23:22:05 | INFO     | pipeline.parsers.mw | MarketWatchParser: MW-NIFTY-FINANCIAL-SERVICES-EX-BANK-21-Apr-2026.csv
2026-05-05 23:22:05 | INFO     | pipeline.parsers.mw | Index name: NIFTY FINANCIAL SERVICES EX BANK
2026-05-05 23:22:05 | INFO     | pipeline.parsers.mw | MarketWatchParser result: 30 constituents
2026-05-05 23:22:05 | INFO     | pipeline.parsers.mw | MarketWatchParser: MW-NIFTY-FINANCIAL-SERVICES-EX-BANK-22-Apr-2026.csv
2026-05-05 23:22:05 | INFO     | pipeline.parsers.mw | Index name: NIFTY FINANCIAL SERVICES EX BANK
2026-05-05 23:22:05 | INFO     | pipeline.parsers.mw | MarketWatchParser result: 30 constituents
2026-05-05 23:22:05 | INFO     | pipeline.parsers.mw | MarketWatchParser: MW-NIFTY-FINANCIAL-SERVICES-EX-BANK-23-Apr-2026.csv
2026-05-05 23:22:05 | INFO     | pipeline.parsers.mw | Index name: NIFTY FINANCIAL SERVICES EX BANK
2026-05-05 23:22:05 | INFO     | pipeline.parsers.mw | MarketWatchParser result: 30 constituents
2026-05-05 23:22:05 | INFO     | pipeline.parsers.mw | MarketWatchParser: MW-NIFTY-FINANCIAL-SERVICES-EX-BANK-23-Mar-2026.csv
2026-05-05 23:22:05 | INFO     | pipeline.parsers.mw | Index name: NIFTY FINANCIAL SERVICES EX BANK
2026-05-05 23:22:05 | INFO     | pipeline.parsers.mw | MarketWatchParser result: 30 constituents
2026-05-05 23:22:05 | INFO     | pipeline.parsers.mw | MarketWatchParser: MW-NIFTY-FINANCIAL-SERVICES-EX-BANK-24-Apr-2026.csv
2026-05-05 23:22:05 | INFO     | pipeline.parsers.mw | Index name: NIFTY FINANCIAL SERVICES EX BANK
2026-05-05 23:22:05 | INFO     | pipeline.parsers.mw | MarketWatchParser result: 30 constituents
2026-05-05 23:22:05 | INFO     | pipeline.parsers.mw | MarketWatchParser: MW-NIFTY-FINANCIAL-SERVICES-EX-BANK-24-Mar-2026.csv
2026-05-05 23:22:05 | INFO     | pipeline.parsers.mw | Index name: NIFTY FINANCIAL SERVICES EX BANK
2026-05-05 23:22:06 | INFO     | pipeline.parsers.mw | MarketWatchParser result: 30 constituents
2026-05-05 23:22:06 | INFO     | pipeline.parsers.mw | MarketWatchParser: MW-NIFTY-FINANCIAL-SERVICES-EX-BANK-27-Apr-2026.csv
2026-05-05 23:22:06 | INFO     | pipeline.parsers.mw | Index name: NIFTY FINANCIAL SERVICES EX BANK
2026-05-05 23:22:06 | INFO     | pipeline.parsers.mw | MarketWatchParser result: 30 constituents
2026-05-05 23:22:06 | INFO     | pipeline.parsers.mw | MarketWatchParser: MW-NIFTY-FINANCIAL-SERVICES-EX-BANK-27-Mar-2026.csv
2026-05-05 23:22:06 | INFO     | pipeline.parsers.mw | Index name: NIFTY FINANCIAL SERVICES EX BANK
2026-05-05 23:22:06 | INFO     | pipeline.parsers.mw | MarketWatchParser result: 30 constituents
2026-05-05 23:22:06 | INFO     | pipeline.parsers.mw | MarketWatchParser: MW-NIFTY-FINANCIAL-SERVICES-EX-BANK-28-Apr-2026.csv
2026-05-05 23:22:06 | INFO     | pipeline.parsers.mw | Index name: NIFTY FINANCIAL SERVICES EX BANK
2026-05-05 23:22:06 | INFO     | pipeline.parsers.mw | MarketWatchParser result: 30 constituents
2026-05-05 23:22:06 | INFO     | pipeline.parsers.mw | MarketWatchParser: MW-NIFTY-FINANCIAL-SERVICES-EX-BANK-29-Apr-2026.csv
2026-05-05 23:22:06 | INFO     | pipeline.parsers.mw | Index name: NIFTY FINANCIAL SERVICES EX BANK
2026-05-05 23:22:06 | INFO     | pipeline.parsers.mw | MarketWatchParser result: 30 constituents
2026-05-05 23:22:06 | INFO     | pipeline.parsers.mw | MarketWatchParser: MW-NIFTY-FINANCIAL-SERVICES-EX-BANK-30-Mar-2026.csv
2026-05-05 23:22:06 | INFO     | pipeline.parsers.mw | Index name: NIFTY FINANCIAL SERVICES EX BANK
2026-05-05 23:22:06 | INFO     | pipeline.parsers.mw | MarketWatchParser result: 30 constituents
2026-05-05 23:22:06 | INFO     | pipeline.parsers.mw | MarketWatchParser: MW-NIFTY-MIDCAP-SELECT-03-Apr-2026.csv
2026-05-05 23:22:06 | INFO     | pipeline.parsers.mw | Index name: NIFTY MIDCAP SELECT
2026-05-05 23:22:06 | INFO     | pipeline.parsers.mw | MarketWatchParser result: 25 constituents
2026-05-05 23:22:06 | INFO     | pipeline.parsers.mw | MarketWatchParser: MW-NIFTY-MIDCAP-SELECT-06-Apr-2026.csv
2026-05-05 23:22:06 | INFO     | pipeline.parsers.mw | Index name: NIFTY MIDCAP SELECT
2026-05-05 23:22:06 | INFO     | pipeline.parsers.mw | MarketWatchParser result: 25 constituents
2026-05-05 23:22:06 | INFO     | pipeline.parsers.mw | MarketWatchParser: MW-NIFTY-MIDCAP-SELECT-07-Apr-2026.csv
2026-05-05 23:22:06 | INFO     | pipeline.parsers.mw | Index name: NIFTY MIDCAP SELECT
2026-05-05 23:22:06 | INFO     | pipeline.parsers.mw | MarketWatchParser result: 25 constituents
2026-05-05 23:22:06 | INFO     | pipeline.parsers.mw | MarketWatchParser: MW-NIFTY-MIDCAP-SELECT-08-Apr-2026.csv
2026-05-05 23:22:06 | INFO     | pipeline.parsers.mw | Index name: NIFTY MIDCAP SELECT
2026-05-05 23:22:06 | INFO     | pipeline.parsers.mw | MarketWatchParser result: 25 constituents
2026-05-05 23:22:06 | INFO     | pipeline.parsers.mw | MarketWatchParser: MW-NIFTY-MIDCAP-SELECT-09-Apr-2026.csv
2026-05-05 23:22:06 | INFO     | pipeline.parsers.mw | Index name: NIFTY MIDCAP SELECT
2026-05-05 23:22:06 | INFO     | pipeline.parsers.mw | MarketWatchParser result: 25 constituents
2026-05-05 23:22:06 | INFO     | pipeline.parsers.mw | MarketWatchParser: MW-NIFTY-MIDCAP-SELECT-10-Apr-2026.csv
2026-05-05 23:22:06 | INFO     | pipeline.parsers.mw | Index name: NIFTY MIDCAP SELECT
2026-05-05 23:22:06 | INFO     | pipeline.parsers.mw | MarketWatchParser result: 25 constituents
2026-05-05 23:22:06 | INFO     | pipeline.parsers.mw | MarketWatchParser: MW-NIFTY-MIDCAP-SELECT-13-Apr-2026.csv
2026-05-05 23:22:06 | INFO     | pipeline.parsers.mw | Index name: NIFTY MIDCAP SELECT
2026-05-05 23:22:06 | INFO     | pipeline.parsers.mw | MarketWatchParser result: 25 constituents
2026-05-05 23:22:06 | INFO     | pipeline.parsers.mw | MarketWatchParser: MW-NIFTY-MIDCAP-SELECT-15-Apr-2026.csv
2026-05-05 23:22:06 | INFO     | pipeline.parsers.mw | Index name: NIFTY MIDCAP SELECT
2026-05-05 23:22:06 | INFO     | pipeline.parsers.mw | MarketWatchParser result: 25 constituents
2026-05-05 23:22:06 | INFO     | pipeline.parsers.mw | MarketWatchParser: MW-NIFTY-MIDCAP-SELECT-16-Apr-2026.csv
2026-05-05 23:22:06 | INFO     | pipeline.parsers.mw | Index name: NIFTY MIDCAP SELECT
2026-05-05 23:22:06 | INFO     | pipeline.parsers.mw | MarketWatchParser result: 25 constituents
2026-05-05 23:22:06 | INFO     | pipeline.parsers.mw | MarketWatchParser: MW-NIFTY-MIDCAP-SELECT-17-Apr-2026.csv
2026-05-05 23:22:06 | INFO     | pipeline.parsers.mw | Index name: NIFTY MIDCAP SELECT
2026-05-05 23:22:06 | INFO     | pipeline.parsers.mw | MarketWatchParser result: 25 constituents
2026-05-05 23:22:06 | INFO     | pipeline.parsers.mw | MarketWatchParser: MW-NIFTY-MIDCAP-SELECT-17-Mar-2026.csv
2026-05-05 23:22:06 | INFO     | pipeline.parsers.mw | Index name: NIFTY MIDCAP SELECT
2026-05-05 23:22:06 | INFO     | pipeline.parsers.mw | MarketWatchParser result: 25 constituents
2026-05-05 23:22:06 | INFO     | pipeline.parsers.mw | MarketWatchParser: MW-NIFTY-MIDCAP-SELECT-18-Mar-2026.csv
2026-05-05 23:22:06 | INFO     | pipeline.parsers.mw | Index name: NIFTY MIDCAP SELECT
2026-05-05 23:22:06 | INFO     | pipeline.parsers.mw | MarketWatchParser result: 25 constituents
2026-05-05 23:22:06 | INFO     | pipeline.parsers.mw | MarketWatchParser: MW-NIFTY-MIDCAP-SELECT-19-Mar-2026.csv
2026-05-05 23:22:06 | INFO     | pipeline.parsers.mw | Index name: NIFTY MIDCAP SELECT
2026-05-05 23:22:06 | INFO     | pipeline.parsers.mw | MarketWatchParser result: 25 constituents
2026-05-05 23:22:06 | INFO     | pipeline.parsers.mw | MarketWatchParser: MW-NIFTY-MIDCAP-SELECT-20-Mar-2026.csv
2026-05-05 23:22:06 | INFO     | pipeline.parsers.mw | Index name: NIFTY MIDCAP SELECT
2026-05-05 23:22:07 | INFO     | pipeline.parsers.mw | MarketWatchParser result: 25 constituents
2026-05-05 23:22:07 | INFO     | pipeline.parsers.mw | MarketWatchParser: MW-NIFTY-MIDCAP-SELECT-21-Apr-2026.csv
2026-05-05 23:22:07 | INFO     | pipeline.parsers.mw | Index name: NIFTY MIDCAP SELECT
2026-05-05 23:22:07 | INFO     | pipeline.parsers.mw | MarketWatchParser result: 25 constituents
2026-05-05 23:22:07 | INFO     | pipeline.parsers.mw | MarketWatchParser: MW-NIFTY-MIDCAP-SELECT-22-Apr-2026.csv
2026-05-05 23:22:07 | INFO     | pipeline.parsers.mw | Index name: NIFTY MIDCAP SELECT
2026-05-05 23:22:07 | INFO     | pipeline.parsers.mw | MarketWatchParser result: 25 constituents
2026-05-05 23:22:07 | INFO     | pipeline.parsers.mw | MarketWatchParser: MW-NIFTY-MIDCAP-SELECT-23-Apr-2026.csv
2026-05-05 23:22:07 | INFO     | pipeline.parsers.mw | Index name: NIFTY MIDCAP SELECT
2026-05-05 23:22:07 | INFO     | pipeline.parsers.mw | MarketWatchParser result: 25 constituents
2026-05-05 23:22:07 | INFO     | pipeline.parsers.mw | MarketWatchParser: MW-NIFTY-MIDCAP-SELECT-23-Mar-2026.csv
2026-05-05 23:22:07 | INFO     | pipeline.parsers.mw | Index name: NIFTY MIDCAP SELECT
2026-05-05 23:22:07 | INFO     | pipeline.parsers.mw | MarketWatchParser result: 25 constituents
2026-05-05 23:22:07 | INFO     | pipeline.parsers.mw | MarketWatchParser: MW-NIFTY-MIDCAP-SELECT-24-Apr-2026.csv
2026-05-05 23:22:07 | INFO     | pipeline.parsers.mw | Index name: NIFTY MIDCAP SELECT
2026-05-05 23:22:07 | INFO     | pipeline.parsers.mw | MarketWatchParser result: 25 constituents
2026-05-05 23:22:07 | INFO     | pipeline.parsers.mw | MarketWatchParser: MW-NIFTY-MIDCAP-SELECT-24-Mar-2026.csv
2026-05-05 23:22:07 | INFO     | pipeline.parsers.mw | Index name: NIFTY MIDCAP SELECT
2026-05-05 23:22:07 | INFO     | pipeline.parsers.mw | MarketWatchParser result: 25 constituents
2026-05-05 23:22:07 | INFO     | pipeline.parsers.mw | MarketWatchParser: MW-NIFTY-MIDCAP-SELECT-27-Apr-2026.csv
2026-05-05 23:22:07 | INFO     | pipeline.parsers.mw | Index name: NIFTY MIDCAP SELECT
2026-05-05 23:22:07 | INFO     | pipeline.parsers.mw | MarketWatchParser result: 25 constituents
2026-05-05 23:22:07 | INFO     | pipeline.parsers.mw | MarketWatchParser: MW-NIFTY-MIDCAP-SELECT-27-Mar-2026.csv
2026-05-05 23:22:07 | INFO     | pipeline.parsers.mw | Index name: NIFTY MIDCAP SELECT
2026-05-05 23:22:07 | INFO     | pipeline.parsers.mw | MarketWatchParser result: 25 constituents
2026-05-05 23:22:07 | INFO     | pipeline.parsers.mw | MarketWatchParser: MW-NIFTY-MIDCAP-SELECT-28-Apr-2026.csv
2026-05-05 23:22:07 | INFO     | pipeline.parsers.mw | Index name: NIFTY MIDCAP SELECT
2026-05-05 23:22:07 | INFO     | pipeline.parsers.mw | MarketWatchParser result: 25 constituents
2026-05-05 23:22:07 | INFO     | pipeline.parsers.mw | MarketWatchParser: MW-NIFTY-MIDCAP-SELECT-29-Apr-2026.csv
2026-05-05 23:22:07 | INFO     | pipeline.parsers.mw | Index name: NIFTY MIDCAP SELECT
2026-05-05 23:22:07 | INFO     | pipeline.parsers.mw | MarketWatchParser result: 25 constituents
2026-05-05 23:22:07 | INFO     | pipeline.parsers.mw | MarketWatchParser: MW-NIFTY-MIDCAP-SELECT-30-Mar-2026.csv
2026-05-05 23:22:07 | INFO     | pipeline.parsers.mw | Index name: NIFTY MIDCAP SELECT
2026-05-05 23:22:07 | INFO     | pipeline.parsers.mw | MarketWatchParser result: 25 constituents
2026-05-05 23:22:07 | INFO     | pipeline.parsers.mw | MarketWatchParser: MW-NIFTY-NEXT-50-03-Apr-2026.csv
2026-05-05 23:22:07 | INFO     | pipeline.parsers.mw | Index name: NIFTY NEXT 50
2026-05-05 23:22:07 | INFO     | pipeline.parsers.mw | MarketWatchParser result: 50 constituents
2026-05-05 23:22:07 | INFO     | pipeline.parsers.mw | MarketWatchParser: MW-NIFTY-NEXT-50-06-Apr-2026.csv
2026-05-05 23:22:07 | INFO     | pipeline.parsers.mw | Index name: NIFTY NEXT 50
2026-05-05 23:22:07 | INFO     | pipeline.parsers.mw | MarketWatchParser result: 50 constituents
2026-05-05 23:22:07 | INFO     | pipeline.parsers.mw | MarketWatchParser: MW-NIFTY-NEXT-50-07-Apr-2026.csv
2026-05-05 23:22:07 | INFO     | pipeline.parsers.mw | Index name: NIFTY NEXT 50
2026-05-05 23:22:07 | INFO     | pipeline.parsers.mw | MarketWatchParser result: 50 constituents
2026-05-05 23:22:07 | INFO     | pipeline.parsers.mw | MarketWatchParser: MW-NIFTY-NEXT-50-08-Apr-2026.csv
2026-05-05 23:22:07 | INFO     | pipeline.parsers.mw | Index name: NIFTY NEXT 50
2026-05-05 23:22:07 | INFO     | pipeline.parsers.mw | MarketWatchParser result: 50 constituents
2026-05-05 23:22:07 | INFO     | pipeline.parsers.mw | MarketWatchParser: MW-NIFTY-NEXT-50-09-Apr-2026.csv
2026-05-05 23:22:07 | INFO     | pipeline.parsers.mw | Index name: NIFTY NEXT 50
2026-05-05 23:22:07 | INFO     | pipeline.parsers.mw | MarketWatchParser result: 50 constituents
2026-05-05 23:22:07 | INFO     | pipeline.parsers.mw | MarketWatchParser: MW-NIFTY-NEXT-50-10-Apr-2026.csv
2026-05-05 23:22:07 | INFO     | pipeline.parsers.mw | Index name: NIFTY NEXT 50
2026-05-05 23:22:07 | INFO     | pipeline.parsers.mw | MarketWatchParser result: 50 constituents
2026-05-05 23:22:07 | INFO     | pipeline.parsers.mw | MarketWatchParser: MW-NIFTY-NEXT-50-13-Apr-2026.csv
2026-05-05 23:22:07 | INFO     | pipeline.parsers.mw | Index name: NIFTY NEXT 50
2026-05-05 23:22:07 | INFO     | pipeline.parsers.mw | MarketWatchParser result: 50 constituents
2026-05-05 23:22:07 | INFO     | pipeline.parsers.mw | MarketWatchParser: MW-NIFTY-NEXT-50-15-Apr-2026.csv
2026-05-05 23:22:07 | INFO     | pipeline.parsers.mw | Index name: NIFTY NEXT 50
2026-05-05 23:22:07 | INFO     | pipeline.parsers.mw | MarketWatchParser result: 50 constituents
2026-05-05 23:22:07 | INFO     | pipeline.parsers.mw | MarketWatchParser: MW-NIFTY-NEXT-50-16-Apr-2026.csv
2026-05-05 23:22:07 | INFO     | pipeline.parsers.mw | Index name: NIFTY NEXT 50
2026-05-05 23:22:08 | INFO     | pipeline.parsers.mw | MarketWatchParser result: 50 constituents
2026-05-05 23:22:08 | INFO     | pipeline.parsers.mw | MarketWatchParser: MW-NIFTY-NEXT-50-17-Apr-2026.csv
2026-05-05 23:22:08 | INFO     | pipeline.parsers.mw | Index name: NIFTY NEXT 50
2026-05-05 23:22:08 | INFO     | pipeline.parsers.mw | MarketWatchParser result: 50 constituents
2026-05-05 23:22:08 | INFO     | pipeline.parsers.mw | MarketWatchParser: MW-NIFTY-NEXT-50-17-Mar-2026.csv
2026-05-05 23:22:08 | INFO     | pipeline.parsers.mw | Index name: NIFTY NEXT 50
2026-05-05 23:22:08 | INFO     | pipeline.parsers.mw | MarketWatchParser result: 50 constituents
2026-05-05 23:22:08 | INFO     | pipeline.parsers.mw | MarketWatchParser: MW-NIFTY-NEXT-50-18-Mar-2026.csv
2026-05-05 23:22:08 | INFO     | pipeline.parsers.mw | Index name: NIFTY NEXT 50
2026-05-05 23:22:08 | INFO     | pipeline.parsers.mw | MarketWatchParser result: 50 constituents
2026-05-05 23:22:08 | INFO     | pipeline.parsers.mw | MarketWatchParser: MW-NIFTY-NEXT-50-19-Mar-2026.csv
2026-05-05 23:22:08 | INFO     | pipeline.parsers.mw | Index name: NIFTY NEXT 50
2026-05-05 23:22:08 | INFO     | pipeline.parsers.mw | MarketWatchParser result: 50 constituents
2026-05-05 23:22:08 | INFO     | pipeline.parsers.mw | MarketWatchParser: MW-NIFTY-NEXT-50-20-Mar-2026.csv
2026-05-05 23:22:08 | INFO     | pipeline.parsers.mw | Index name: NIFTY NEXT 50
2026-05-05 23:22:08 | INFO     | pipeline.parsers.mw | MarketWatchParser result: 50 constituents
2026-05-05 23:22:08 | INFO     | pipeline.parsers.mw | MarketWatchParser: MW-NIFTY-NEXT-50-21-Apr-2026.csv
2026-05-05 23:22:08 | INFO     | pipeline.parsers.mw | Index name: NIFTY NEXT 50
2026-05-05 23:22:08 | INFO     | pipeline.parsers.mw | MarketWatchParser result: 50 constituents
2026-05-05 23:22:08 | INFO     | pipeline.parsers.mw | MarketWatchParser: MW-NIFTY-NEXT-50-22-Apr-2026.csv
2026-05-05 23:22:08 | INFO     | pipeline.parsers.mw | Index name: NIFTY NEXT 50
2026-05-05 23:22:08 | INFO     | pipeline.parsers.mw | MarketWatchParser result: 50 constituents
2026-05-05 23:22:08 | INFO     | pipeline.parsers.mw | MarketWatchParser: MW-NIFTY-NEXT-50-23-Apr-2026.csv
2026-05-05 23:22:08 | INFO     | pipeline.parsers.mw | Index name: NIFTY NEXT 50
2026-05-05 23:22:08 | INFO     | pipeline.parsers.mw | MarketWatchParser result: 50 constituents
2026-05-05 23:22:08 | INFO     | pipeline.parsers.mw | MarketWatchParser: MW-NIFTY-NEXT-50-23-Mar-2026.csv
2026-05-05 23:22:08 | INFO     | pipeline.parsers.mw | Index name: NIFTY NEXT 50
2026-05-05 23:22:08 | INFO     | pipeline.parsers.mw | MarketWatchParser result: 50 constituents
2026-05-05 23:22:08 | INFO     | pipeline.parsers.mw | MarketWatchParser: MW-NIFTY-NEXT-50-24-Apr-2026.csv
2026-05-05 23:22:08 | INFO     | pipeline.parsers.mw | Index name: NIFTY NEXT 50
2026-05-05 23:22:08 | INFO     | pipeline.parsers.mw | MarketWatchParser result: 50 constituents
2026-05-05 23:22:08 | INFO     | pipeline.parsers.mw | MarketWatchParser: MW-NIFTY-NEXT-50-24-Mar-2026.csv
2026-05-05 23:22:08 | INFO     | pipeline.parsers.mw | Index name: NIFTY NEXT 50
2026-05-05 23:22:08 | INFO     | pipeline.parsers.mw | MarketWatchParser result: 50 constituents
2026-05-05 23:22:08 | INFO     | pipeline.parsers.mw | MarketWatchParser: MW-NIFTY-NEXT-50-27-Apr-2026.csv
2026-05-05 23:22:08 | INFO     | pipeline.parsers.mw | Index name: NIFTY NEXT 50
2026-05-05 23:22:08 | INFO     | pipeline.parsers.mw | MarketWatchParser result: 50 constituents
2026-05-05 23:22:08 | INFO     | pipeline.parsers.mw | MarketWatchParser: MW-NIFTY-NEXT-50-27-Mar-2026.csv
2026-05-05 23:22:08 | INFO     | pipeline.parsers.mw | Index name: NIFTY NEXT 50
2026-05-05 23:22:08 | INFO     | pipeline.parsers.mw | MarketWatchParser result: 50 constituents
2026-05-05 23:22:08 | INFO     | pipeline.parsers.mw | MarketWatchParser: MW-NIFTY-NEXT-50-28-Apr-2026.csv
2026-05-05 23:22:08 | INFO     | pipeline.parsers.mw | Index name: NIFTY NEXT 50
2026-05-05 23:22:08 | INFO     | pipeline.parsers.mw | MarketWatchParser result: 50 constituents
2026-05-05 23:22:08 | INFO     | pipeline.parsers.mw | MarketWatchParser: MW-NIFTY-NEXT-50-29-Apr-2026.csv
2026-05-05 23:22:08 | INFO     | pipeline.parsers.mw | Index name: NIFTY NEXT 50
2026-05-05 23:22:08 | INFO     | pipeline.parsers.mw | MarketWatchParser result: 50 constituents
2026-05-05 23:22:08 | INFO     | pipeline.parsers.mw | MarketWatchParser: MW-NIFTY-NEXT-50-30-Mar-2026.csv
2026-05-05 23:22:08 | INFO     | pipeline.parsers.mw | Index name: NIFTY NEXT 50
2026-05-05 23:22:08 | INFO     | pipeline.parsers.mw | MarketWatchParser result: 50 constituents
2026-05-05 23:22:08 | INFO     | pipeline.parsers.mw | MarketWatchParser: MW-NIFTY-AUTO-03-Apr-2026.csv
2026-05-05 23:22:08 | INFO     | pipeline.parsers.mw | Index name: NIFTY AUTO
2026-05-05 23:22:08 | INFO     | pipeline.parsers.mw | MarketWatchParser result: 15 constituents
2026-05-05 23:22:08 | INFO     | pipeline.parsers.mw | MarketWatchParser: MW-NIFTY-AUTO-06-Apr-2026.csv
2026-05-05 23:22:08 | INFO     | pipeline.parsers.mw | Index name: NIFTY AUTO
2026-05-05 23:22:08 | INFO     | pipeline.parsers.mw | MarketWatchParser result: 15 constituents
2026-05-05 23:22:08 | INFO     | pipeline.parsers.mw | MarketWatchParser: MW-NIFTY-AUTO-07-Apr-2026.csv
2026-05-05 23:22:08 | INFO     | pipeline.parsers.mw | Index name: NIFTY AUTO
2026-05-05 23:22:08 | INFO     | pipeline.parsers.mw | MarketWatchParser result: 15 constituents
2026-05-05 23:22:08 | INFO     | pipeline.parsers.mw | MarketWatchParser: MW-NIFTY-AUTO-08-Apr-2026.csv
2026-05-05 23:22:08 | INFO     | pipeline.parsers.mw | Index name: NIFTY AUTO
2026-05-05 23:22:09 | INFO     | pipeline.parsers.mw | MarketWatchParser result: 15 constituents
2026-05-05 23:22:09 | INFO     | pipeline.parsers.mw | MarketWatchParser: MW-NIFTY-AUTO-09-Apr-2026.csv
2026-05-05 23:22:09 | INFO     | pipeline.parsers.mw | Index name: NIFTY AUTO
2026-05-05 23:22:09 | INFO     | pipeline.parsers.mw | MarketWatchParser result: 15 constituents
2026-05-05 23:22:09 | INFO     | pipeline.parsers.mw | MarketWatchParser: MW-NIFTY-AUTO-10-Apr-2026.csv
2026-05-05 23:22:09 | INFO     | pipeline.parsers.mw | Index name: NIFTY AUTO
2026-05-05 23:22:09 | INFO     | pipeline.parsers.mw | MarketWatchParser result: 15 constituents
2026-05-05 23:22:09 | INFO     | pipeline.parsers.mw | MarketWatchParser: MW-NIFTY-AUTO-13-Apr-2026.csv
2026-05-05 23:22:09 | INFO     | pipeline.parsers.mw | Index name: NIFTY AUTO
2026-05-05 23:22:09 | INFO     | pipeline.parsers.mw | MarketWatchParser result: 15 constituents
2026-05-05 23:22:09 | INFO     | pipeline.parsers.mw | MarketWatchParser: MW-NIFTY-AUTO-15-Apr-2026.csv
2026-05-05 23:22:09 | INFO     | pipeline.parsers.mw | Index name: NIFTY AUTO
2026-05-05 23:22:09 | INFO     | pipeline.parsers.mw | MarketWatchParser result: 15 constituents
2026-05-05 23:22:09 | INFO     | pipeline.parsers.mw | MarketWatchParser: MW-NIFTY-AUTO-16-Apr-2026.csv
2026-05-05 23:22:09 | INFO     | pipeline.parsers.mw | Index name: NIFTY AUTO
2026-05-05 23:22:09 | INFO     | pipeline.parsers.mw | MarketWatchParser result: 15 constituents
2026-05-05 23:22:09 | INFO     | pipeline.parsers.mw | MarketWatchParser: MW-NIFTY-AUTO-17-Apr-2026.csv
2026-05-05 23:22:09 | INFO     | pipeline.parsers.mw | Index name: NIFTY AUTO
2026-05-05 23:22:09 | INFO     | pipeline.parsers.mw | MarketWatchParser result: 15 constituents
2026-05-05 23:22:09 | INFO     | pipeline.parsers.mw | MarketWatchParser: MW-NIFTY-AUTO-17-Mar-2026.csv
2026-05-05 23:22:09 | INFO     | pipeline.parsers.mw | Index name: NIFTY AUTO
2026-05-05 23:22:09 | INFO     | pipeline.parsers.mw | MarketWatchParser result: 15 constituents
2026-05-05 23:22:09 | INFO     | pipeline.parsers.mw | MarketWatchParser: MW-NIFTY-AUTO-18-Mar-2026.csv
2026-05-05 23:22:09 | INFO     | pipeline.parsers.mw | Index name: NIFTY AUTO
2026-05-05 23:22:09 | INFO     | pipeline.parsers.mw | MarketWatchParser result: 15 constituents
2026-05-05 23:22:09 | INFO     | pipeline.parsers.mw | MarketWatchParser: MW-NIFTY-AUTO-19-Mar-2026.csv
2026-05-05 23:22:09 | INFO     | pipeline.parsers.mw | Index name: NIFTY AUTO
2026-05-05 23:22:09 | INFO     | pipeline.parsers.mw | MarketWatchParser result: 15 constituents
2026-05-05 23:22:09 | INFO     | pipeline.parsers.mw | MarketWatchParser: MW-NIFTY-AUTO-20-Mar-2026.csv
2026-05-05 23:22:09 | INFO     | pipeline.parsers.mw | Index name: NIFTY AUTO
2026-05-05 23:22:09 | INFO     | pipeline.parsers.mw | MarketWatchParser result: 15 constituents
2026-05-05 23:22:09 | INFO     | pipeline.parsers.mw | MarketWatchParser: MW-NIFTY-AUTO-21-Apr-2026.csv
2026-05-05 23:22:09 | INFO     | pipeline.parsers.mw | Index name: NIFTY AUTO
2026-05-05 23:22:09 | INFO     | pipeline.parsers.mw | MarketWatchParser result: 15 constituents
2026-05-05 23:22:09 | INFO     | pipeline.parsers.mw | MarketWatchParser: MW-NIFTY-AUTO-22-Apr-2026.csv
2026-05-05 23:22:09 | INFO     | pipeline.parsers.mw | Index name: NIFTY AUTO
2026-05-05 23:22:09 | INFO     | pipeline.parsers.mw | MarketWatchParser result: 15 constituents
2026-05-05 23:22:09 | INFO     | pipeline.parsers.mw | MarketWatchParser: MW-NIFTY-AUTO-23-Apr-2026.csv
2026-05-05 23:22:09 | INFO     | pipeline.parsers.mw | Index name: NIFTY AUTO
2026-05-05 23:22:09 | INFO     | pipeline.parsers.mw | MarketWatchParser result: 15 constituents
2026-05-05 23:22:09 | INFO     | pipeline.parsers.mw | MarketWatchParser: MW-NIFTY-AUTO-23-Mar-2026.csv
2026-05-05 23:22:09 | INFO     | pipeline.parsers.mw | Index name: NIFTY AUTO
2026-05-05 23:22:09 | INFO     | pipeline.parsers.mw | MarketWatchParser result: 15 constituents
2026-05-05 23:22:09 | INFO     | pipeline.parsers.mw | MarketWatchParser: MW-NIFTY-AUTO-24-Apr-2026.csv
2026-05-05 23:22:09 | INFO     | pipeline.parsers.mw | Index name: NIFTY AUTO
2026-05-05 23:22:09 | INFO     | pipeline.parsers.mw | MarketWatchParser result: 15 constituents
2026-05-05 23:22:09 | INFO     | pipeline.parsers.mw | MarketWatchParser: MW-NIFTY-AUTO-24-Mar-2026.csv
2026-05-05 23:22:09 | INFO     | pipeline.parsers.mw | Index name: NIFTY AUTO
2026-05-05 23:22:09 | INFO     | pipeline.parsers.mw | MarketWatchParser result: 15 constituents
2026-05-05 23:22:09 | INFO     | pipeline.parsers.mw | MarketWatchParser: MW-NIFTY-AUTO-27-Apr-2026.csv
2026-05-05 23:22:09 | INFO     | pipeline.parsers.mw | Index name: NIFTY AUTO
2026-05-05 23:22:09 | INFO     | pipeline.parsers.mw | MarketWatchParser result: 15 constituents
2026-05-05 23:22:09 | INFO     | pipeline.parsers.mw | MarketWatchParser: MW-NIFTY-AUTO-27-Mar-2026.csv
2026-05-05 23:22:09 | INFO     | pipeline.parsers.mw | Index name: NIFTY AUTO
2026-05-05 23:22:09 | INFO     | pipeline.parsers.mw | MarketWatchParser result: 15 constituents
2026-05-05 23:22:09 | INFO     | pipeline.parsers.mw | MarketWatchParser: MW-NIFTY-AUTO-28-Apr-2026.csv
2026-05-05 23:22:09 | INFO     | pipeline.parsers.mw | Index name: NIFTY AUTO
2026-05-05 23:22:09 | INFO     | pipeline.parsers.mw | MarketWatchParser result: 15 constituents
2026-05-05 23:22:09 | INFO     | pipeline.parsers.mw | MarketWatchParser: MW-NIFTY-AUTO-29-Apr-2026.csv
2026-05-05 23:22:09 | INFO     | pipeline.parsers.mw | Index name: NIFTY AUTO
2026-05-05 23:22:09 | INFO     | pipeline.parsers.mw | MarketWatchParser result: 15 constituents
2026-05-05 23:22:10 | INFO     | pipeline.parsers.mw | MarketWatchParser: MW-NIFTY-AUTO-30-Mar-2026.csv
2026-05-05 23:22:10 | INFO     | pipeline.parsers.mw | Index name: NIFTY AUTO
2026-05-05 23:22:10 | INFO     | pipeline.parsers.mw | MarketWatchParser result: 15 constituents
2026-05-05 23:22:10 | INFO     | pipeline.parsers.mw | MarketWatchParser: MW-NIFTY-CHEMICALS-03-Apr-2026.csv
2026-05-05 23:22:10 | INFO     | pipeline.parsers.mw | Index name: NIFTY CHEMICALS
2026-05-05 23:22:10 | INFO     | pipeline.parsers.mw | MarketWatchParser result: 20 constituents
2026-05-05 23:22:10 | INFO     | pipeline.parsers.mw | MarketWatchParser: MW-NIFTY-CHEMICALS-06-Apr-2026.csv
2026-05-05 23:22:10 | INFO     | pipeline.parsers.mw | Index name: NIFTY CHEMICALS
2026-05-05 23:22:10 | INFO     | pipeline.parsers.mw | MarketWatchParser result: 20 constituents
2026-05-05 23:22:10 | INFO     | pipeline.parsers.mw | MarketWatchParser: MW-NIFTY-CHEMICALS-07-Apr-2026.csv
2026-05-05 23:22:10 | INFO     | pipeline.parsers.mw | Index name: NIFTY CHEMICALS
2026-05-05 23:22:10 | INFO     | pipeline.parsers.mw | MarketWatchParser result: 20 constituents
2026-05-05 23:22:10 | INFO     | pipeline.parsers.mw | MarketWatchParser: MW-NIFTY-CHEMICALS-08-Apr-2026.csv
2026-05-05 23:22:10 | INFO     | pipeline.parsers.mw | Index name: NIFTY CHEMICALS
2026-05-05 23:22:10 | INFO     | pipeline.parsers.mw | MarketWatchParser result: 20 constituents
2026-05-05 23:22:10 | INFO     | pipeline.parsers.mw | MarketWatchParser: MW-NIFTY-CHEMICALS-09-Apr-2026.csv
2026-05-05 23:22:10 | INFO     | pipeline.parsers.mw | Index name: NIFTY CHEMICALS
2026-05-05 23:22:10 | INFO     | pipeline.parsers.mw | MarketWatchParser result: 20 constituents
2026-05-05 23:22:10 | INFO     | pipeline.parsers.mw | MarketWatchParser: MW-NIFTY-CHEMICALS-10-Apr-2026.csv
2026-05-05 23:22:10 | INFO     | pipeline.parsers.mw | Index name: NIFTY CHEMICALS
2026-05-05 23:22:10 | INFO     | pipeline.parsers.mw | MarketWatchParser result: 20 constituents
2026-05-05 23:22:10 | INFO     | pipeline.parsers.mw | MarketWatchParser: MW-NIFTY-CHEMICALS-13-Apr-2026.csv
2026-05-05 23:22:10 | INFO     | pipeline.parsers.mw | Index name: NIFTY CHEMICALS
2026-05-05 23:22:10 | INFO     | pipeline.parsers.mw | MarketWatchParser result: 20 constituents
2026-05-05 23:22:10 | INFO     | pipeline.parsers.mw | MarketWatchParser: MW-NIFTY-CHEMICALS-15-Apr-2026.csv
2026-05-05 23:22:10 | INFO     | pipeline.parsers.mw | Index name: NIFTY CHEMICALS
2026-05-05 23:22:10 | INFO     | pipeline.parsers.mw | MarketWatchParser result: 20 constituents
2026-05-05 23:22:10 | INFO     | pipeline.parsers.mw | MarketWatchParser: MW-NIFTY-CHEMICALS-16-Apr-2026.csv
2026-05-05 23:22:10 | INFO     | pipeline.parsers.mw | Index name: NIFTY CHEMICALS
2026-05-05 23:22:10 | INFO     | pipeline.parsers.mw | MarketWatchParser result: 20 constituents
2026-05-05 23:22:10 | INFO     | pipeline.parsers.mw | MarketWatchParser: MW-NIFTY-CHEMICALS-17-Apr-2026.csv
2026-05-05 23:22:10 | INFO     | pipeline.parsers.mw | Index name: NIFTY CHEMICALS
2026-05-05 23:22:10 | INFO     | pipeline.parsers.mw | MarketWatchParser result: 20 constituents
2026-05-05 23:22:10 | INFO     | pipeline.parsers.mw | MarketWatchParser: MW-NIFTY-CHEMICALS-17-Mar-2026.csv
2026-05-05 23:22:10 | INFO     | pipeline.parsers.mw | Index name: NIFTY CHEMICALS
2026-05-05 23:22:10 | INFO     | pipeline.parsers.mw | MarketWatchParser result: 20 constituents
2026-05-05 23:22:10 | INFO     | pipeline.parsers.mw | MarketWatchParser: MW-NIFTY-CHEMICALS-18-Mar-2026.csv
2026-05-05 23:22:10 | INFO     | pipeline.parsers.mw | Index name: NIFTY CHEMICALS
2026-05-05 23:22:10 | INFO     | pipeline.parsers.mw | MarketWatchParser result: 20 constituents
2026-05-05 23:22:10 | INFO     | pipeline.parsers.mw | MarketWatchParser: MW-NIFTY-CHEMICALS-19-Mar-2026.csv
2026-05-05 23:22:10 | INFO     | pipeline.parsers.mw | Index name: NIFTY CHEMICALS
2026-05-05 23:22:10 | INFO     | pipeline.parsers.mw | MarketWatchParser result: 20 constituents
2026-05-05 23:22:10 | INFO     | pipeline.parsers.mw | MarketWatchParser: MW-NIFTY-CHEMICALS-20-Mar-2026.csv
2026-05-05 23:22:10 | INFO     | pipeline.parsers.mw | Index name: NIFTY CHEMICALS
2026-05-05 23:22:10 | INFO     | pipeline.parsers.mw | MarketWatchParser result: 20 constituents
2026-05-05 23:22:10 | INFO     | pipeline.parsers.mw | MarketWatchParser: MW-NIFTY-CHEMICALS-21-Apr-2026.csv
2026-05-05 23:22:10 | INFO     | pipeline.parsers.mw | Index name: NIFTY CHEMICALS
2026-05-05 23:22:10 | INFO     | pipeline.parsers.mw | MarketWatchParser result: 20 constituents
2026-05-05 23:22:10 | INFO     | pipeline.parsers.mw | MarketWatchParser: MW-NIFTY-CHEMICALS-22-Apr-2026.csv
2026-05-05 23:22:10 | INFO     | pipeline.parsers.mw | Index name: NIFTY CHEMICALS
2026-05-05 23:22:10 | INFO     | pipeline.parsers.mw | MarketWatchParser result: 20 constituents
2026-05-05 23:22:10 | INFO     | pipeline.parsers.mw | MarketWatchParser: MW-NIFTY-CHEMICALS-23-Apr-2026.csv
2026-05-05 23:22:10 | INFO     | pipeline.parsers.mw | Index name: NIFTY CHEMICALS
2026-05-05 23:22:10 | INFO     | pipeline.parsers.mw | MarketWatchParser result: 20 constituents
2026-05-05 23:22:10 | INFO     | pipeline.parsers.mw | MarketWatchParser: MW-NIFTY-CHEMICALS-23-Mar-2026.csv
2026-05-05 23:22:10 | INFO     | pipeline.parsers.mw | Index name: NIFTY CHEMICALS
2026-05-05 23:22:10 | INFO     | pipeline.parsers.mw | MarketWatchParser result: 20 constituents
2026-05-05 23:22:10 | INFO     | pipeline.parsers.mw | MarketWatchParser: MW-NIFTY-CHEMICALS-24-Apr-2026.csv
2026-05-05 23:22:10 | INFO     | pipeline.parsers.mw | Index name: NIFTY CHEMICALS
2026-05-05 23:22:10 | INFO     | pipeline.parsers.mw | MarketWatchParser result: 20 constituents
2026-05-05 23:22:10 | INFO     | pipeline.parsers.mw | MarketWatchParser: MW-NIFTY-CHEMICALS-24-Mar-2026.csv
2026-05-05 23:22:10 | INFO     | pipeline.parsers.mw | Index name: NIFTY CHEMICALS
2026-05-05 23:22:10 | INFO     | pipeline.parsers.mw | MarketWatchParser result: 20 constituents
2026-05-05 23:22:11 | INFO     | pipeline.parsers.mw | MarketWatchParser: MW-NIFTY-CHEMICALS-27-Apr-2026.csv
2026-05-05 23:22:11 | INFO     | pipeline.parsers.mw | Index name: NIFTY CHEMICALS
2026-05-05 23:22:11 | INFO     | pipeline.parsers.mw | MarketWatchParser result: 20 constituents
2026-05-05 23:22:11 | INFO     | pipeline.parsers.mw | MarketWatchParser: MW-NIFTY-CHEMICALS-27-Mar-2026.csv
2026-05-05 23:22:11 | INFO     | pipeline.parsers.mw | Index name: NIFTY CHEMICALS
2026-05-05 23:22:11 | INFO     | pipeline.parsers.mw | MarketWatchParser result: 20 constituents
2026-05-05 23:22:11 | INFO     | pipeline.parsers.mw | MarketWatchParser: MW-NIFTY-CHEMICALS-28-Apr-2026.csv
2026-05-05 23:22:11 | INFO     | pipeline.parsers.mw | Index name: NIFTY CHEMICALS
2026-05-05 23:22:11 | INFO     | pipeline.parsers.mw | MarketWatchParser result: 20 constituents
2026-05-05 23:22:11 | INFO     | pipeline.parsers.mw | MarketWatchParser: MW-NIFTY-CHEMICALS-29-Apr-2026.csv
2026-05-05 23:22:11 | INFO     | pipeline.parsers.mw | Index name: NIFTY CHEMICALS
2026-05-05 23:22:11 | INFO     | pipeline.parsers.mw | MarketWatchParser result: 20 constituents
2026-05-05 23:22:11 | INFO     | pipeline.parsers.mw | MarketWatchParser: MW-NIFTY-CHEMICALS-30-Mar-2026.csv
2026-05-05 23:22:11 | INFO     | pipeline.parsers.mw | Index name: NIFTY CHEMICALS
2026-05-05 23:22:11 | INFO     | pipeline.parsers.mw | MarketWatchParser result: 20 constituents
2026-05-05 23:22:11 | INFO     | pipeline.parsers.mw | MarketWatchParser: MW-NIFTY-CONSUMER-DURABLES-03-Apr-2026.csv
2026-05-05 23:22:11 | INFO     | pipeline.parsers.mw | Index name: NIFTY CONSUMER DURABLES
2026-05-05 23:22:11 | INFO     | pipeline.parsers.mw | MarketWatchParser result: 13 constituents
2026-05-05 23:22:11 | INFO     | pipeline.parsers.mw | MarketWatchParser: MW-NIFTY-CONSUMER-DURABLES-06-Apr-2026.csv
2026-05-05 23:22:11 | INFO     | pipeline.parsers.mw | Index name: NIFTY CONSUMER DURABLES
2026-05-05 23:22:11 | INFO     | pipeline.parsers.mw | MarketWatchParser result: 13 constituents
2026-05-05 23:22:11 | INFO     | pipeline.parsers.mw | MarketWatchParser: MW-NIFTY-CONSUMER-DURABLES-07-Apr-2026.csv
2026-05-05 23:22:11 | INFO     | pipeline.parsers.mw | Index name: NIFTY CONSUMER DURABLES
2026-05-05 23:22:11 | INFO     | pipeline.parsers.mw | MarketWatchParser result: 13 constituents
2026-05-05 23:22:11 | INFO     | pipeline.parsers.mw | MarketWatchParser: MW-NIFTY-CONSUMER-DURABLES-08-Apr-2026.csv
2026-05-05 23:22:11 | INFO     | pipeline.parsers.mw | Index name: NIFTY CONSUMER DURABLES
2026-05-05 23:22:11 | INFO     | pipeline.parsers.mw | MarketWatchParser result: 13 constituents
2026-05-05 23:22:11 | INFO     | pipeline.parsers.mw | MarketWatchParser: MW-NIFTY-CONSUMER-DURABLES-09-Apr-2026.csv
2026-05-05 23:22:11 | INFO     | pipeline.parsers.mw | Index name: NIFTY CONSUMER DURABLES
2026-05-05 23:22:11 | INFO     | pipeline.parsers.mw | MarketWatchParser result: 13 constituents
2026-05-05 23:22:11 | INFO     | pipeline.parsers.mw | MarketWatchParser: MW-NIFTY-CONSUMER-DURABLES-10-Apr-2026.csv
2026-05-05 23:22:11 | INFO     | pipeline.parsers.mw | Index name: NIFTY CONSUMER DURABLES
2026-05-05 23:22:11 | INFO     | pipeline.parsers.mw | MarketWatchParser result: 13 constituents
2026-05-05 23:22:11 | INFO     | pipeline.parsers.mw | MarketWatchParser: MW-NIFTY-CONSUMER-DURABLES-13-Apr-2026 (1).csv
2026-05-05 23:22:11 | INFO     | pipeline.parsers.mw | Index name: NIFTY CONSUMER DURABLES 13 Apr 2026 (1)
2026-05-05 23:22:11 | INFO     | pipeline.parsers.mw | MarketWatchParser result: 13 constituents
2026-05-05 23:22:11 | INFO     | pipeline.parsers.mw | MarketWatchParser: MW-NIFTY-CONSUMER-DURABLES-13-Apr-2026.csv
2026-05-05 23:22:11 | INFO     | pipeline.parsers.mw | Index name: NIFTY CONSUMER DURABLES
2026-05-05 23:22:11 | INFO     | pipeline.parsers.mw | MarketWatchParser result: 13 constituents
2026-05-05 23:22:11 | INFO     | pipeline.parsers.mw | MarketWatchParser: MW-NIFTY-CONSUMER-DURABLES-15-Apr-2026.csv
2026-05-05 23:22:11 | INFO     | pipeline.parsers.mw | Index name: NIFTY CONSUMER DURABLES
2026-05-05 23:22:11 | INFO     | pipeline.parsers.mw | MarketWatchParser result: 13 constituents
2026-05-05 23:22:11 | INFO     | pipeline.parsers.mw | MarketWatchParser: MW-NIFTY-CONSUMER-DURABLES-16-Apr-2026.csv
2026-05-05 23:22:11 | INFO     | pipeline.parsers.mw | Index name: NIFTY CONSUMER DURABLES
2026-05-05 23:22:11 | INFO     | pipeline.parsers.mw | MarketWatchParser result: 13 constituents
2026-05-05 23:22:11 | INFO     | pipeline.parsers.mw | MarketWatchParser: MW-NIFTY-CONSUMER-DURABLES-17-Apr-2026.csv
2026-05-05 23:22:11 | INFO     | pipeline.parsers.mw | Index name: NIFTY CONSUMER DURABLES
2026-05-05 23:22:11 | INFO     | pipeline.parsers.mw | MarketWatchParser result: 13 constituents
2026-05-05 23:22:11 | INFO     | pipeline.parsers.mw | MarketWatchParser: MW-NIFTY-CONSUMER-DURABLES-17-Mar-2026.csv
2026-05-05 23:22:11 | INFO     | pipeline.parsers.mw | Index name: NIFTY CONSUMER DURABLES
2026-05-05 23:22:11 | INFO     | pipeline.parsers.mw | MarketWatchParser result: 15 constituents
2026-05-05 23:22:11 | INFO     | pipeline.parsers.mw | MarketWatchParser: MW-NIFTY-CONSUMER-DURABLES-18-Mar-2026.csv
2026-05-05 23:22:11 | INFO     | pipeline.parsers.mw | Index name: NIFTY CONSUMER DURABLES
2026-05-05 23:22:11 | INFO     | pipeline.parsers.mw | MarketWatchParser result: 15 constituents
2026-05-05 23:22:12 | INFO     | pipeline.parsers.mw | MarketWatchParser: MW-NIFTY-CONSUMER-DURABLES-19-Mar-2026.csv
2026-05-05 23:22:12 | INFO     | pipeline.parsers.mw | Index name: NIFTY CONSUMER DURABLES
2026-05-05 23:22:12 | INFO     | pipeline.parsers.mw | MarketWatchParser result: 15 constituents
2026-05-05 23:22:12 | INFO     | pipeline.parsers.mw | MarketWatchParser: MW-NIFTY-CONSUMER-DURABLES-20-Mar-2026.csv
2026-05-05 23:22:12 | INFO     | pipeline.parsers.mw | Index name: NIFTY CONSUMER DURABLES
2026-05-05 23:22:12 | INFO     | pipeline.parsers.mw | MarketWatchParser result: 15 constituents
2026-05-05 23:22:12 | INFO     | pipeline.parsers.mw | MarketWatchParser: MW-NIFTY-CONSUMER-DURABLES-21-Apr-2026.csv
2026-05-05 23:22:12 | INFO     | pipeline.parsers.mw | Index name: NIFTY CONSUMER DURABLES
2026-05-05 23:22:12 | INFO     | pipeline.parsers.mw | MarketWatchParser result: 13 constituents
2026-05-05 23:22:12 | INFO     | pipeline.parsers.mw | MarketWatchParser: MW-NIFTY-CONSUMER-DURABLES-22-Apr-2026.csv
2026-05-05 23:22:12 | INFO     | pipeline.parsers.mw | Index name: NIFTY CONSUMER DURABLES
2026-05-05 23:22:12 | INFO     | pipeline.parsers.mw | MarketWatchParser result: 13 constituents
2026-05-05 23:22:12 | INFO     | pipeline.parsers.mw | MarketWatchParser: MW-NIFTY-CONSUMER-DURABLES-23-Apr-2026.csv
2026-05-05 23:22:12 | INFO     | pipeline.parsers.mw | Index name: NIFTY CONSUMER DURABLES
2026-05-05 23:22:12 | INFO     | pipeline.parsers.mw | MarketWatchParser result: 13 constituents
2026-05-05 23:22:12 | INFO     | pipeline.parsers.mw | MarketWatchParser: MW-NIFTY-CONSUMER-DURABLES-23-Mar-2026.csv
2026-05-05 23:22:12 | INFO     | pipeline.parsers.mw | Index name: NIFTY CONSUMER DURABLES
2026-05-05 23:22:12 | INFO     | pipeline.parsers.mw | MarketWatchParser result: 15 constituents
2026-05-05 23:22:12 | INFO     | pipeline.parsers.mw | MarketWatchParser: MW-NIFTY-CONSUMER-DURABLES-24-Apr-2026.csv
2026-05-05 23:22:12 | INFO     | pipeline.parsers.mw | Index name: NIFTY CONSUMER DURABLES
2026-05-05 23:22:12 | INFO     | pipeline.parsers.mw | MarketWatchParser result: 13 constituents
2026-05-05 23:22:12 | INFO     | pipeline.parsers.mw | MarketWatchParser: MW-NIFTY-CONSUMER-DURABLES-24-Mar-2026.csv
2026-05-05 23:22:12 | INFO     | pipeline.parsers.mw | Index name: NIFTY CONSUMER DURABLES
2026-05-05 23:22:12 | INFO     | pipeline.parsers.mw | MarketWatchParser result: 15 constituents
2026-05-05 23:22:12 | INFO     | pipeline.parsers.mw | MarketWatchParser: MW-NIFTY-CONSUMER-DURABLES-27-Apr-2026.csv
2026-05-05 23:22:12 | INFO     | pipeline.parsers.mw | Index name: NIFTY CONSUMER DURABLES
2026-05-05 23:22:12 | INFO     | pipeline.parsers.mw | MarketWatchParser result: 13 constituents
2026-05-05 23:22:12 | INFO     | pipeline.parsers.mw | MarketWatchParser: MW-NIFTY-CONSUMER-DURABLES-27-Mar-2026.csv
2026-05-05 23:22:12 | INFO     | pipeline.parsers.mw | Index name: NIFTY CONSUMER DURABLES
2026-05-05 23:22:12 | INFO     | pipeline.parsers.mw | MarketWatchParser result: 15 constituents
2026-05-05 23:22:12 | INFO     | pipeline.parsers.mw | MarketWatchParser: MW-NIFTY-CONSUMER-DURABLES-28-Apr-2026.csv
2026-05-05 23:22:12 | INFO     | pipeline.parsers.mw | Index name: NIFTY CONSUMER DURABLES
2026-05-05 23:22:12 | INFO     | pipeline.parsers.mw | MarketWatchParser result: 13 constituents
2026-05-05 23:22:12 | INFO     | pipeline.parsers.mw | MarketWatchParser: MW-NIFTY-CONSUMER-DURABLES-29-Apr-2026.csv
2026-05-05 23:22:12 | INFO     | pipeline.parsers.mw | Index name: NIFTY CONSUMER DURABLES
2026-05-05 23:22:12 | INFO     | pipeline.parsers.mw | MarketWatchParser result: 13 constituents
2026-05-05 23:22:12 | INFO     | pipeline.parsers.mw | MarketWatchParser: MW-NIFTY-CONSUMER-DURABLES-30-Mar-2026.csv
2026-05-05 23:22:12 | INFO     | pipeline.parsers.mw | Index name: NIFTY CONSUMER DURABLES
2026-05-05 23:22:12 | INFO     | pipeline.parsers.mw | MarketWatchParser result: 15 constituents
2026-05-05 23:22:12 | INFO     | pipeline.parsers.mw | MarketWatchParser: MW-NIFTY-FMCG-03-Apr-2026.csv
2026-05-05 23:22:12 | INFO     | pipeline.parsers.mw | Index name: NIFTY FMCG
2026-05-05 23:22:12 | INFO     | pipeline.parsers.mw | MarketWatchParser result: 15 constituents
2026-05-05 23:22:12 | INFO     | pipeline.parsers.mw | MarketWatchParser: MW-NIFTY-FMCG-06-Apr-2026.csv
2026-05-05 23:22:12 | INFO     | pipeline.parsers.mw | Index name: NIFTY FMCG
2026-05-05 23:22:12 | INFO     | pipeline.parsers.mw | MarketWatchParser result: 15 constituents
2026-05-05 23:22:12 | INFO     | pipeline.parsers.mw | MarketWatchParser: MW-NIFTY-FMCG-07-Apr-2026.csv
2026-05-05 23:22:12 | INFO     | pipeline.parsers.mw | Index name: NIFTY FMCG
2026-05-05 23:22:12 | INFO     | pipeline.parsers.mw | MarketWatchParser result: 15 constituents
2026-05-05 23:22:12 | INFO     | pipeline.parsers.mw | MarketWatchParser: MW-NIFTY-FMCG-08-Apr-2026.csv
2026-05-05 23:22:12 | INFO     | pipeline.parsers.mw | Index name: NIFTY FMCG
2026-05-05 23:22:12 | INFO     | pipeline.parsers.mw | MarketWatchParser result: 15 constituents
2026-05-05 23:22:12 | INFO     | pipeline.parsers.mw | MarketWatchParser: MW-NIFTY-FMCG-09-Apr-2026.csv
2026-05-05 23:22:12 | INFO     | pipeline.parsers.mw | Index name: NIFTY FMCG
2026-05-05 23:22:12 | INFO     | pipeline.parsers.mw | MarketWatchParser result: 15 constituents
2026-05-05 23:22:12 | INFO     | pipeline.parsers.mw | MarketWatchParser: MW-NIFTY-FMCG-10-Apr-2026.csv
2026-05-05 23:22:12 | INFO     | pipeline.parsers.mw | Index name: NIFTY FMCG
2026-05-05 23:22:12 | INFO     | pipeline.parsers.mw | MarketWatchParser result: 15 constituents
2026-05-05 23:22:12 | INFO     | pipeline.parsers.mw | MarketWatchParser: MW-NIFTY-FMCG-13-Apr-2026 (1).csv
2026-05-05 23:22:12 | INFO     | pipeline.parsers.mw | Index name: NIFTY FMCG 13 Apr 2026 (1)
2026-05-05 23:22:12 | INFO     | pipeline.parsers.mw | MarketWatchParser result: 15 constituents
2026-05-05 23:22:12 | INFO     | pipeline.parsers.mw | MarketWatchParser: MW-NIFTY-FMCG-13-Apr-2026.csv
2026-05-05 23:22:12 | INFO     | pipeline.parsers.mw | Index name: NIFTY FMCG
2026-05-05 23:22:12 | INFO     | pipeline.parsers.mw | MarketWatchParser result: 15 constituents
2026-05-05 23:22:12 | INFO     | pipeline.parsers.mw | MarketWatchParser: MW-NIFTY-FMCG-15-Apr-2026.csv
2026-05-05 23:22:12 | INFO     | pipeline.parsers.mw | Index name: NIFTY FMCG
2026-05-05 23:22:12 | INFO     | pipeline.parsers.mw | MarketWatchParser result: 15 constituents
2026-05-05 23:22:12 | INFO     | pipeline.parsers.mw | MarketWatchParser: MW-NIFTY-FMCG-16-Apr-2026.csv
2026-05-05 23:22:12 | INFO     | pipeline.parsers.mw | Index name: NIFTY FMCG
2026-05-05 23:22:13 | INFO     | pipeline.parsers.mw | MarketWatchParser result: 15 constituents
2026-05-05 23:22:13 | INFO     | pipeline.parsers.mw | MarketWatchParser: MW-NIFTY-FMCG-17-Apr-2026.csv
2026-05-05 23:22:13 | INFO     | pipeline.parsers.mw | Index name: NIFTY FMCG
2026-05-05 23:22:13 | INFO     | pipeline.parsers.mw | MarketWatchParser result: 15 constituents
2026-05-05 23:22:13 | INFO     | pipeline.parsers.mw | MarketWatchParser: MW-NIFTY-FMCG-17-Mar-2026.csv
2026-05-05 23:22:13 | INFO     | pipeline.parsers.mw | Index name: NIFTY FMCG
2026-05-05 23:22:13 | INFO     | pipeline.parsers.mw | MarketWatchParser result: 15 constituents
2026-05-05 23:22:13 | INFO     | pipeline.parsers.mw | MarketWatchParser: MW-NIFTY-FMCG-18-Mar-2026.csv
2026-05-05 23:22:13 | INFO     | pipeline.parsers.mw | Index name: NIFTY FMCG
2026-05-05 23:22:13 | INFO     | pipeline.parsers.mw | MarketWatchParser result: 15 constituents
2026-05-05 23:22:13 | INFO     | pipeline.parsers.mw | MarketWatchParser: MW-NIFTY-FMCG-19-Mar-2026.csv
2026-05-05 23:22:13 | INFO     | pipeline.parsers.mw | Index name: NIFTY FMCG
2026-05-05 23:22:13 | INFO     | pipeline.parsers.mw | MarketWatchParser result: 15 constituents
2026-05-05 23:22:13 | INFO     | pipeline.parsers.mw | MarketWatchParser: MW-NIFTY-FMCG-20-Mar-2026.csv
2026-05-05 23:22:13 | INFO     | pipeline.parsers.mw | Index name: NIFTY FMCG
2026-05-05 23:22:13 | INFO     | pipeline.parsers.mw | MarketWatchParser result: 15 constituents
2026-05-05 23:22:13 | INFO     | pipeline.parsers.mw | MarketWatchParser: MW-NIFTY-FMCG-21-Apr-2026.csv
2026-05-05 23:22:13 | INFO     | pipeline.parsers.mw | Index name: NIFTY FMCG
2026-05-05 23:22:13 | INFO     | pipeline.parsers.mw | MarketWatchParser result: 15 constituents
2026-05-05 23:22:13 | INFO     | pipeline.parsers.mw | MarketWatchParser: MW-NIFTY-FMCG-22-Apr-2026.csv
2026-05-05 23:22:13 | INFO     | pipeline.parsers.mw | Index name: NIFTY FMCG
2026-05-05 23:22:13 | INFO     | pipeline.parsers.mw | MarketWatchParser result: 15 constituents
2026-05-05 23:22:13 | INFO     | pipeline.parsers.mw | MarketWatchParser: MW-NIFTY-FMCG-23-Apr-2026.csv
2026-05-05 23:22:13 | INFO     | pipeline.parsers.mw | Index name: NIFTY FMCG
2026-05-05 23:22:13 | INFO     | pipeline.parsers.mw | MarketWatchParser result: 15 constituents
2026-05-05 23:22:13 | INFO     | pipeline.parsers.mw | MarketWatchParser: MW-NIFTY-FMCG-23-Mar-2026.csv
2026-05-05 23:22:13 | INFO     | pipeline.parsers.mw | Index name: NIFTY FMCG
2026-05-05 23:22:13 | INFO     | pipeline.parsers.mw | MarketWatchParser result: 15 constituents
2026-05-05 23:22:13 | INFO     | pipeline.parsers.mw | MarketWatchParser: MW-NIFTY-FMCG-24-Apr-2026.csv
2026-05-05 23:22:13 | INFO     | pipeline.parsers.mw | Index name: NIFTY FMCG
2026-05-05 23:22:13 | INFO     | pipeline.parsers.mw | MarketWatchParser result: 15 constituents
2026-05-05 23:22:13 | INFO     | pipeline.parsers.mw | MarketWatchParser: MW-NIFTY-FMCG-24-Mar-2026.csv
2026-05-05 23:22:13 | INFO     | pipeline.parsers.mw | Index name: NIFTY FMCG
2026-05-05 23:22:13 | INFO     | pipeline.parsers.mw | MarketWatchParser result: 15 constituents
2026-05-05 23:22:13 | INFO     | pipeline.parsers.mw | MarketWatchParser: MW-NIFTY-FMCG-27-Apr-2026.csv
2026-05-05 23:22:13 | INFO     | pipeline.parsers.mw | Index name: NIFTY FMCG
2026-05-05 23:22:13 | INFO     | pipeline.parsers.mw | MarketWatchParser result: 15 constituents
2026-05-05 23:22:13 | INFO     | pipeline.parsers.mw | MarketWatchParser: MW-NIFTY-FMCG-27-Mar-2026.csv
2026-05-05 23:22:13 | INFO     | pipeline.parsers.mw | Index name: NIFTY FMCG
2026-05-05 23:22:13 | INFO     | pipeline.parsers.mw | MarketWatchParser result: 15 constituents
2026-05-05 23:22:13 | INFO     | pipeline.parsers.mw | MarketWatchParser: MW-NIFTY-FMCG-28-Apr-2026.csv
2026-05-05 23:22:13 | INFO     | pipeline.parsers.mw | Index name: NIFTY FMCG
2026-05-05 23:22:13 | INFO     | pipeline.parsers.mw | MarketWatchParser result: 15 constituents
2026-05-05 23:22:13 | INFO     | pipeline.parsers.mw | MarketWatchParser: MW-NIFTY-FMCG-29-Apr-2026.csv
2026-05-05 23:22:13 | INFO     | pipeline.parsers.mw | Index name: NIFTY FMCG
2026-05-05 23:22:13 | INFO     | pipeline.parsers.mw | MarketWatchParser result: 15 constituents
2026-05-05 23:22:13 | INFO     | pipeline.parsers.mw | MarketWatchParser: MW-NIFTY-FMCG-30-Mar-2026.csv
2026-05-05 23:22:13 | INFO     | pipeline.parsers.mw | Index name: NIFTY FMCG
2026-05-05 23:22:13 | INFO     | pipeline.parsers.mw | MarketWatchParser result: 15 constituents
2026-05-05 23:22:13 | INFO     | pipeline.parsers.mw | MarketWatchParser: MW-NIFTY-HEALTHCARE-INDEX-03-Apr-2026.csv
2026-05-05 23:22:13 | INFO     | pipeline.parsers.mw | Index name: NIFTY HEALTHCARE INDEX
2026-05-05 23:22:13 | INFO     | pipeline.parsers.mw | MarketWatchParser result: 20 constituents
2026-05-05 23:22:13 | INFO     | pipeline.parsers.mw | MarketWatchParser: MW-NIFTY-HEALTHCARE-INDEX-06-Apr-2026.csv
2026-05-05 23:22:13 | INFO     | pipeline.parsers.mw | Index name: NIFTY HEALTHCARE INDEX
2026-05-05 23:22:13 | INFO     | pipeline.parsers.mw | MarketWatchParser result: 20 constituents
2026-05-05 23:22:14 | INFO     | pipeline.parsers.mw | MarketWatchParser: MW-NIFTY-HEALTHCARE-INDEX-07-Apr-2026.csv
2026-05-05 23:22:14 | INFO     | pipeline.parsers.mw | Index name: NIFTY HEALTHCARE INDEX
2026-05-05 23:22:14 | INFO     | pipeline.parsers.mw | MarketWatchParser result: 20 constituents
2026-05-05 23:22:14 | INFO     | pipeline.parsers.mw | MarketWatchParser: MW-NIFTY-HEALTHCARE-INDEX-08-Apr-2026.csv
2026-05-05 23:22:14 | INFO     | pipeline.parsers.mw | Index name: NIFTY HEALTHCARE INDEX
2026-05-05 23:22:14 | INFO     | pipeline.parsers.mw | MarketWatchParser result: 20 constituents
2026-05-05 23:22:14 | INFO     | pipeline.parsers.mw | MarketWatchParser: MW-NIFTY-HEALTHCARE-INDEX-09-Apr-2026.csv
2026-05-05 23:22:14 | INFO     | pipeline.parsers.mw | Index name: NIFTY HEALTHCARE INDEX
2026-05-05 23:22:14 | INFO     | pipeline.parsers.mw | MarketWatchParser result: 20 constituents
2026-05-05 23:22:14 | INFO     | pipeline.parsers.mw | MarketWatchParser: MW-NIFTY-HEALTHCARE-INDEX-10-Apr-2026.csv
2026-05-05 23:22:14 | INFO     | pipeline.parsers.mw | Index name: NIFTY HEALTHCARE INDEX
2026-05-05 23:22:14 | INFO     | pipeline.parsers.mw | MarketWatchParser result: 20 constituents
2026-05-05 23:22:14 | INFO     | pipeline.parsers.mw | MarketWatchParser: MW-NIFTY-HEALTHCARE-INDEX-13-Apr-2026.csv
2026-05-05 23:22:14 | INFO     | pipeline.parsers.mw | Index name: NIFTY HEALTHCARE INDEX
2026-05-05 23:22:14 | INFO     | pipeline.parsers.mw | MarketWatchParser result: 20 constituents
2026-05-05 23:22:14 | INFO     | pipeline.parsers.mw | MarketWatchParser: MW-NIFTY-HEALTHCARE-INDEX-15-Apr-2026.csv
2026-05-05 23:22:14 | INFO     | pipeline.parsers.mw | Index name: NIFTY HEALTHCARE INDEX
2026-05-05 23:22:14 | INFO     | pipeline.parsers.mw | MarketWatchParser result: 20 constituents
2026-05-05 23:22:14 | INFO     | pipeline.parsers.mw | MarketWatchParser: MW-NIFTY-HEALTHCARE-INDEX-16-Apr-2026.csv
2026-05-05 23:22:14 | INFO     | pipeline.parsers.mw | Index name: NIFTY HEALTHCARE INDEX
2026-05-05 23:22:14 | INFO     | pipeline.parsers.mw | MarketWatchParser result: 20 constituents
2026-05-05 23:22:14 | INFO     | pipeline.parsers.mw | MarketWatchParser: MW-NIFTY-HEALTHCARE-INDEX-17-Apr-2026.csv
2026-05-05 23:22:14 | INFO     | pipeline.parsers.mw | Index name: NIFTY HEALTHCARE INDEX
2026-05-05 23:22:14 | INFO     | pipeline.parsers.mw | MarketWatchParser result: 20 constituents
2026-05-05 23:22:14 | INFO     | pipeline.parsers.mw | MarketWatchParser: MW-NIFTY-HEALTHCARE-INDEX-17-Mar-2026.csv
2026-05-05 23:22:14 | INFO     | pipeline.parsers.mw | Index name: NIFTY HEALTHCARE INDEX
2026-05-05 23:22:14 | INFO     | pipeline.parsers.mw | MarketWatchParser result: 20 constituents
2026-05-05 23:22:14 | INFO     | pipeline.parsers.mw | MarketWatchParser: MW-NIFTY-HEALTHCARE-INDEX-18-Mar-2026.csv
2026-05-05 23:22:14 | INFO     | pipeline.parsers.mw | Index name: NIFTY HEALTHCARE INDEX
2026-05-05 23:22:14 | INFO     | pipeline.parsers.mw | MarketWatchParser result: 20 constituents
2026-05-05 23:22:14 | INFO     | pipeline.parsers.mw | MarketWatchParser: MW-NIFTY-HEALTHCARE-INDEX-19-Mar-2026.csv
2026-05-05 23:22:14 | INFO     | pipeline.parsers.mw | Index name: NIFTY HEALTHCARE INDEX
2026-05-05 23:22:14 | INFO     | pipeline.parsers.mw | MarketWatchParser result: 20 constituents
2026-05-05 23:22:14 | INFO     | pipeline.parsers.mw | MarketWatchParser: MW-NIFTY-HEALTHCARE-INDEX-20-Mar-2026.csv
2026-05-05 23:22:14 | INFO     | pipeline.parsers.mw | Index name: NIFTY HEALTHCARE INDEX
2026-05-05 23:22:14 | INFO     | pipeline.parsers.mw | MarketWatchParser result: 20 constituents
2026-05-05 23:22:14 | INFO     | pipeline.parsers.mw | MarketWatchParser: MW-NIFTY-HEALTHCARE-INDEX-21-Apr-2026.csv
2026-05-05 23:22:14 | INFO     | pipeline.parsers.mw | Index name: NIFTY HEALTHCARE INDEX
2026-05-05 23:22:14 | INFO     | pipeline.parsers.mw | MarketWatchParser result: 20 constituents
2026-05-05 23:22:14 | INFO     | pipeline.parsers.mw | MarketWatchParser: MW-NIFTY-HEALTHCARE-INDEX-22-Apr-2026.csv
2026-05-05 23:22:14 | INFO     | pipeline.parsers.mw | Index name: NIFTY HEALTHCARE INDEX
2026-05-05 23:22:14 | INFO     | pipeline.parsers.mw | MarketWatchParser result: 20 constituents
2026-05-05 23:22:14 | INFO     | pipeline.parsers.mw | MarketWatchParser: MW-NIFTY-HEALTHCARE-INDEX-23-Apr-2026.csv
2026-05-05 23:22:14 | INFO     | pipeline.parsers.mw | Index name: NIFTY HEALTHCARE INDEX
2026-05-05 23:22:14 | INFO     | pipeline.parsers.mw | MarketWatchParser result: 20 constituents
2026-05-05 23:22:14 | INFO     | pipeline.parsers.mw | MarketWatchParser: MW-NIFTY-HEALTHCARE-INDEX-23-Mar-2026.csv
2026-05-05 23:22:14 | INFO     | pipeline.parsers.mw | Index name: NIFTY HEALTHCARE INDEX
2026-05-05 23:22:14 | INFO     | pipeline.parsers.mw | MarketWatchParser result: 20 constituents
2026-05-05 23:22:14 | INFO     | pipeline.parsers.mw | MarketWatchParser: MW-NIFTY-HEALTHCARE-INDEX-24-Apr-2026.csv
2026-05-05 23:22:14 | INFO     | pipeline.parsers.mw | Index name: NIFTY HEALTHCARE INDEX
2026-05-05 23:22:14 | INFO     | pipeline.parsers.mw | MarketWatchParser result: 20 constituents
2026-05-05 23:22:14 | INFO     | pipeline.parsers.mw | MarketWatchParser: MW-NIFTY-HEALTHCARE-INDEX-24-Mar-2026.csv
2026-05-05 23:22:14 | INFO     | pipeline.parsers.mw | Index name: NIFTY HEALTHCARE INDEX
2026-05-05 23:22:14 | INFO     | pipeline.parsers.mw | MarketWatchParser result: 20 constituents
2026-05-05 23:22:14 | INFO     | pipeline.parsers.mw | MarketWatchParser: MW-NIFTY-HEALTHCARE-INDEX-27-Apr-2026.csv
2026-05-05 23:22:14 | INFO     | pipeline.parsers.mw | Index name: NIFTY HEALTHCARE INDEX
2026-05-05 23:22:14 | INFO     | pipeline.parsers.mw | MarketWatchParser result: 20 constituents
2026-05-05 23:22:15 | INFO     | pipeline.parsers.mw | MarketWatchParser: MW-NIFTY-HEALTHCARE-INDEX-27-Mar-2026.csv
2026-05-05 23:22:15 | INFO     | pipeline.parsers.mw | Index name: NIFTY HEALTHCARE INDEX
2026-05-05 23:22:15 | INFO     | pipeline.parsers.mw | MarketWatchParser result: 20 constituents
2026-05-05 23:22:15 | INFO     | pipeline.parsers.mw | MarketWatchParser: MW-NIFTY-HEALTHCARE-INDEX-28-Apr-2026.csv
2026-05-05 23:22:15 | INFO     | pipeline.parsers.mw | Index name: NIFTY HEALTHCARE INDEX
2026-05-05 23:22:15 | INFO     | pipeline.parsers.mw | MarketWatchParser result: 20 constituents
2026-05-05 23:22:15 | INFO     | pipeline.parsers.mw | MarketWatchParser: MW-NIFTY-HEALTHCARE-INDEX-29-Apr-2026.csv
2026-05-05 23:22:15 | INFO     | pipeline.parsers.mw | Index name: NIFTY HEALTHCARE INDEX
2026-05-05 23:22:15 | INFO     | pipeline.parsers.mw | MarketWatchParser result: 20 constituents
2026-05-05 23:22:15 | INFO     | pipeline.parsers.mw | MarketWatchParser: MW-NIFTY-HEALTHCARE-INDEX-30-Mar-2026.csv
2026-05-05 23:22:15 | INFO     | pipeline.parsers.mw | Index name: NIFTY HEALTHCARE INDEX
2026-05-05 23:22:15 | INFO     | pipeline.parsers.mw | MarketWatchParser result: 20 constituents
2026-05-05 23:22:15 | INFO     | pipeline.parsers.mw | MarketWatchParser: MW-NIFTY-IT-03-Apr-2026.csv
2026-05-05 23:22:15 | INFO     | pipeline.parsers.mw | Index name: NIFTY IT
2026-05-05 23:22:15 | INFO     | pipeline.parsers.mw | MarketWatchParser result: 10 constituents
2026-05-05 23:22:15 | INFO     | pipeline.parsers.mw | MarketWatchParser: MW-NIFTY-IT-06-Apr-2026.csv
2026-05-05 23:22:15 | INFO     | pipeline.parsers.mw | Index name: NIFTY IT
2026-05-05 23:22:15 | INFO     | pipeline.parsers.mw | MarketWatchParser result: 10 constituents
2026-05-05 23:22:15 | INFO     | pipeline.parsers.mw | MarketWatchParser: MW-NIFTY-IT-07-Apr-2026.csv
2026-05-05 23:22:15 | INFO     | pipeline.parsers.mw | Index name: NIFTY IT
2026-05-05 23:22:15 | INFO     | pipeline.parsers.mw | MarketWatchParser result: 10 constituents
2026-05-05 23:22:15 | INFO     | pipeline.parsers.mw | MarketWatchParser: MW-NIFTY-IT-08-Apr-2026.csv
2026-05-05 23:22:15 | INFO     | pipeline.parsers.mw | Index name: NIFTY IT
2026-05-05 23:22:15 | INFO     | pipeline.parsers.mw | MarketWatchParser result: 10 constituents
2026-05-05 23:22:15 | INFO     | pipeline.parsers.mw | MarketWatchParser: MW-NIFTY-IT-09-Apr-2026.csv
2026-05-05 23:22:15 | INFO     | pipeline.parsers.mw | Index name: NIFTY IT
2026-05-05 23:22:15 | INFO     | pipeline.parsers.mw | MarketWatchParser result: 10 constituents
2026-05-05 23:22:15 | INFO     | pipeline.parsers.mw | MarketWatchParser: MW-NIFTY-IT-10-Apr-2026.csv
2026-05-05 23:22:15 | INFO     | pipeline.parsers.mw | Index name: NIFTY IT
2026-05-05 23:22:15 | INFO     | pipeline.parsers.mw | MarketWatchParser result: 10 constituents
2026-05-05 23:22:15 | INFO     | pipeline.parsers.mw | MarketWatchParser: MW-NIFTY-IT-13-Apr-2026.csv
2026-05-05 23:22:15 | INFO     | pipeline.parsers.mw | Index name: NIFTY IT
2026-05-05 23:22:15 | INFO     | pipeline.parsers.mw | MarketWatchParser result: 10 constituents
2026-05-05 23:22:15 | INFO     | pipeline.parsers.mw | MarketWatchParser: MW-NIFTY-IT-15-Apr-2026.csv
2026-05-05 23:22:15 | INFO     | pipeline.parsers.mw | Index name: NIFTY IT
2026-05-05 23:22:15 | INFO     | pipeline.parsers.mw | MarketWatchParser result: 10 constituents
2026-05-05 23:22:15 | INFO     | pipeline.parsers.mw | MarketWatchParser: MW-NIFTY-IT-16-Apr-2026.csv
2026-05-05 23:22:15 | INFO     | pipeline.parsers.mw | Index name: NIFTY IT
2026-05-05 23:22:15 | INFO     | pipeline.parsers.mw | MarketWatchParser result: 10 constituents
2026-05-05 23:22:15 | INFO     | pipeline.parsers.mw | MarketWatchParser: MW-NIFTY-IT-17-Apr-2026.csv
2026-05-05 23:22:15 | INFO     | pipeline.parsers.mw | Index name: NIFTY IT
2026-05-05 23:22:15 | INFO     | pipeline.parsers.mw | MarketWatchParser result: 10 constituents
2026-05-05 23:22:15 | INFO     | pipeline.parsers.mw | MarketWatchParser: MW-NIFTY-IT-17-Mar-2026.csv
2026-05-05 23:22:15 | INFO     | pipeline.parsers.mw | Index name: NIFTY IT
2026-05-05 23:22:15 | INFO     | pipeline.parsers.mw | MarketWatchParser result: 10 constituents
2026-05-05 23:22:15 | INFO     | pipeline.parsers.mw | MarketWatchParser: MW-NIFTY-IT-18-Mar-2026.csv
2026-05-05 23:22:15 | INFO     | pipeline.parsers.mw | Index name: NIFTY IT
2026-05-05 23:22:15 | INFO     | pipeline.parsers.mw | MarketWatchParser result: 10 constituents
2026-05-05 23:22:15 | INFO     | pipeline.parsers.mw | MarketWatchParser: MW-NIFTY-IT-19-Mar-2026.csv
2026-05-05 23:22:15 | INFO     | pipeline.parsers.mw | Index name: NIFTY IT
2026-05-05 23:22:15 | INFO     | pipeline.parsers.mw | MarketWatchParser result: 10 constituents
2026-05-05 23:22:15 | INFO     | pipeline.parsers.mw | MarketWatchParser: MW-NIFTY-IT-20-Mar-2026.csv
2026-05-05 23:22:15 | INFO     | pipeline.parsers.mw | Index name: NIFTY IT
2026-05-05 23:22:15 | INFO     | pipeline.parsers.mw | MarketWatchParser result: 10 constituents
2026-05-05 23:22:15 | INFO     | pipeline.parsers.mw | MarketWatchParser: MW-NIFTY-IT-21-Apr-2026.csv
2026-05-05 23:22:15 | INFO     | pipeline.parsers.mw | Index name: NIFTY IT
2026-05-05 23:22:15 | INFO     | pipeline.parsers.mw | MarketWatchParser result: 10 constituents
2026-05-05 23:22:16 | INFO     | pipeline.parsers.mw | MarketWatchParser: MW-NIFTY-IT-22-Apr-2026.csv
2026-05-05 23:22:16 | INFO     | pipeline.parsers.mw | Index name: NIFTY IT
2026-05-05 23:22:16 | INFO     | pipeline.parsers.mw | MarketWatchParser result: 10 constituents
2026-05-05 23:22:16 | INFO     | pipeline.parsers.mw | MarketWatchParser: MW-NIFTY-IT-23-Apr-2026.csv
2026-05-05 23:22:16 | INFO     | pipeline.parsers.mw | Index name: NIFTY IT
2026-05-05 23:22:16 | INFO     | pipeline.parsers.mw | MarketWatchParser result: 10 constituents
2026-05-05 23:22:16 | INFO     | pipeline.parsers.mw | MarketWatchParser: MW-NIFTY-IT-23-Mar-2026.csv
2026-05-05 23:22:16 | INFO     | pipeline.parsers.mw | Index name: NIFTY IT
2026-05-05 23:22:16 | INFO     | pipeline.parsers.mw | MarketWatchParser result: 10 constituents
2026-05-05 23:22:16 | INFO     | pipeline.parsers.mw | MarketWatchParser: MW-NIFTY-IT-24-Apr-2026.csv
2026-05-05 23:22:16 | INFO     | pipeline.parsers.mw | Index name: NIFTY IT
2026-05-05 23:22:16 | INFO     | pipeline.parsers.mw | MarketWatchParser result: 10 constituents
2026-05-05 23:22:16 | INFO     | pipeline.parsers.mw | MarketWatchParser: MW-NIFTY-IT-24-Mar-2026.csv
2026-05-05 23:22:16 | INFO     | pipeline.parsers.mw | Index name: NIFTY IT
2026-05-05 23:22:16 | INFO     | pipeline.parsers.mw | MarketWatchParser result: 10 constituents
2026-05-05 23:22:16 | INFO     | pipeline.parsers.mw | MarketWatchParser: MW-NIFTY-IT-27-Apr-2026.csv
2026-05-05 23:22:16 | INFO     | pipeline.parsers.mw | Index name: NIFTY IT
2026-05-05 23:22:16 | INFO     | pipeline.parsers.mw | MarketWatchParser result: 10 constituents
2026-05-05 23:22:16 | INFO     | pipeline.parsers.mw | MarketWatchParser: MW-NIFTY-IT-27-Mar-2026.csv
2026-05-05 23:22:16 | INFO     | pipeline.parsers.mw | Index name: NIFTY IT
2026-05-05 23:22:16 | INFO     | pipeline.parsers.mw | MarketWatchParser result: 10 constituents
2026-05-05 23:22:16 | INFO     | pipeline.parsers.mw | MarketWatchParser: MW-NIFTY-IT-28-Apr-2026.csv
2026-05-05 23:22:16 | INFO     | pipeline.parsers.mw | Index name: NIFTY IT
2026-05-05 23:22:16 | INFO     | pipeline.parsers.mw | MarketWatchParser result: 10 constituents
2026-05-05 23:22:16 | INFO     | pipeline.parsers.mw | MarketWatchParser: MW-NIFTY-IT-29-Apr-2026.csv
2026-05-05 23:22:16 | INFO     | pipeline.parsers.mw | Index name: NIFTY IT
2026-05-05 23:22:16 | INFO     | pipeline.parsers.mw | MarketWatchParser result: 10 constituents
2026-05-05 23:22:16 | INFO     | pipeline.parsers.mw | MarketWatchParser: MW-NIFTY-IT-30-Mar-2026.csv
2026-05-05 23:22:16 | INFO     | pipeline.parsers.mw | Index name: NIFTY IT
2026-05-05 23:22:16 | INFO     | pipeline.parsers.mw | MarketWatchParser result: 10 constituents
2026-05-05 23:22:16 | INFO     | pipeline.parsers.mw | MarketWatchParser: MW-NIFTY-MEDIA-03-Apr-2026.csv
2026-05-05 23:22:16 | INFO     | pipeline.parsers.mw | Index name: NIFTY MEDIA
2026-05-05 23:22:16 | INFO     | pipeline.parsers.mw | MarketWatchParser result: 10 constituents
2026-05-05 23:22:16 | INFO     | pipeline.parsers.mw | MarketWatchParser: MW-NIFTY-MEDIA-06-Apr-2026.csv
2026-05-05 23:22:16 | INFO     | pipeline.parsers.mw | Index name: NIFTY MEDIA
2026-05-05 23:22:16 | INFO     | pipeline.parsers.mw | MarketWatchParser result: 10 constituents
2026-05-05 23:22:16 | INFO     | pipeline.parsers.mw | MarketWatchParser: MW-NIFTY-MEDIA-07-Apr-2026.csv
2026-05-05 23:22:16 | INFO     | pipeline.parsers.mw | Index name: NIFTY MEDIA
2026-05-05 23:22:16 | INFO     | pipeline.parsers.mw | MarketWatchParser result: 10 constituents
2026-05-05 23:22:16 | INFO     | pipeline.parsers.mw | MarketWatchParser: MW-NIFTY-MEDIA-08-Apr-2026.csv
2026-05-05 23:22:16 | INFO     | pipeline.parsers.mw | Index name: NIFTY MEDIA
2026-05-05 23:22:16 | INFO     | pipeline.parsers.mw | MarketWatchParser result: 10 constituents
2026-05-05 23:22:16 | INFO     | pipeline.parsers.mw | MarketWatchParser: MW-NIFTY-MEDIA-09-Apr-2026.csv
2026-05-05 23:22:16 | INFO     | pipeline.parsers.mw | Index name: NIFTY MEDIA
2026-05-05 23:22:16 | INFO     | pipeline.parsers.mw | MarketWatchParser result: 10 constituents
2026-05-05 23:22:16 | INFO     | pipeline.parsers.mw | MarketWatchParser: MW-NIFTY-MEDIA-10-Apr-2026.csv
2026-05-05 23:22:16 | INFO     | pipeline.parsers.mw | Index name: NIFTY MEDIA
2026-05-05 23:22:16 | INFO     | pipeline.parsers.mw | MarketWatchParser result: 10 constituents
2026-05-05 23:22:16 | INFO     | pipeline.parsers.mw | MarketWatchParser: MW-NIFTY-MEDIA-13-Apr-2026.csv
2026-05-05 23:22:16 | INFO     | pipeline.parsers.mw | Index name: NIFTY MEDIA
2026-05-05 23:22:16 | INFO     | pipeline.parsers.mw | MarketWatchParser result: 10 constituents
2026-05-05 23:22:16 | INFO     | pipeline.parsers.mw | MarketWatchParser: MW-NIFTY-MEDIA-15-Apr-2026.csv
2026-05-05 23:22:16 | INFO     | pipeline.parsers.mw | Index name: NIFTY MEDIA
2026-05-05 23:22:16 | INFO     | pipeline.parsers.mw | MarketWatchParser result: 10 constituents
2026-05-05 23:22:16 | INFO     | pipeline.parsers.mw | MarketWatchParser: MW-NIFTY-MEDIA-16-Apr-2026.csv
2026-05-05 23:22:16 | INFO     | pipeline.parsers.mw | Index name: NIFTY MEDIA
2026-05-05 23:22:16 | INFO     | pipeline.parsers.mw | MarketWatchParser result: 10 constituents
2026-05-05 23:22:16 | INFO     | pipeline.parsers.mw | MarketWatchParser: MW-NIFTY-MEDIA-17-Apr-2026.csv
2026-05-05 23:22:16 | INFO     | pipeline.parsers.mw | Index name: NIFTY MEDIA
2026-05-05 23:22:16 | INFO     | pipeline.parsers.mw | MarketWatchParser result: 10 constituents
2026-05-05 23:22:16 | INFO     | pipeline.parsers.mw | MarketWatchParser: MW-NIFTY-MEDIA-17-Mar-2026.csv
2026-05-05 23:22:16 | INFO     | pipeline.parsers.mw | Index name: NIFTY MEDIA
2026-05-05 23:22:16 | INFO     | pipeline.parsers.mw | MarketWatchParser result: 10 constituents
2026-05-05 23:22:17 | INFO     | pipeline.parsers.mw | MarketWatchParser: MW-NIFTY-MEDIA-18-Mar-2026.csv
2026-05-05 23:22:17 | INFO     | pipeline.parsers.mw | Index name: NIFTY MEDIA
2026-05-05 23:22:17 | INFO     | pipeline.parsers.mw | MarketWatchParser result: 10 constituents
2026-05-05 23:22:17 | INFO     | pipeline.parsers.mw | MarketWatchParser: MW-NIFTY-MEDIA-19-Mar-2026.csv
2026-05-05 23:22:17 | INFO     | pipeline.parsers.mw | Index name: NIFTY MEDIA
2026-05-05 23:22:17 | INFO     | pipeline.parsers.mw | MarketWatchParser result: 10 constituents
2026-05-05 23:22:17 | INFO     | pipeline.parsers.mw | MarketWatchParser: MW-NIFTY-MEDIA-20-Mar-2026.csv
2026-05-05 23:22:17 | INFO     | pipeline.parsers.mw | Index name: NIFTY MEDIA
2026-05-05 23:22:17 | INFO     | pipeline.parsers.mw | MarketWatchParser result: 10 constituents
2026-05-05 23:22:17 | INFO     | pipeline.parsers.mw | MarketWatchParser: MW-NIFTY-MEDIA-21-Apr-2026.csv
2026-05-05 23:22:17 | INFO     | pipeline.parsers.mw | Index name: NIFTY MEDIA
2026-05-05 23:22:17 | INFO     | pipeline.parsers.mw | MarketWatchParser result: 10 constituents
2026-05-05 23:22:17 | INFO     | pipeline.parsers.mw | MarketWatchParser: MW-NIFTY-MEDIA-22-Apr-2026.csv
2026-05-05 23:22:17 | INFO     | pipeline.parsers.mw | Index name: NIFTY MEDIA
2026-05-05 23:22:17 | INFO     | pipeline.parsers.mw | MarketWatchParser result: 10 constituents
2026-05-05 23:22:17 | INFO     | pipeline.parsers.mw | MarketWatchParser: MW-NIFTY-MEDIA-23-Apr-2026.csv
2026-05-05 23:22:17 | INFO     | pipeline.parsers.mw | Index name: NIFTY MEDIA
2026-05-05 23:22:17 | INFO     | pipeline.parsers.mw | MarketWatchParser result: 10 constituents
2026-05-05 23:22:17 | INFO     | pipeline.parsers.mw | MarketWatchParser: MW-NIFTY-MEDIA-23-Mar-2026.csv
2026-05-05 23:22:17 | INFO     | pipeline.parsers.mw | Index name: NIFTY MEDIA
2026-05-05 23:22:17 | INFO     | pipeline.parsers.mw | MarketWatchParser result: 10 constituents
2026-05-05 23:22:17 | INFO     | pipeline.parsers.mw | MarketWatchParser: MW-NIFTY-MEDIA-24-Apr-2026.csv
2026-05-05 23:22:17 | INFO     | pipeline.parsers.mw | Index name: NIFTY MEDIA
2026-05-05 23:22:17 | INFO     | pipeline.parsers.mw | MarketWatchParser result: 10 constituents
2026-05-05 23:22:17 | INFO     | pipeline.parsers.mw | MarketWatchParser: MW-NIFTY-MEDIA-24-Mar-2026.csv
2026-05-05 23:22:17 | INFO     | pipeline.parsers.mw | Index name: NIFTY MEDIA
2026-05-05 23:22:17 | INFO     | pipeline.parsers.mw | MarketWatchParser result: 10 constituents
2026-05-05 23:22:17 | INFO     | pipeline.parsers.mw | MarketWatchParser: MW-NIFTY-MEDIA-27-Apr-2026 (1).csv
2026-05-05 23:22:17 | INFO     | pipeline.parsers.mw | Index name: NIFTY MEDIA 27 Apr 2026 (1)
2026-05-05 23:22:17 | INFO     | pipeline.parsers.mw | MarketWatchParser result: 10 constituents
2026-05-05 23:22:17 | INFO     | pipeline.parsers.mw | MarketWatchParser: MW-NIFTY-MEDIA-27-Apr-2026 (2).csv
2026-05-05 23:22:17 | INFO     | pipeline.parsers.mw | Index name: NIFTY MEDIA 27 Apr 2026 (2)
2026-05-05 23:22:17 | INFO     | pipeline.parsers.mw | MarketWatchParser result: 10 constituents
2026-05-05 23:22:17 | INFO     | pipeline.parsers.mw | MarketWatchParser: MW-NIFTY-MEDIA-27-Apr-2026 (3).csv
2026-05-05 23:22:17 | INFO     | pipeline.parsers.mw | Index name: NIFTY MEDIA 27 Apr 2026 (3)
2026-05-05 23:22:17 | INFO     | pipeline.parsers.mw | MarketWatchParser result: 10 constituents
2026-05-05 23:22:17 | INFO     | pipeline.parsers.mw | MarketWatchParser: MW-NIFTY-MEDIA-27-Apr-2026.csv
2026-05-05 23:22:17 | INFO     | pipeline.parsers.mw | Index name: NIFTY MEDIA
2026-05-05 23:22:17 | INFO     | pipeline.parsers.mw | MarketWatchParser result: 10 constituents
2026-05-05 23:22:17 | INFO     | pipeline.parsers.mw | MarketWatchParser: MW-NIFTY-MEDIA-27-Mar-2026.csv
2026-05-05 23:22:17 | INFO     | pipeline.parsers.mw | Index name: NIFTY MEDIA
2026-05-05 23:22:17 | INFO     | pipeline.parsers.mw | MarketWatchParser result: 10 constituents
2026-05-05 23:22:17 | INFO     | pipeline.parsers.mw | MarketWatchParser: MW-NIFTY-MEDIA-28-Apr-2026.csv
2026-05-05 23:22:17 | INFO     | pipeline.parsers.mw | Index name: NIFTY MEDIA
2026-05-05 23:22:17 | INFO     | pipeline.parsers.mw | MarketWatchParser result: 10 constituents
2026-05-05 23:22:17 | INFO     | pipeline.parsers.mw | MarketWatchParser: MW-NIFTY-MEDIA-29-Apr-2026.csv
2026-05-05 23:22:17 | INFO     | pipeline.parsers.mw | Index name: NIFTY MEDIA
2026-05-05 23:22:17 | INFO     | pipeline.parsers.mw | MarketWatchParser result: 10 constituents
2026-05-05 23:22:17 | INFO     | pipeline.parsers.mw | MarketWatchParser: MW-NIFTY-MEDIA-30-Mar-2026.csv
2026-05-05 23:22:17 | INFO     | pipeline.parsers.mw | Index name: NIFTY MEDIA
2026-05-05 23:22:17 | INFO     | pipeline.parsers.mw | MarketWatchParser result: 10 constituents
2026-05-05 23:22:17 | INFO     | pipeline.parsers.mw | MarketWatchParser: MW-NIFTY-METAL-03-Apr-2026.csv
2026-05-05 23:22:17 | INFO     | pipeline.parsers.mw | Index name: NIFTY METAL
2026-05-05 23:22:17 | INFO     | pipeline.parsers.mw | MarketWatchParser result: 15 constituents
2026-05-05 23:22:17 | INFO     | pipeline.parsers.mw | MarketWatchParser: MW-NIFTY-METAL-06-Apr-2026.csv
2026-05-05 23:22:17 | INFO     | pipeline.parsers.mw | Index name: NIFTY METAL
2026-05-05 23:22:17 | INFO     | pipeline.parsers.mw | MarketWatchParser result: 15 constituents
2026-05-05 23:22:17 | INFO     | pipeline.parsers.mw | MarketWatchParser: MW-NIFTY-METAL-07-Apr-2026.csv
2026-05-05 23:22:17 | INFO     | pipeline.parsers.mw | Index name: NIFTY METAL
2026-05-05 23:22:17 | INFO     | pipeline.parsers.mw | MarketWatchParser result: 15 constituents
2026-05-05 23:22:17 | INFO     | pipeline.parsers.mw | MarketWatchParser: MW-NIFTY-METAL-08-Apr-2026.csv
2026-05-05 23:22:17 | INFO     | pipeline.parsers.mw | Index name: NIFTY METAL
2026-05-05 23:22:17 | INFO     | pipeline.parsers.mw | MarketWatchParser result: 15 constituents
2026-05-05 23:22:18 | INFO     | pipeline.parsers.mw | MarketWatchParser: MW-NIFTY-METAL-09-Apr-2026.csv
2026-05-05 23:22:18 | INFO     | pipeline.parsers.mw | Index name: NIFTY METAL
2026-05-05 23:22:18 | INFO     | pipeline.parsers.mw | MarketWatchParser result: 15 constituents
2026-05-05 23:22:18 | INFO     | pipeline.parsers.mw | MarketWatchParser: MW-NIFTY-METAL-10-Apr-2026.csv
2026-05-05 23:22:18 | INFO     | pipeline.parsers.mw | Index name: NIFTY METAL
2026-05-05 23:22:18 | INFO     | pipeline.parsers.mw | MarketWatchParser result: 15 constituents
2026-05-05 23:22:18 | INFO     | pipeline.parsers.mw | MarketWatchParser: MW-NIFTY-METAL-13-Apr-2026.csv
2026-05-05 23:22:18 | INFO     | pipeline.parsers.mw | Index name: NIFTY METAL
2026-05-05 23:22:18 | INFO     | pipeline.parsers.mw | MarketWatchParser result: 15 constituents
2026-05-05 23:22:18 | INFO     | pipeline.parsers.mw | MarketWatchParser: MW-NIFTY-METAL-15-Apr-2026.csv
2026-05-05 23:22:18 | INFO     | pipeline.parsers.mw | Index name: NIFTY METAL
2026-05-05 23:22:18 | INFO     | pipeline.parsers.mw | MarketWatchParser result: 15 constituents
2026-05-05 23:22:18 | INFO     | pipeline.parsers.mw | MarketWatchParser: MW-NIFTY-METAL-16-Apr-2026.csv
2026-05-05 23:22:18 | INFO     | pipeline.parsers.mw | Index name: NIFTY METAL
2026-05-05 23:22:18 | INFO     | pipeline.parsers.mw | MarketWatchParser result: 15 constituents
2026-05-05 23:22:18 | INFO     | pipeline.parsers.mw | MarketWatchParser: MW-NIFTY-METAL-17-Apr-2026.csv
2026-05-05 23:22:18 | INFO     | pipeline.parsers.mw | Index name: NIFTY METAL
2026-05-05 23:22:18 | INFO     | pipeline.parsers.mw | MarketWatchParser result: 15 constituents
2026-05-05 23:22:18 | INFO     | pipeline.parsers.mw | MarketWatchParser: MW-NIFTY-METAL-17-Mar-2026.csv
2026-05-05 23:22:18 | INFO     | pipeline.parsers.mw | Index name: NIFTY METAL
2026-05-05 23:22:18 | INFO     | pipeline.parsers.mw | MarketWatchParser result: 15 constituents
2026-05-05 23:22:18 | INFO     | pipeline.parsers.mw | MarketWatchParser: MW-NIFTY-METAL-18-Mar-2026.csv
2026-05-05 23:22:18 | INFO     | pipeline.parsers.mw | Index name: NIFTY METAL
2026-05-05 23:22:18 | INFO     | pipeline.parsers.mw | MarketWatchParser result: 15 constituents
2026-05-05 23:22:18 | INFO     | pipeline.parsers.mw | MarketWatchParser: MW-NIFTY-METAL-19-Mar-2026.csv
2026-05-05 23:22:18 | INFO     | pipeline.parsers.mw | Index name: NIFTY METAL
2026-05-05 23:22:18 | INFO     | pipeline.parsers.mw | MarketWatchParser result: 15 constituents
2026-05-05 23:22:18 | INFO     | pipeline.parsers.mw | MarketWatchParser: MW-NIFTY-METAL-20-Mar-2026.csv
2026-05-05 23:22:18 | INFO     | pipeline.parsers.mw | Index name: NIFTY METAL
2026-05-05 23:22:18 | INFO     | pipeline.parsers.mw | MarketWatchParser result: 15 constituents
2026-05-05 23:22:18 | INFO     | pipeline.parsers.mw | MarketWatchParser: MW-NIFTY-METAL-21-Apr-2026.csv
2026-05-05 23:22:18 | INFO     | pipeline.parsers.mw | Index name: NIFTY METAL
2026-05-05 23:22:18 | INFO     | pipeline.parsers.mw | MarketWatchParser result: 15 constituents
2026-05-05 23:22:18 | INFO     | pipeline.parsers.mw | MarketWatchParser: MW-NIFTY-METAL-22-Apr-2026.csv
2026-05-05 23:22:18 | INFO     | pipeline.parsers.mw | Index name: NIFTY METAL
2026-05-05 23:22:18 | INFO     | pipeline.parsers.mw | MarketWatchParser result: 15 constituents
2026-05-05 23:22:18 | INFO     | pipeline.parsers.mw | MarketWatchParser: MW-NIFTY-METAL-23-Apr-2026.csv
2026-05-05 23:22:18 | INFO     | pipeline.parsers.mw | Index name: NIFTY METAL
2026-05-05 23:22:18 | INFO     | pipeline.parsers.mw | MarketWatchParser result: 15 constituents
2026-05-05 23:22:18 | INFO     | pipeline.parsers.mw | MarketWatchParser: MW-NIFTY-METAL-23-Mar-2026.csv
2026-05-05 23:22:18 | INFO     | pipeline.parsers.mw | Index name: NIFTY METAL
2026-05-05 23:22:18 | INFO     | pipeline.parsers.mw | MarketWatchParser result: 15 constituents
2026-05-05 23:22:18 | INFO     | pipeline.parsers.mw | MarketWatchParser: MW-NIFTY-METAL-24-Apr-2026.csv
2026-05-05 23:22:18 | INFO     | pipeline.parsers.mw | Index name: NIFTY METAL
2026-05-05 23:22:18 | INFO     | pipeline.parsers.mw | MarketWatchParser result: 15 constituents
2026-05-05 23:22:18 | INFO     | pipeline.parsers.mw | MarketWatchParser: MW-NIFTY-METAL-24-Mar-2026.csv
2026-05-05 23:22:18 | INFO     | pipeline.parsers.mw | Index name: NIFTY METAL
2026-05-05 23:22:18 | INFO     | pipeline.parsers.mw | MarketWatchParser result: 15 constituents
2026-05-05 23:22:18 | INFO     | pipeline.parsers.mw | MarketWatchParser: MW-NIFTY-METAL-27-Apr-2026.csv
2026-05-05 23:22:18 | INFO     | pipeline.parsers.mw | Index name: NIFTY METAL
2026-05-05 23:22:18 | INFO     | pipeline.parsers.mw | MarketWatchParser result: 15 constituents
2026-05-05 23:22:18 | INFO     | pipeline.parsers.mw | MarketWatchParser: MW-NIFTY-METAL-27-Mar-2026.csv
2026-05-05 23:22:18 | INFO     | pipeline.parsers.mw | Index name: NIFTY METAL
2026-05-05 23:22:18 | INFO     | pipeline.parsers.mw | MarketWatchParser result: 15 constituents
2026-05-05 23:22:19 | INFO     | pipeline.parsers.mw | MarketWatchParser: MW-NIFTY-METAL-28-Apr-2026.csv
2026-05-05 23:22:19 | INFO     | pipeline.parsers.mw | Index name: NIFTY METAL
2026-05-05 23:22:19 | INFO     | pipeline.parsers.mw | MarketWatchParser result: 15 constituents
2026-05-05 23:22:19 | INFO     | pipeline.parsers.mw | MarketWatchParser: MW-NIFTY-METAL-29-Apr-2026.csv
2026-05-05 23:22:19 | INFO     | pipeline.parsers.mw | Index name: NIFTY METAL
2026-05-05 23:22:19 | INFO     | pipeline.parsers.mw | MarketWatchParser result: 15 constituents
2026-05-05 23:22:19 | INFO     | pipeline.parsers.mw | MarketWatchParser: MW-NIFTY-METAL-30-Mar-2026.csv
2026-05-05 23:22:19 | INFO     | pipeline.parsers.mw | Index name: NIFTY METAL
2026-05-05 23:22:19 | INFO     | pipeline.parsers.mw | MarketWatchParser result: 15 constituents
2026-05-05 23:22:19 | INFO     | pipeline.parsers.mw | MarketWatchParser: MW-NIFTY-MIDSMALL-FINANCIAL-SERVICES-03-Apr-2026.csv
2026-05-05 23:22:19 | INFO     | pipeline.parsers.mw | Index name: NIFTY MIDSMALL FINANCIAL SERVICES
2026-05-05 23:22:19 | INFO     | pipeline.parsers.mw | MarketWatchParser result: 30 constituents
2026-05-05 23:22:19 | INFO     | pipeline.parsers.mw | MarketWatchParser: MW-NIFTY-MIDSMALL-FINANCIAL-SERVICES-06-Apr-2026.csv
2026-05-05 23:22:19 | INFO     | pipeline.parsers.mw | Index name: NIFTY MIDSMALL FINANCIAL SERVICES
2026-05-05 23:22:19 | INFO     | pipeline.parsers.mw | MarketWatchParser result: 30 constituents
2026-05-05 23:22:19 | INFO     | pipeline.parsers.mw | MarketWatchParser: MW-NIFTY-MIDSMALL-FINANCIAL-SERVICES-07-Apr-2026.csv
2026-05-05 23:22:19 | INFO     | pipeline.parsers.mw | Index name: NIFTY MIDSMALL FINANCIAL SERVICES
2026-05-05 23:22:19 | INFO     | pipeline.parsers.mw | MarketWatchParser result: 30 constituents
2026-05-05 23:22:19 | INFO     | pipeline.parsers.mw | MarketWatchParser: MW-NIFTY-MIDSMALL-FINANCIAL-SERVICES-08-Apr-2026.csv
2026-05-05 23:22:19 | INFO     | pipeline.parsers.mw | Index name: NIFTY MIDSMALL FINANCIAL SERVICES
2026-05-05 23:22:19 | INFO     | pipeline.parsers.mw | MarketWatchParser result: 30 constituents
2026-05-05 23:22:19 | INFO     | pipeline.parsers.mw | MarketWatchParser: MW-NIFTY-MIDSMALL-FINANCIAL-SERVICES-09-Apr-2026.csv
2026-05-05 23:22:19 | INFO     | pipeline.parsers.mw | Index name: NIFTY MIDSMALL FINANCIAL SERVICES
2026-05-05 23:22:19 | INFO     | pipeline.parsers.mw | MarketWatchParser result: 30 constituents
2026-05-05 23:22:19 | INFO     | pipeline.parsers.mw | MarketWatchParser: MW-NIFTY-MIDSMALL-FINANCIAL-SERVICES-10-Apr-2026.csv
2026-05-05 23:22:19 | INFO     | pipeline.parsers.mw | Index name: NIFTY MIDSMALL FINANCIAL SERVICES
2026-05-05 23:22:19 | INFO     | pipeline.parsers.mw | MarketWatchParser result: 30 constituents
2026-05-05 23:22:19 | INFO     | pipeline.parsers.mw | MarketWatchParser: MW-NIFTY-MIDSMALL-FINANCIAL-SERVICES-13-Apr-2026.csv
2026-05-05 23:22:19 | INFO     | pipeline.parsers.mw | Index name: NIFTY MIDSMALL FINANCIAL SERVICES
2026-05-05 23:22:19 | INFO     | pipeline.parsers.mw | MarketWatchParser result: 30 constituents
2026-05-05 23:22:19 | INFO     | pipeline.parsers.mw | MarketWatchParser: MW-NIFTY-MIDSMALL-FINANCIAL-SERVICES-15-Apr-2026.csv
2026-05-05 23:22:19 | INFO     | pipeline.parsers.mw | Index name: NIFTY MIDSMALL FINANCIAL SERVICES
2026-05-05 23:22:19 | INFO     | pipeline.parsers.mw | MarketWatchParser result: 30 constituents
2026-05-05 23:22:19 | INFO     | pipeline.parsers.mw | MarketWatchParser: MW-NIFTY-MIDSMALL-FINANCIAL-SERVICES-16-Apr-2026.csv
2026-05-05 23:22:19 | INFO     | pipeline.parsers.mw | Index name: NIFTY MIDSMALL FINANCIAL SERVICES
2026-05-05 23:22:19 | INFO     | pipeline.parsers.mw | MarketWatchParser result: 30 constituents
2026-05-05 23:22:19 | INFO     | pipeline.parsers.mw | MarketWatchParser: MW-NIFTY-MIDSMALL-FINANCIAL-SERVICES-17-Apr-2026.csv
2026-05-05 23:22:19 | INFO     | pipeline.parsers.mw | Index name: NIFTY MIDSMALL FINANCIAL SERVICES
2026-05-05 23:22:19 | INFO     | pipeline.parsers.mw | MarketWatchParser result: 30 constituents
2026-05-05 23:22:19 | INFO     | pipeline.parsers.mw | MarketWatchParser: MW-NIFTY-MIDSMALL-FINANCIAL-SERVICES-17-Mar-2026.csv
2026-05-05 23:22:19 | INFO     | pipeline.parsers.mw | Index name: NIFTY MIDSMALL FINANCIAL SERVICES
2026-05-05 23:22:19 | INFO     | pipeline.parsers.mw | MarketWatchParser result: 30 constituents
2026-05-05 23:22:19 | INFO     | pipeline.parsers.mw | MarketWatchParser: MW-NIFTY-MIDSMALL-FINANCIAL-SERVICES-18-Mar-2026.csv
2026-05-05 23:22:19 | INFO     | pipeline.parsers.mw | Index name: NIFTY MIDSMALL FINANCIAL SERVICES
2026-05-05 23:22:19 | INFO     | pipeline.parsers.mw | MarketWatchParser result: 30 constituents
2026-05-05 23:22:19 | INFO     | pipeline.parsers.mw | MarketWatchParser: MW-NIFTY-MIDSMALL-FINANCIAL-SERVICES-19-Mar-2026.csv
2026-05-05 23:22:19 | INFO     | pipeline.parsers.mw | Index name: NIFTY MIDSMALL FINANCIAL SERVICES
2026-05-05 23:22:19 | INFO     | pipeline.parsers.mw | MarketWatchParser result: 30 constituents
2026-05-05 23:22:19 | INFO     | pipeline.parsers.mw | MarketWatchParser: MW-NIFTY-MIDSMALL-FINANCIAL-SERVICES-20-Mar-2026.csv
2026-05-05 23:22:19 | INFO     | pipeline.parsers.mw | Index name: NIFTY MIDSMALL FINANCIAL SERVICES
2026-05-05 23:22:19 | INFO     | pipeline.parsers.mw | MarketWatchParser result: 30 constituents
2026-05-05 23:22:19 | INFO     | pipeline.parsers.mw | MarketWatchParser: MW-NIFTY-MIDSMALL-FINANCIAL-SERVICES-21-Apr-2026.csv
2026-05-05 23:22:19 | INFO     | pipeline.parsers.mw | Index name: NIFTY MIDSMALL FINANCIAL SERVICES
2026-05-05 23:22:19 | INFO     | pipeline.parsers.mw | MarketWatchParser result: 30 constituents
2026-05-05 23:22:20 | INFO     | pipeline.parsers.mw | MarketWatchParser: MW-NIFTY-MIDSMALL-FINANCIAL-SERVICES-22-Apr-2026.csv
2026-05-05 23:22:20 | INFO     | pipeline.parsers.mw | Index name: NIFTY MIDSMALL FINANCIAL SERVICES
2026-05-05 23:22:20 | INFO     | pipeline.parsers.mw | MarketWatchParser result: 30 constituents
2026-05-05 23:22:20 | INFO     | pipeline.parsers.mw | MarketWatchParser: MW-NIFTY-MIDSMALL-FINANCIAL-SERVICES-23-Apr-2026.csv
2026-05-05 23:22:20 | INFO     | pipeline.parsers.mw | Index name: NIFTY MIDSMALL FINANCIAL SERVICES
2026-05-05 23:22:20 | INFO     | pipeline.parsers.mw | MarketWatchParser result: 30 constituents
2026-05-05 23:22:20 | INFO     | pipeline.parsers.mw | MarketWatchParser: MW-NIFTY-MIDSMALL-FINANCIAL-SERVICES-23-Mar-2026.csv
2026-05-05 23:22:20 | INFO     | pipeline.parsers.mw | Index name: NIFTY MIDSMALL FINANCIAL SERVICES
2026-05-05 23:22:20 | INFO     | pipeline.parsers.mw | MarketWatchParser result: 30 constituents
2026-05-05 23:22:20 | INFO     | pipeline.parsers.mw | MarketWatchParser: MW-NIFTY-MIDSMALL-FINANCIAL-SERVICES-24-Apr-2026.csv
2026-05-05 23:22:20 | INFO     | pipeline.parsers.mw | Index name: NIFTY MIDSMALL FINANCIAL SERVICES
2026-05-05 23:22:20 | INFO     | pipeline.parsers.mw | MarketWatchParser result: 30 constituents
2026-05-05 23:22:20 | INFO     | pipeline.parsers.mw | MarketWatchParser: MW-NIFTY-MIDSMALL-FINANCIAL-SERVICES-24-Mar-2026.csv
2026-05-05 23:22:20 | INFO     | pipeline.parsers.mw | Index name: NIFTY MIDSMALL FINANCIAL SERVICES
2026-05-05 23:22:20 | INFO     | pipeline.parsers.mw | MarketWatchParser result: 30 constituents
2026-05-05 23:22:20 | INFO     | pipeline.parsers.mw | MarketWatchParser: MW-NIFTY-MIDSMALL-FINANCIAL-SERVICES-27-Mar-2026.csv
2026-05-05 23:22:20 | INFO     | pipeline.parsers.mw | Index name: NIFTY MIDSMALL FINANCIAL SERVICES
2026-05-05 23:22:20 | INFO     | pipeline.parsers.mw | MarketWatchParser result: 30 constituents
2026-05-05 23:22:20 | INFO     | pipeline.parsers.mw | MarketWatchParser: MW-NIFTY-MIDSMALL-FINANCIAL-SERVICES-30-Mar-2026.csv
2026-05-05 23:22:20 | INFO     | pipeline.parsers.mw | Index name: NIFTY MIDSMALL FINANCIAL SERVICES
2026-05-05 23:22:20 | INFO     | pipeline.parsers.mw | MarketWatchParser result: 30 constituents
2026-05-05 23:22:20 | INFO     | pipeline.parsers.mw | MarketWatchParser: MW-NIFTY-MIDSMALL-HEALTHCARE-03-Apr-2026.csv
2026-05-05 23:22:20 | INFO     | pipeline.parsers.mw | Index name: NIFTY MIDSMALL HEALTHCARE
2026-05-05 23:22:20 | INFO     | pipeline.parsers.mw | MarketWatchParser result: 30 constituents
2026-05-05 23:22:20 | INFO     | pipeline.parsers.mw | MarketWatchParser: MW-NIFTY-MIDSMALL-HEALTHCARE-06-Apr-2026.csv
2026-05-05 23:22:20 | INFO     | pipeline.parsers.mw | Index name: NIFTY MIDSMALL HEALTHCARE
2026-05-05 23:22:20 | INFO     | pipeline.parsers.mw | MarketWatchParser result: 30 constituents
2026-05-05 23:22:20 | INFO     | pipeline.parsers.mw | MarketWatchParser: MW-NIFTY-MIDSMALL-HEALTHCARE-07-Apr-2026.csv
2026-05-05 23:22:20 | INFO     | pipeline.parsers.mw | Index name: NIFTY MIDSMALL HEALTHCARE
2026-05-05 23:22:20 | INFO     | pipeline.parsers.mw | MarketWatchParser result: 30 constituents
2026-05-05 23:22:20 | INFO     | pipeline.parsers.mw | MarketWatchParser: MW-NIFTY-MIDSMALL-HEALTHCARE-08-Apr-2026.csv
2026-05-05 23:22:20 | INFO     | pipeline.parsers.mw | Index name: NIFTY MIDSMALL HEALTHCARE
2026-05-05 23:22:20 | INFO     | pipeline.parsers.mw | MarketWatchParser result: 30 constituents
2026-05-05 23:22:20 | INFO     | pipeline.parsers.mw | MarketWatchParser: MW-NIFTY-MIDSMALL-HEALTHCARE-09-Apr-2026.csv
2026-05-05 23:22:20 | INFO     | pipeline.parsers.mw | Index name: NIFTY MIDSMALL HEALTHCARE
2026-05-05 23:22:20 | INFO     | pipeline.parsers.mw | MarketWatchParser result: 30 constituents
2026-05-05 23:22:20 | INFO     | pipeline.parsers.mw | MarketWatchParser: MW-NIFTY-MIDSMALL-HEALTHCARE-10-Apr-2026.csv
2026-05-05 23:22:20 | INFO     | pipeline.parsers.mw | Index name: NIFTY MIDSMALL HEALTHCARE
2026-05-05 23:22:20 | INFO     | pipeline.parsers.mw | MarketWatchParser result: 30 constituents
2026-05-05 23:22:20 | INFO     | pipeline.parsers.mw | MarketWatchParser: MW-NIFTY-MIDSMALL-HEALTHCARE-13-Apr-2026.csv
2026-05-05 23:22:20 | INFO     | pipeline.parsers.mw | Index name: NIFTY MIDSMALL HEALTHCARE
2026-05-05 23:22:20 | INFO     | pipeline.parsers.mw | MarketWatchParser result: 30 constituents
2026-05-05 23:22:20 | INFO     | pipeline.parsers.mw | MarketWatchParser: MW-NIFTY-MIDSMALL-HEALTHCARE-15-Apr-2026.csv
2026-05-05 23:22:20 | INFO     | pipeline.parsers.mw | Index name: NIFTY MIDSMALL HEALTHCARE
2026-05-05 23:22:20 | INFO     | pipeline.parsers.mw | MarketWatchParser result: 30 constituents
2026-05-05 23:22:20 | INFO     | pipeline.parsers.mw | MarketWatchParser: MW-NIFTY-MIDSMALL-HEALTHCARE-16-Apr-2026.csv
2026-05-05 23:22:20 | INFO     | pipeline.parsers.mw | Index name: NIFTY MIDSMALL HEALTHCARE
2026-05-05 23:22:20 | INFO     | pipeline.parsers.mw | MarketWatchParser result: 30 constituents
2026-05-05 23:22:20 | INFO     | pipeline.parsers.mw | MarketWatchParser: MW-NIFTY-MIDSMALL-HEALTHCARE-17-Apr-2026.csv
2026-05-05 23:22:20 | INFO     | pipeline.parsers.mw | Index name: NIFTY MIDSMALL HEALTHCARE
2026-05-05 23:22:20 | INFO     | pipeline.parsers.mw | MarketWatchParser result: 30 constituents
2026-05-05 23:22:20 | INFO     | pipeline.parsers.mw | MarketWatchParser: MW-NIFTY-MIDSMALL-HEALTHCARE-17-Mar-2026.csv
2026-05-05 23:22:20 | INFO     | pipeline.parsers.mw | Index name: NIFTY MIDSMALL HEALTHCARE
2026-05-05 23:22:20 | INFO     | pipeline.parsers.mw | MarketWatchParser result: 30 constituents
2026-05-05 23:22:20 | INFO     | pipeline.parsers.mw | MarketWatchParser: MW-NIFTY-MIDSMALL-HEALTHCARE-18-Mar-2026.csv
2026-05-05 23:22:20 | INFO     | pipeline.parsers.mw | Index name: NIFTY MIDSMALL HEALTHCARE
2026-05-05 23:22:20 | INFO     | pipeline.parsers.mw | MarketWatchParser result: 30 constituents
2026-05-05 23:22:20 | INFO     | pipeline.parsers.mw | MarketWatchParser: MW-NIFTY-MIDSMALL-HEALTHCARE-19-Mar-2026.csv
2026-05-05 23:22:20 | INFO     | pipeline.parsers.mw | Index name: NIFTY MIDSMALL HEALTHCARE
2026-05-05 23:22:20 | INFO     | pipeline.parsers.mw | MarketWatchParser result: 30 constituents
2026-05-05 23:22:21 | INFO     | pipeline.parsers.mw | MarketWatchParser: MW-NIFTY-MIDSMALL-HEALTHCARE-20-Mar-2026.csv
2026-05-05 23:22:21 | INFO     | pipeline.parsers.mw | Index name: NIFTY MIDSMALL HEALTHCARE
2026-05-05 23:22:21 | INFO     | pipeline.parsers.mw | MarketWatchParser result: 30 constituents
2026-05-05 23:22:21 | INFO     | pipeline.parsers.mw | MarketWatchParser: MW-NIFTY-MIDSMALL-HEALTHCARE-21-Apr-2026.csv
2026-05-05 23:22:21 | INFO     | pipeline.parsers.mw | Index name: NIFTY MIDSMALL HEALTHCARE
2026-05-05 23:22:21 | INFO     | pipeline.parsers.mw | MarketWatchParser result: 30 constituents
2026-05-05 23:22:21 | INFO     | pipeline.parsers.mw | MarketWatchParser: MW-NIFTY-MIDSMALL-HEALTHCARE-22-Apr-2026.csv
2026-05-05 23:22:21 | INFO     | pipeline.parsers.mw | Index name: NIFTY MIDSMALL HEALTHCARE
2026-05-05 23:22:21 | INFO     | pipeline.parsers.mw | MarketWatchParser result: 30 constituents
2026-05-05 23:22:21 | INFO     | pipeline.parsers.mw | MarketWatchParser: MW-NIFTY-MIDSMALL-HEALTHCARE-23-Apr-2026.csv
2026-05-05 23:22:21 | INFO     | pipeline.parsers.mw | Index name: NIFTY MIDSMALL HEALTHCARE
2026-05-05 23:22:21 | INFO     | pipeline.parsers.mw | MarketWatchParser result: 30 constituents
2026-05-05 23:22:21 | INFO     | pipeline.parsers.mw | MarketWatchParser: MW-NIFTY-MIDSMALL-HEALTHCARE-23-Mar-2026.csv
2026-05-05 23:22:21 | INFO     | pipeline.parsers.mw | Index name: NIFTY MIDSMALL HEALTHCARE
2026-05-05 23:22:21 | INFO     | pipeline.parsers.mw | MarketWatchParser result: 30 constituents
2026-05-05 23:22:21 | INFO     | pipeline.parsers.mw | MarketWatchParser: MW-NIFTY-MIDSMALL-HEALTHCARE-24-Apr-2026.csv
2026-05-05 23:22:21 | INFO     | pipeline.parsers.mw | Index name: NIFTY MIDSMALL HEALTHCARE
2026-05-05 23:22:21 | INFO     | pipeline.parsers.mw | MarketWatchParser result: 30 constituents
2026-05-05 23:22:21 | INFO     | pipeline.parsers.mw | MarketWatchParser: MW-NIFTY-MIDSMALL-HEALTHCARE-24-Mar-2026.csv
2026-05-05 23:22:21 | INFO     | pipeline.parsers.mw | Index name: NIFTY MIDSMALL HEALTHCARE
2026-05-05 23:22:21 | INFO     | pipeline.parsers.mw | MarketWatchParser result: 30 constituents
2026-05-05 23:22:21 | INFO     | pipeline.parsers.mw | MarketWatchParser: MW-NIFTY-MIDSMALL-HEALTHCARE-27-Mar-2026.csv
2026-05-05 23:22:21 | INFO     | pipeline.parsers.mw | Index name: NIFTY MIDSMALL HEALTHCARE
2026-05-05 23:22:21 | INFO     | pipeline.parsers.mw | MarketWatchParser result: 30 constituents
2026-05-05 23:22:21 | INFO     | pipeline.parsers.mw | MarketWatchParser: MW-NIFTY-MIDSMALL-HEALTHCARE-30-Mar-2026.csv
2026-05-05 23:22:21 | INFO     | pipeline.parsers.mw | Index name: NIFTY MIDSMALL HEALTHCARE
2026-05-05 23:22:21 | INFO     | pipeline.parsers.mw | MarketWatchParser result: 30 constituents
2026-05-05 23:22:21 | INFO     | pipeline.parsers.mw | MarketWatchParser: MW-NIFTY-MIDSMALL-IT-&-TELECOM-03-Apr-2026.csv
2026-05-05 23:22:21 | INFO     | pipeline.parsers.mw | Index name: NIFTY MIDSMALL IT & TELECOM
2026-05-05 23:22:21 | INFO     | pipeline.parsers.mw | MarketWatchParser result: 20 constituents
2026-05-05 23:22:21 | INFO     | pipeline.parsers.mw | MarketWatchParser: MW-NIFTY-MIDSMALL-IT-&-TELECOM-06-Apr-2026.csv
2026-05-05 23:22:21 | INFO     | pipeline.parsers.mw | Index name: NIFTY MIDSMALL IT & TELECOM
2026-05-05 23:22:21 | INFO     | pipeline.parsers.mw | MarketWatchParser result: 20 constituents
2026-05-05 23:22:21 | INFO     | pipeline.parsers.mw | MarketWatchParser: MW-NIFTY-MIDSMALL-IT-&-TELECOM-07-Apr-2026.csv
2026-05-05 23:22:21 | INFO     | pipeline.parsers.mw | Index name: NIFTY MIDSMALL IT & TELECOM
2026-05-05 23:22:21 | INFO     | pipeline.parsers.mw | MarketWatchParser result: 20 constituents
2026-05-05 23:22:21 | INFO     | pipeline.parsers.mw | MarketWatchParser: MW-NIFTY-MIDSMALL-IT-&-TELECOM-08-Apr-2026.csv
2026-05-05 23:22:21 | INFO     | pipeline.parsers.mw | Index name: NIFTY MIDSMALL IT & TELECOM
2026-05-05 23:22:21 | INFO     | pipeline.parsers.mw | MarketWatchParser result: 20 constituents
2026-05-05 23:22:21 | INFO     | pipeline.parsers.mw | MarketWatchParser: MW-NIFTY-MIDSMALL-IT-&-TELECOM-09-Apr-2026.csv
2026-05-05 23:22:21 | INFO     | pipeline.parsers.mw | Index name: NIFTY MIDSMALL IT & TELECOM
2026-05-05 23:22:21 | INFO     | pipeline.parsers.mw | MarketWatchParser result: 20 constituents
2026-05-05 23:22:21 | INFO     | pipeline.parsers.mw | MarketWatchParser: MW-NIFTY-MIDSMALL-IT-&-TELECOM-10-Apr-2026.csv
2026-05-05 23:22:21 | INFO     | pipeline.parsers.mw | Index name: NIFTY MIDSMALL IT & TELECOM
2026-05-05 23:22:21 | INFO     | pipeline.parsers.mw | MarketWatchParser result: 20 constituents
2026-05-05 23:22:21 | INFO     | pipeline.parsers.mw | MarketWatchParser: MW-NIFTY-MIDSMALL-IT-&-TELECOM-13-Apr-2026.csv
2026-05-05 23:22:21 | INFO     | pipeline.parsers.mw | Index name: NIFTY MIDSMALL IT & TELECOM
2026-05-05 23:22:21 | INFO     | pipeline.parsers.mw | MarketWatchParser result: 20 constituents
2026-05-05 23:22:21 | INFO     | pipeline.parsers.mw | MarketWatchParser: MW-NIFTY-MIDSMALL-IT-&-TELECOM-15-Apr-2026.csv
2026-05-05 23:22:21 | INFO     | pipeline.parsers.mw | Index name: NIFTY MIDSMALL IT & TELECOM
2026-05-05 23:22:21 | INFO     | pipeline.parsers.mw | MarketWatchParser result: 20 constituents
2026-05-05 23:22:21 | INFO     | pipeline.parsers.mw | MarketWatchParser: MW-NIFTY-MIDSMALL-IT-&-TELECOM-16-Apr-2026.csv
2026-05-05 23:22:21 | INFO     | pipeline.parsers.mw | Index name: NIFTY MIDSMALL IT & TELECOM
2026-05-05 23:22:21 | INFO     | pipeline.parsers.mw | MarketWatchParser result: 20 constituents
2026-05-05 23:22:21 | INFO     | pipeline.parsers.mw | MarketWatchParser: MW-NIFTY-MIDSMALL-IT-&-TELECOM-17-Apr-2026.csv
2026-05-05 23:22:21 | INFO     | pipeline.parsers.mw | Index name: NIFTY MIDSMALL IT & TELECOM
2026-05-05 23:22:21 | INFO     | pipeline.parsers.mw | MarketWatchParser result: 20 constituents
2026-05-05 23:22:21 | INFO     | pipeline.parsers.mw | MarketWatchParser: MW-NIFTY-MIDSMALL-IT-&-TELECOM-17-Mar-2026.csv
2026-05-05 23:22:21 | INFO     | pipeline.parsers.mw | Index name: NIFTY MIDSMALL IT & TELECOM
2026-05-05 23:22:21 | INFO     | pipeline.parsers.mw | MarketWatchParser result: 20 constituents
2026-05-05 23:22:21 | INFO     | pipeline.parsers.mw | MarketWatchParser: MW-NIFTY-MIDSMALL-IT-&-TELECOM-18-Mar-2026.csv
2026-05-05 23:22:21 | INFO     | pipeline.parsers.mw | Index name: NIFTY MIDSMALL IT & TELECOM
2026-05-05 23:22:21 | INFO     | pipeline.parsers.mw | MarketWatchParser result: 20 constituents
2026-05-05 23:22:22 | INFO     | pipeline.parsers.mw | MarketWatchParser: MW-NIFTY-MIDSMALL-IT-&-TELECOM-19-Mar-2026.csv
2026-05-05 23:22:22 | INFO     | pipeline.parsers.mw | Index name: NIFTY MIDSMALL IT & TELECOM
2026-05-05 23:22:22 | INFO     | pipeline.parsers.mw | MarketWatchParser result: 20 constituents
2026-05-05 23:22:22 | INFO     | pipeline.parsers.mw | MarketWatchParser: MW-NIFTY-MIDSMALL-IT-&-TELECOM-20-Mar-2026.csv
2026-05-05 23:22:22 | INFO     | pipeline.parsers.mw | Index name: NIFTY MIDSMALL IT & TELECOM
2026-05-05 23:22:22 | INFO     | pipeline.parsers.mw | MarketWatchParser result: 20 constituents
2026-05-05 23:22:22 | INFO     | pipeline.parsers.mw | MarketWatchParser: MW-NIFTY-MIDSMALL-IT-&-TELECOM-21-Apr-2026.csv
2026-05-05 23:22:22 | INFO     | pipeline.parsers.mw | Index name: NIFTY MIDSMALL IT & TELECOM
2026-05-05 23:22:22 | INFO     | pipeline.parsers.mw | MarketWatchParser result: 20 constituents
2026-05-05 23:22:22 | INFO     | pipeline.parsers.mw | MarketWatchParser: MW-NIFTY-MIDSMALL-IT-&-TELECOM-22-Apr-2026.csv
2026-05-05 23:22:22 | INFO     | pipeline.parsers.mw | Index name: NIFTY MIDSMALL IT & TELECOM
2026-05-05 23:22:22 | INFO     | pipeline.parsers.mw | MarketWatchParser result: 20 constituents
2026-05-05 23:22:22 | INFO     | pipeline.parsers.mw | MarketWatchParser: MW-NIFTY-MIDSMALL-IT-&-TELECOM-23-Apr-2026.csv
2026-05-05 23:22:22 | INFO     | pipeline.parsers.mw | Index name: NIFTY MIDSMALL IT & TELECOM
2026-05-05 23:22:22 | INFO     | pipeline.parsers.mw | MarketWatchParser result: 20 constituents
2026-05-05 23:22:22 | INFO     | pipeline.parsers.mw | MarketWatchParser: MW-NIFTY-MIDSMALL-IT-&-TELECOM-23-Mar-2026.csv
2026-05-05 23:22:22 | INFO     | pipeline.parsers.mw | Index name: NIFTY MIDSMALL IT & TELECOM
2026-05-05 23:22:22 | INFO     | pipeline.parsers.mw | MarketWatchParser result: 20 constituents
2026-05-05 23:22:22 | INFO     | pipeline.parsers.mw | MarketWatchParser: MW-NIFTY-MIDSMALL-IT-&-TELECOM-24-Apr-2026.csv
2026-05-05 23:22:22 | INFO     | pipeline.parsers.mw | Index name: NIFTY MIDSMALL IT & TELECOM
2026-05-05 23:22:22 | INFO     | pipeline.parsers.mw | MarketWatchParser result: 20 constituents
2026-05-05 23:22:22 | INFO     | pipeline.parsers.mw | MarketWatchParser: MW-NIFTY-MIDSMALL-IT-&-TELECOM-24-Mar-2026.csv
2026-05-05 23:22:22 | INFO     | pipeline.parsers.mw | Index name: NIFTY MIDSMALL IT & TELECOM
2026-05-05 23:22:22 | INFO     | pipeline.parsers.mw | MarketWatchParser result: 20 constituents
2026-05-05 23:22:22 | INFO     | pipeline.parsers.mw | MarketWatchParser: MW-NIFTY-MIDSMALL-IT-&-TELECOM-27-Mar-2026.csv
2026-05-05 23:22:22 | INFO     | pipeline.parsers.mw | Index name: NIFTY MIDSMALL IT & TELECOM
2026-05-05 23:22:22 | INFO     | pipeline.parsers.mw | MarketWatchParser result: 20 constituents
2026-05-05 23:22:22 | INFO     | pipeline.parsers.mw | MarketWatchParser: MW-NIFTY-MIDSMALL-IT-&-TELECOM-30-Mar-2026.csv
2026-05-05 23:22:22 | INFO     | pipeline.parsers.mw | Index name: NIFTY MIDSMALL IT & TELECOM
2026-05-05 23:22:22 | INFO     | pipeline.parsers.mw | MarketWatchParser result: 20 constituents
2026-05-05 23:22:22 | INFO     | pipeline.parsers.mw | MarketWatchParser: MW-NIFTY-OIL-&-GAS-03-Apr-2026 (1).csv
2026-05-05 23:22:22 | INFO     | pipeline.parsers.mw | Index name: NIFTY OIL & GAS 03 Apr 2026 (1)
2026-05-05 23:22:22 | INFO     | pipeline.parsers.mw | MarketWatchParser result: 15 constituents
2026-05-05 23:22:22 | INFO     | pipeline.parsers.mw | MarketWatchParser: MW-NIFTY-OIL-&-GAS-03-Apr-2026.csv
2026-05-05 23:22:22 | INFO     | pipeline.parsers.mw | Index name: NIFTY OIL & GAS
2026-05-05 23:22:22 | INFO     | pipeline.parsers.mw | MarketWatchParser result: 15 constituents
2026-05-05 23:22:22 | INFO     | pipeline.parsers.mw | MarketWatchParser: MW-NIFTY-OIL-&-GAS-06-Apr-2026 (1).csv
2026-05-05 23:22:22 | INFO     | pipeline.parsers.mw | Index name: NIFTY OIL & GAS 06 Apr 2026 (1)
2026-05-05 23:22:22 | INFO     | pipeline.parsers.mw | MarketWatchParser result: 15 constituents
2026-05-05 23:22:22 | INFO     | pipeline.parsers.mw | MarketWatchParser: MW-NIFTY-OIL-&-GAS-06-Apr-2026.csv
2026-05-05 23:22:22 | INFO     | pipeline.parsers.mw | Index name: NIFTY OIL & GAS
2026-05-05 23:22:22 | INFO     | pipeline.parsers.mw | MarketWatchParser result: 15 constituents
2026-05-05 23:22:22 | INFO     | pipeline.parsers.mw | MarketWatchParser: MW-NIFTY-OIL-&-GAS-07-Apr-2026 (1).csv
2026-05-05 23:22:22 | INFO     | pipeline.parsers.mw | Index name: NIFTY OIL & GAS 07 Apr 2026 (1)
2026-05-05 23:22:22 | INFO     | pipeline.parsers.mw | MarketWatchParser result: 15 constituents
2026-05-05 23:22:22 | INFO     | pipeline.parsers.mw | MarketWatchParser: MW-NIFTY-OIL-&-GAS-07-Apr-2026.csv
2026-05-05 23:22:22 | INFO     | pipeline.parsers.mw | Index name: NIFTY OIL & GAS
2026-05-05 23:22:22 | INFO     | pipeline.parsers.mw | MarketWatchParser result: 15 constituents
2026-05-05 23:22:22 | INFO     | pipeline.parsers.mw | MarketWatchParser: MW-NIFTY-OIL-&-GAS-08-Apr-2026.csv
2026-05-05 23:22:22 | INFO     | pipeline.parsers.mw | Index name: NIFTY OIL & GAS
2026-05-05 23:22:22 | INFO     | pipeline.parsers.mw | MarketWatchParser result: 15 constituents
2026-05-05 23:22:22 | INFO     | pipeline.parsers.mw | MarketWatchParser: MW-NIFTY-OIL-&-GAS-09-Apr-2026.csv
2026-05-05 23:22:22 | INFO     | pipeline.parsers.mw | Index name: NIFTY OIL & GAS
2026-05-05 23:22:22 | INFO     | pipeline.parsers.mw | MarketWatchParser result: 15 constituents
2026-05-05 23:22:22 | INFO     | pipeline.parsers.mw | MarketWatchParser: MW-NIFTY-OIL-&-GAS-10-Apr-2026.csv
2026-05-05 23:22:22 | INFO     | pipeline.parsers.mw | Index name: NIFTY OIL & GAS
2026-05-05 23:22:22 | INFO     | pipeline.parsers.mw | MarketWatchParser result: 15 constituents
2026-05-05 23:22:22 | INFO     | pipeline.parsers.mw | MarketWatchParser: MW-NIFTY-OIL-&-GAS-13-Apr-2026.csv
2026-05-05 23:22:22 | INFO     | pipeline.parsers.mw | Index name: NIFTY OIL & GAS
2026-05-05 23:22:22 | INFO     | pipeline.parsers.mw | MarketWatchParser result: 15 constituents
2026-05-05 23:22:22 | INFO     | pipeline.parsers.mw | MarketWatchParser: MW-NIFTY-OIL-&-GAS-15-Apr-2026.csv
2026-05-05 23:22:22 | INFO     | pipeline.parsers.mw | Index name: NIFTY OIL & GAS
2026-05-05 23:22:22 | INFO     | pipeline.parsers.mw | MarketWatchParser result: 15 constituents
2026-05-05 23:22:23 | INFO     | pipeline.parsers.mw | MarketWatchParser: MW-NIFTY-OIL-&-GAS-16-Apr-2026.csv
2026-05-05 23:22:23 | INFO     | pipeline.parsers.mw | Index name: NIFTY OIL & GAS
2026-05-05 23:22:23 | INFO     | pipeline.parsers.mw | MarketWatchParser result: 15 constituents
2026-05-05 23:22:23 | INFO     | pipeline.parsers.mw | MarketWatchParser: MW-NIFTY-OIL-&-GAS-17-Apr-2026.csv
2026-05-05 23:22:23 | INFO     | pipeline.parsers.mw | Index name: NIFTY OIL & GAS
2026-05-05 23:22:23 | INFO     | pipeline.parsers.mw | MarketWatchParser result: 15 constituents
2026-05-05 23:22:23 | INFO     | pipeline.parsers.mw | MarketWatchParser: MW-NIFTY-OIL-&-GAS-17-Mar-2026.csv
2026-05-05 23:22:23 | INFO     | pipeline.parsers.mw | Index name: NIFTY OIL & GAS
2026-05-05 23:22:23 | INFO     | pipeline.parsers.mw | MarketWatchParser result: 15 constituents
2026-05-05 23:22:23 | INFO     | pipeline.parsers.mw | MarketWatchParser: MW-NIFTY-OIL-&-GAS-18-Mar-2026.csv
2026-05-05 23:22:23 | INFO     | pipeline.parsers.mw | Index name: NIFTY OIL & GAS
2026-05-05 23:22:23 | INFO     | pipeline.parsers.mw | MarketWatchParser result: 15 constituents
2026-05-05 23:22:23 | INFO     | pipeline.parsers.mw | MarketWatchParser: MW-NIFTY-OIL-&-GAS-19-Mar-2026.csv
2026-05-05 23:22:23 | INFO     | pipeline.parsers.mw | Index name: NIFTY OIL & GAS
2026-05-05 23:22:23 | INFO     | pipeline.parsers.mw | MarketWatchParser result: 15 constituents
2026-05-05 23:22:23 | INFO     | pipeline.parsers.mw | MarketWatchParser: MW-NIFTY-OIL-&-GAS-20-Mar-2026.csv
2026-05-05 23:22:23 | INFO     | pipeline.parsers.mw | Index name: NIFTY OIL & GAS
2026-05-05 23:22:23 | INFO     | pipeline.parsers.mw | MarketWatchParser result: 15 constituents
2026-05-05 23:22:23 | INFO     | pipeline.parsers.mw | MarketWatchParser: MW-NIFTY-OIL-&-GAS-21-Apr-2026.csv
2026-05-05 23:22:23 | INFO     | pipeline.parsers.mw | Index name: NIFTY OIL & GAS
2026-05-05 23:22:23 | INFO     | pipeline.parsers.mw | MarketWatchParser result: 15 constituents
2026-05-05 23:22:23 | INFO     | pipeline.parsers.mw | MarketWatchParser: MW-NIFTY-OIL-&-GAS-22-Apr-2026.csv
2026-05-05 23:22:23 | INFO     | pipeline.parsers.mw | Index name: NIFTY OIL & GAS
2026-05-05 23:22:23 | INFO     | pipeline.parsers.mw | MarketWatchParser result: 15 constituents
2026-05-05 23:22:23 | INFO     | pipeline.parsers.mw | MarketWatchParser: MW-NIFTY-OIL-&-GAS-23-Apr-2026.csv
2026-05-05 23:22:23 | INFO     | pipeline.parsers.mw | Index name: NIFTY OIL & GAS
2026-05-05 23:22:23 | INFO     | pipeline.parsers.mw | MarketWatchParser result: 15 constituents
2026-05-05 23:22:23 | INFO     | pipeline.parsers.mw | MarketWatchParser: MW-NIFTY-OIL-&-GAS-23-Mar-2026.csv
2026-05-05 23:22:23 | INFO     | pipeline.parsers.mw | Index name: NIFTY OIL & GAS
2026-05-05 23:22:23 | INFO     | pipeline.parsers.mw | MarketWatchParser result: 15 constituents
2026-05-05 23:22:23 | INFO     | pipeline.parsers.mw | MarketWatchParser: MW-NIFTY-OIL-&-GAS-24-Apr-2026.csv
2026-05-05 23:22:23 | INFO     | pipeline.parsers.mw | Index name: NIFTY OIL & GAS
2026-05-05 23:22:23 | INFO     | pipeline.parsers.mw | MarketWatchParser result: 15 constituents
2026-05-05 23:22:23 | INFO     | pipeline.parsers.mw | MarketWatchParser: MW-NIFTY-OIL-&-GAS-24-Mar-2026.csv
2026-05-05 23:22:23 | INFO     | pipeline.parsers.mw | Index name: NIFTY OIL & GAS
2026-05-05 23:22:23 | INFO     | pipeline.parsers.mw | MarketWatchParser result: 15 constituents
2026-05-05 23:22:23 | INFO     | pipeline.parsers.mw | MarketWatchParser: MW-NIFTY-OIL-&-GAS-27-Apr-2026.csv
2026-05-05 23:22:23 | INFO     | pipeline.parsers.mw | Index name: NIFTY OIL & GAS
2026-05-05 23:22:23 | INFO     | pipeline.parsers.mw | MarketWatchParser result: 15 constituents
2026-05-05 23:22:23 | INFO     | pipeline.parsers.mw | MarketWatchParser: MW-NIFTY-OIL-&-GAS-27-Mar-2026.csv
2026-05-05 23:22:23 | INFO     | pipeline.parsers.mw | Index name: NIFTY OIL & GAS
2026-05-05 23:22:23 | INFO     | pipeline.parsers.mw | MarketWatchParser result: 15 constituents
2026-05-05 23:22:23 | INFO     | pipeline.parsers.mw | MarketWatchParser: MW-NIFTY-OIL-&-GAS-28-Apr-2026.csv
2026-05-05 23:22:23 | INFO     | pipeline.parsers.mw | Index name: NIFTY OIL & GAS
2026-05-05 23:22:23 | INFO     | pipeline.parsers.mw | MarketWatchParser result: 15 constituents
2026-05-05 23:22:23 | INFO     | pipeline.parsers.mw | MarketWatchParser: MW-NIFTY-OIL-&-GAS-29-Apr-2026.csv
2026-05-05 23:22:23 | INFO     | pipeline.parsers.mw | Index name: NIFTY OIL & GAS
2026-05-05 23:22:23 | INFO     | pipeline.parsers.mw | MarketWatchParser result: 15 constituents
2026-05-05 23:22:23 | INFO     | pipeline.parsers.mw | MarketWatchParser: MW-NIFTY-OIL-&-GAS-30-Mar-2026.csv
2026-05-05 23:22:23 | INFO     | pipeline.parsers.mw | Index name: NIFTY OIL & GAS
2026-05-05 23:22:23 | INFO     | pipeline.parsers.mw | MarketWatchParser result: 15 constituents
2026-05-05 23:22:23 | INFO     | pipeline.parsers.mw | MarketWatchParser: MW-NIFTY-PHARMA-03-Apr-2026.csv
2026-05-05 23:22:23 | INFO     | pipeline.parsers.mw | Index name: NIFTY PHARMA
2026-05-05 23:22:24 | INFO     | pipeline.parsers.mw | MarketWatchParser result: 20 constituents
2026-05-05 23:22:24 | INFO     | pipeline.parsers.mw | MarketWatchParser: MW-NIFTY-PHARMA-06-Apr-2026.csv
2026-05-05 23:22:24 | INFO     | pipeline.parsers.mw | Index name: NIFTY PHARMA
2026-05-05 23:22:24 | INFO     | pipeline.parsers.mw | MarketWatchParser result: 20 constituents
2026-05-05 23:22:24 | INFO     | pipeline.parsers.mw | MarketWatchParser: MW-NIFTY-PHARMA-07-Apr-2026.csv
2026-05-05 23:22:24 | INFO     | pipeline.parsers.mw | Index name: NIFTY PHARMA
2026-05-05 23:22:24 | INFO     | pipeline.parsers.mw | MarketWatchParser result: 20 constituents
2026-05-05 23:22:24 | INFO     | pipeline.parsers.mw | MarketWatchParser: MW-NIFTY-PHARMA-08-Apr-2026.csv
2026-05-05 23:22:24 | INFO     | pipeline.parsers.mw | Index name: NIFTY PHARMA
2026-05-05 23:22:24 | INFO     | pipeline.parsers.mw | MarketWatchParser result: 20 constituents
2026-05-05 23:22:24 | INFO     | pipeline.parsers.mw | MarketWatchParser: MW-NIFTY-PHARMA-09-Apr-2026.csv
2026-05-05 23:22:24 | INFO     | pipeline.parsers.mw | Index name: NIFTY PHARMA
2026-05-05 23:22:24 | INFO     | pipeline.parsers.mw | MarketWatchParser result: 20 constituents
2026-05-05 23:22:24 | INFO     | pipeline.parsers.mw | MarketWatchParser: MW-NIFTY-PHARMA-10-Apr-2026.csv
2026-05-05 23:22:24 | INFO     | pipeline.parsers.mw | Index name: NIFTY PHARMA
2026-05-05 23:22:24 | INFO     | pipeline.parsers.mw | MarketWatchParser result: 20 constituents
2026-05-05 23:22:24 | INFO     | pipeline.parsers.mw | MarketWatchParser: MW-NIFTY-PHARMA-13-Apr-2026.csv
2026-05-05 23:22:24 | INFO     | pipeline.parsers.mw | Index name: NIFTY PHARMA
2026-05-05 23:22:24 | INFO     | pipeline.parsers.mw | MarketWatchParser result: 20 constituents
2026-05-05 23:22:24 | INFO     | pipeline.parsers.mw | MarketWatchParser: MW-NIFTY-PHARMA-15-Apr-2026.csv
2026-05-05 23:22:24 | INFO     | pipeline.parsers.mw | Index name: NIFTY PHARMA
2026-05-05 23:22:24 | INFO     | pipeline.parsers.mw | MarketWatchParser result: 20 constituents
2026-05-05 23:22:24 | INFO     | pipeline.parsers.mw | MarketWatchParser: MW-NIFTY-PHARMA-16-Apr-2026.csv
2026-05-05 23:22:24 | INFO     | pipeline.parsers.mw | Index name: NIFTY PHARMA
2026-05-05 23:22:24 | INFO     | pipeline.parsers.mw | MarketWatchParser result: 20 constituents
2026-05-05 23:22:24 | INFO     | pipeline.parsers.mw | MarketWatchParser: MW-NIFTY-PHARMA-17-Apr-2026.csv
2026-05-05 23:22:24 | INFO     | pipeline.parsers.mw | Index name: NIFTY PHARMA
2026-05-05 23:22:24 | INFO     | pipeline.parsers.mw | MarketWatchParser result: 20 constituents
2026-05-05 23:22:24 | INFO     | pipeline.parsers.mw | MarketWatchParser: MW-NIFTY-PHARMA-17-Mar-2026.csv
2026-05-05 23:22:24 | INFO     | pipeline.parsers.mw | Index name: NIFTY PHARMA
2026-05-05 23:22:24 | INFO     | pipeline.parsers.mw | MarketWatchParser result: 20 constituents
2026-05-05 23:22:24 | INFO     | pipeline.parsers.mw | MarketWatchParser: MW-NIFTY-PHARMA-18-Mar-2026.csv
2026-05-05 23:22:24 | INFO     | pipeline.parsers.mw | Index name: NIFTY PHARMA
2026-05-05 23:22:24 | INFO     | pipeline.parsers.mw | MarketWatchParser result: 20 constituents
2026-05-05 23:22:24 | INFO     | pipeline.parsers.mw | MarketWatchParser: MW-NIFTY-PHARMA-19-Mar-2026.csv
2026-05-05 23:22:24 | INFO     | pipeline.parsers.mw | Index name: NIFTY PHARMA
2026-05-05 23:22:24 | INFO     | pipeline.parsers.mw | MarketWatchParser result: 20 constituents
2026-05-05 23:22:24 | INFO     | pipeline.parsers.mw | MarketWatchParser: MW-NIFTY-PHARMA-20-Mar-2026.csv
2026-05-05 23:22:24 | INFO     | pipeline.parsers.mw | Index name: NIFTY PHARMA
2026-05-05 23:22:24 | INFO     | pipeline.parsers.mw | MarketWatchParser result: 20 constituents
2026-05-05 23:22:24 | INFO     | pipeline.parsers.mw | MarketWatchParser: MW-NIFTY-PHARMA-21-Apr-2026.csv
2026-05-05 23:22:24 | INFO     | pipeline.parsers.mw | Index name: NIFTY PHARMA
2026-05-05 23:22:24 | INFO     | pipeline.parsers.mw | MarketWatchParser result: 20 constituents
2026-05-05 23:22:24 | INFO     | pipeline.parsers.mw | MarketWatchParser: MW-NIFTY-PHARMA-22-Apr-2026.csv
2026-05-05 23:22:24 | INFO     | pipeline.parsers.mw | Index name: NIFTY PHARMA
2026-05-05 23:22:24 | INFO     | pipeline.parsers.mw | MarketWatchParser result: 20 constituents
2026-05-05 23:22:24 | INFO     | pipeline.parsers.mw | MarketWatchParser: MW-NIFTY-PHARMA-23-Apr-2026.csv
2026-05-05 23:22:24 | INFO     | pipeline.parsers.mw | Index name: NIFTY PHARMA
2026-05-05 23:22:24 | INFO     | pipeline.parsers.mw | MarketWatchParser result: 20 constituents
2026-05-05 23:22:24 | INFO     | pipeline.parsers.mw | MarketWatchParser: MW-NIFTY-PHARMA-23-Mar-2026.csv
2026-05-05 23:22:24 | INFO     | pipeline.parsers.mw | Index name: NIFTY PHARMA
2026-05-05 23:22:24 | INFO     | pipeline.parsers.mw | MarketWatchParser result: 20 constituents
2026-05-05 23:22:24 | INFO     | pipeline.parsers.mw | MarketWatchParser: MW-NIFTY-PHARMA-24-Apr-2026.csv
2026-05-05 23:22:24 | INFO     | pipeline.parsers.mw | Index name: NIFTY PHARMA
2026-05-05 23:22:24 | INFO     | pipeline.parsers.mw | MarketWatchParser result: 20 constituents
2026-05-05 23:22:25 | INFO     | pipeline.parsers.mw | MarketWatchParser: MW-NIFTY-PHARMA-24-Mar-2026.csv
2026-05-05 23:22:25 | INFO     | pipeline.parsers.mw | Index name: NIFTY PHARMA
2026-05-05 23:22:25 | INFO     | pipeline.parsers.mw | MarketWatchParser result: 20 constituents
2026-05-05 23:22:25 | INFO     | pipeline.parsers.mw | MarketWatchParser: MW-NIFTY-PHARMA-27-Mar-2026.csv
2026-05-05 23:22:25 | INFO     | pipeline.parsers.mw | Index name: NIFTY PHARMA
2026-05-05 23:22:25 | INFO     | pipeline.parsers.mw | MarketWatchParser result: 20 constituents
2026-05-05 23:22:25 | INFO     | pipeline.parsers.mw | MarketWatchParser: MW-NIFTY-PHARMA-30-Mar-2026.csv
2026-05-05 23:22:25 | INFO     | pipeline.parsers.mw | Index name: NIFTY PHARMA
2026-05-05 23:22:25 | INFO     | pipeline.parsers.mw | MarketWatchParser result: 20 constituents
2026-05-05 23:22:25 | INFO     | pipeline.parsers.mw | MarketWatchParser: MW-NIFTY-PRIVATE-BANK-03-Apr-2026.csv
2026-05-05 23:22:25 | INFO     | pipeline.parsers.mw | Index name: NIFTY PRIVATE BANK
2026-05-05 23:22:25 | INFO     | pipeline.parsers.mw | MarketWatchParser result: 10 constituents
2026-05-05 23:22:25 | INFO     | pipeline.parsers.mw | MarketWatchParser: MW-NIFTY-PRIVATE-BANK-06-Apr-2026.csv
2026-05-05 23:22:25 | INFO     | pipeline.parsers.mw | Index name: NIFTY PRIVATE BANK
2026-05-05 23:22:25 | INFO     | pipeline.parsers.mw | MarketWatchParser result: 10 constituents
2026-05-05 23:22:25 | INFO     | pipeline.parsers.mw | MarketWatchParser: MW-NIFTY-PRIVATE-BANK-07-Apr-2026.csv
2026-05-05 23:22:25 | INFO     | pipeline.parsers.mw | Index name: NIFTY PRIVATE BANK
2026-05-05 23:22:25 | INFO     | pipeline.parsers.mw | MarketWatchParser result: 10 constituents
2026-05-05 23:22:25 | INFO     | pipeline.parsers.mw | MarketWatchParser: MW-NIFTY-PRIVATE-BANK-08-Apr-2026.csv
2026-05-05 23:22:25 | INFO     | pipeline.parsers.mw | Index name: NIFTY PRIVATE BANK
2026-05-05 23:22:25 | INFO     | pipeline.parsers.mw | MarketWatchParser result: 10 constituents
2026-05-05 23:22:25 | INFO     | pipeline.parsers.mw | MarketWatchParser: MW-NIFTY-PRIVATE-BANK-09-Apr-2026.csv
2026-05-05 23:22:25 | INFO     | pipeline.parsers.mw | Index name: NIFTY PRIVATE BANK
2026-05-05 23:22:25 | INFO     | pipeline.parsers.mw | MarketWatchParser result: 10 constituents
2026-05-05 23:22:25 | INFO     | pipeline.parsers.mw | MarketWatchParser: MW-NIFTY-PRIVATE-BANK-10-Apr-2026.csv
2026-05-05 23:22:25 | INFO     | pipeline.parsers.mw | Index name: NIFTY PRIVATE BANK
2026-05-05 23:22:25 | INFO     | pipeline.parsers.mw | MarketWatchParser result: 10 constituents
2026-05-05 23:22:25 | INFO     | pipeline.parsers.mw | MarketWatchParser: MW-NIFTY-PRIVATE-BANK-13-Apr-2026.csv
2026-05-05 23:22:25 | INFO     | pipeline.parsers.mw | Index name: NIFTY PRIVATE BANK
2026-05-05 23:22:25 | INFO     | pipeline.parsers.mw | MarketWatchParser result: 10 constituents
2026-05-05 23:22:25 | INFO     | pipeline.parsers.mw | MarketWatchParser: MW-NIFTY-PRIVATE-BANK-15-Apr-2026.csv
2026-05-05 23:22:25 | INFO     | pipeline.parsers.mw | Index name: NIFTY PRIVATE BANK
2026-05-05 23:22:25 | INFO     | pipeline.parsers.mw | MarketWatchParser result: 10 constituents
2026-05-05 23:22:25 | INFO     | pipeline.parsers.mw | MarketWatchParser: MW-NIFTY-PRIVATE-BANK-16-Apr-2026.csv
2026-05-05 23:22:25 | INFO     | pipeline.parsers.mw | Index name: NIFTY PRIVATE BANK
2026-05-05 23:22:25 | INFO     | pipeline.parsers.mw | MarketWatchParser result: 10 constituents
2026-05-05 23:22:25 | INFO     | pipeline.parsers.mw | MarketWatchParser: MW-NIFTY-PRIVATE-BANK-17-Apr-2026.csv
2026-05-05 23:22:25 | INFO     | pipeline.parsers.mw | Index name: NIFTY PRIVATE BANK
2026-05-05 23:22:25 | INFO     | pipeline.parsers.mw | MarketWatchParser result: 10 constituents
2026-05-05 23:22:25 | INFO     | pipeline.parsers.mw | MarketWatchParser: MW-NIFTY-PRIVATE-BANK-17-Mar-2026.csv
2026-05-05 23:22:25 | INFO     | pipeline.parsers.mw | Index name: NIFTY PRIVATE BANK
2026-05-05 23:22:25 | INFO     | pipeline.parsers.mw | MarketWatchParser result: 10 constituents
2026-05-05 23:22:25 | INFO     | pipeline.parsers.mw | MarketWatchParser: MW-NIFTY-PRIVATE-BANK-18-Mar-2026.csv
2026-05-05 23:22:25 | INFO     | pipeline.parsers.mw | Index name: NIFTY PRIVATE BANK
2026-05-05 23:22:25 | INFO     | pipeline.parsers.mw | MarketWatchParser result: 10 constituents
2026-05-05 23:22:25 | INFO     | pipeline.parsers.mw | MarketWatchParser: MW-NIFTY-PRIVATE-BANK-19-Mar-2026.csv
2026-05-05 23:22:25 | INFO     | pipeline.parsers.mw | Index name: NIFTY PRIVATE BANK
2026-05-05 23:22:25 | INFO     | pipeline.parsers.mw | MarketWatchParser result: 10 constituents
2026-05-05 23:22:25 | INFO     | pipeline.parsers.mw | MarketWatchParser: MW-NIFTY-PRIVATE-BANK-20-Mar-2026.csv
2026-05-05 23:22:25 | INFO     | pipeline.parsers.mw | Index name: NIFTY PRIVATE BANK
2026-05-05 23:22:25 | INFO     | pipeline.parsers.mw | MarketWatchParser result: 10 constituents
2026-05-05 23:22:25 | INFO     | pipeline.parsers.mw | MarketWatchParser: MW-NIFTY-PRIVATE-BANK-21-Apr-2026.csv
2026-05-05 23:22:25 | INFO     | pipeline.parsers.mw | Index name: NIFTY PRIVATE BANK
2026-05-05 23:22:25 | INFO     | pipeline.parsers.mw | MarketWatchParser result: 10 constituents
2026-05-05 23:22:25 | INFO     | pipeline.parsers.mw | MarketWatchParser: MW-NIFTY-PRIVATE-BANK-22-Apr-2026.csv
2026-05-05 23:22:25 | INFO     | pipeline.parsers.mw | Index name: NIFTY PRIVATE BANK
2026-05-05 23:22:25 | INFO     | pipeline.parsers.mw | MarketWatchParser result: 10 constituents
2026-05-05 23:22:25 | INFO     | pipeline.parsers.mw | MarketWatchParser: MW-NIFTY-PRIVATE-BANK-23-Apr-2026.csv
2026-05-05 23:22:25 | INFO     | pipeline.parsers.mw | Index name: NIFTY PRIVATE BANK
2026-05-05 23:22:25 | INFO     | pipeline.parsers.mw | MarketWatchParser result: 10 constituents
2026-05-05 23:22:25 | INFO     | pipeline.parsers.mw | MarketWatchParser: MW-NIFTY-PRIVATE-BANK-23-Mar-2026.csv
2026-05-05 23:22:25 | INFO     | pipeline.parsers.mw | Index name: NIFTY PRIVATE BANK
2026-05-05 23:22:26 | INFO     | pipeline.parsers.mw | MarketWatchParser result: 10 constituents
2026-05-05 23:22:26 | INFO     | pipeline.parsers.mw | MarketWatchParser: MW-NIFTY-PRIVATE-BANK-24-Apr-2026.csv
2026-05-05 23:22:26 | INFO     | pipeline.parsers.mw | Index name: NIFTY PRIVATE BANK
2026-05-05 23:22:26 | INFO     | pipeline.parsers.mw | MarketWatchParser result: 10 constituents
2026-05-05 23:22:26 | INFO     | pipeline.parsers.mw | MarketWatchParser: MW-NIFTY-PRIVATE-BANK-24-Mar-2026.csv
2026-05-05 23:22:26 | INFO     | pipeline.parsers.mw | Index name: NIFTY PRIVATE BANK
2026-05-05 23:22:26 | INFO     | pipeline.parsers.mw | MarketWatchParser result: 10 constituents
2026-05-05 23:22:26 | INFO     | pipeline.parsers.mw | MarketWatchParser: MW-NIFTY-PRIVATE-BANK-27-Apr-2026.csv
2026-05-05 23:22:26 | INFO     | pipeline.parsers.mw | Index name: NIFTY PRIVATE BANK
2026-05-05 23:22:26 | INFO     | pipeline.parsers.mw | MarketWatchParser result: 10 constituents
2026-05-05 23:22:26 | INFO     | pipeline.parsers.mw | MarketWatchParser: MW-NIFTY-PRIVATE-BANK-27-Mar-2026.csv
2026-05-05 23:22:26 | INFO     | pipeline.parsers.mw | Index name: NIFTY PRIVATE BANK
2026-05-05 23:22:26 | INFO     | pipeline.parsers.mw | MarketWatchParser result: 10 constituents
2026-05-05 23:22:26 | INFO     | pipeline.parsers.mw | MarketWatchParser: MW-NIFTY-PRIVATE-BANK-28-Apr-2026.csv
2026-05-05 23:22:26 | INFO     | pipeline.parsers.mw | Index name: NIFTY PRIVATE BANK
2026-05-05 23:22:26 | INFO     | pipeline.parsers.mw | MarketWatchParser result: 10 constituents
2026-05-05 23:22:26 | INFO     | pipeline.parsers.mw | MarketWatchParser: MW-NIFTY-PRIVATE-BANK-29-Apr-2026.csv
2026-05-05 23:22:26 | INFO     | pipeline.parsers.mw | Index name: NIFTY PRIVATE BANK
2026-05-05 23:22:26 | INFO     | pipeline.parsers.mw | MarketWatchParser result: 10 constituents
2026-05-05 23:22:26 | INFO     | pipeline.parsers.mw | MarketWatchParser: MW-NIFTY-PRIVATE-BANK-30-Mar-2026.csv
2026-05-05 23:22:26 | INFO     | pipeline.parsers.mw | Index name: NIFTY PRIVATE BANK
2026-05-05 23:22:26 | INFO     | pipeline.parsers.mw | MarketWatchParser result: 10 constituents
2026-05-05 23:22:26 | INFO     | pipeline.parsers.mw | MarketWatchParser: MW-NIFTY-PSU-BANK-03-Apr-2026.csv
2026-05-05 23:22:26 | INFO     | pipeline.parsers.mw | Index name: NIFTY PSU BANK
2026-05-05 23:22:26 | INFO     | pipeline.parsers.mw | MarketWatchParser result: 12 constituents
2026-05-05 23:22:26 | INFO     | pipeline.parsers.mw | MarketWatchParser: MW-NIFTY-PSU-BANK-06-Apr-2026.csv
2026-05-05 23:22:26 | INFO     | pipeline.parsers.mw | Index name: NIFTY PSU BANK
2026-05-05 23:22:26 | INFO     | pipeline.parsers.mw | MarketWatchParser result: 12 constituents
2026-05-05 23:22:26 | INFO     | pipeline.parsers.mw | MarketWatchParser: MW-NIFTY-PSU-BANK-07-Apr-2026.csv
2026-05-05 23:22:26 | INFO     | pipeline.parsers.mw | Index name: NIFTY PSU BANK
2026-05-05 23:22:26 | INFO     | pipeline.parsers.mw | MarketWatchParser result: 12 constituents
2026-05-05 23:22:26 | INFO     | pipeline.parsers.mw | MarketWatchParser: MW-NIFTY-PSU-BANK-08-Apr-2026.csv
2026-05-05 23:22:26 | INFO     | pipeline.parsers.mw | Index name: NIFTY PSU BANK
2026-05-05 23:22:26 | INFO     | pipeline.parsers.mw | MarketWatchParser result: 12 constituents
2026-05-05 23:22:26 | INFO     | pipeline.parsers.mw | MarketWatchParser: MW-NIFTY-PSU-BANK-09-Apr-2026.csv
2026-05-05 23:22:26 | INFO     | pipeline.parsers.mw | Index name: NIFTY PSU BANK
2026-05-05 23:22:26 | INFO     | pipeline.parsers.mw | MarketWatchParser result: 12 constituents
2026-05-05 23:22:26 | INFO     | pipeline.parsers.mw | MarketWatchParser: MW-NIFTY-PSU-BANK-10-Apr-2026.csv
2026-05-05 23:22:26 | INFO     | pipeline.parsers.mw | Index name: NIFTY PSU BANK
2026-05-05 23:22:26 | INFO     | pipeline.parsers.mw | MarketWatchParser result: 12 constituents
2026-05-05 23:22:26 | INFO     | pipeline.parsers.mw | MarketWatchParser: MW-NIFTY-PSU-BANK-13-Apr-2026.csv
2026-05-05 23:22:26 | INFO     | pipeline.parsers.mw | Index name: NIFTY PSU BANK
2026-05-05 23:22:26 | INFO     | pipeline.parsers.mw | MarketWatchParser result: 12 constituents
2026-05-05 23:22:26 | INFO     | pipeline.parsers.mw | MarketWatchParser: MW-NIFTY-PSU-BANK-15-Apr-2026.csv
2026-05-05 23:22:26 | INFO     | pipeline.parsers.mw | Index name: NIFTY PSU BANK
2026-05-05 23:22:26 | INFO     | pipeline.parsers.mw | MarketWatchParser result: 12 constituents
2026-05-05 23:22:26 | INFO     | pipeline.parsers.mw | MarketWatchParser: MW-NIFTY-PSU-BANK-16-Apr-2026.csv
2026-05-05 23:22:26 | INFO     | pipeline.parsers.mw | Index name: NIFTY PSU BANK
2026-05-05 23:22:26 | INFO     | pipeline.parsers.mw | MarketWatchParser result: 12 constituents
2026-05-05 23:22:26 | INFO     | pipeline.parsers.mw | MarketWatchParser: MW-NIFTY-PSU-BANK-17-Apr-2026.csv
2026-05-05 23:22:26 | INFO     | pipeline.parsers.mw | Index name: NIFTY PSU BANK
2026-05-05 23:22:26 | INFO     | pipeline.parsers.mw | MarketWatchParser result: 12 constituents
2026-05-05 23:22:27 | INFO     | pipeline.parsers.mw | MarketWatchParser: MW-NIFTY-PSU-BANK-17-Mar-2026.csv
2026-05-05 23:22:27 | INFO     | pipeline.parsers.mw | Index name: NIFTY PSU BANK
2026-05-05 23:22:27 | INFO     | pipeline.parsers.mw | MarketWatchParser result: 12 constituents
2026-05-05 23:22:27 | INFO     | pipeline.parsers.mw | MarketWatchParser: MW-NIFTY-PSU-BANK-18-Mar-2026.csv
2026-05-05 23:22:27 | INFO     | pipeline.parsers.mw | Index name: NIFTY PSU BANK
2026-05-05 23:22:27 | INFO     | pipeline.parsers.mw | MarketWatchParser result: 12 constituents
2026-05-05 23:22:27 | INFO     | pipeline.parsers.mw | MarketWatchParser: MW-NIFTY-PSU-BANK-19-Mar-2026.csv
2026-05-05 23:22:27 | INFO     | pipeline.parsers.mw | Index name: NIFTY PSU BANK
2026-05-05 23:22:27 | INFO     | pipeline.parsers.mw | MarketWatchParser result: 12 constituents
2026-05-05 23:22:27 | INFO     | pipeline.parsers.mw | MarketWatchParser: MW-NIFTY-PSU-BANK-20-Mar-2026.csv
2026-05-05 23:22:27 | INFO     | pipeline.parsers.mw | Index name: NIFTY PSU BANK
2026-05-05 23:22:27 | INFO     | pipeline.parsers.mw | MarketWatchParser result: 12 constituents
2026-05-05 23:22:27 | INFO     | pipeline.parsers.mw | MarketWatchParser: MW-NIFTY-PSU-BANK-21-Apr-2026.csv
2026-05-05 23:22:27 | INFO     | pipeline.parsers.mw | Index name: NIFTY PSU BANK
2026-05-05 23:22:27 | INFO     | pipeline.parsers.mw | MarketWatchParser result: 12 constituents
2026-05-05 23:22:27 | INFO     | pipeline.parsers.mw | MarketWatchParser: MW-NIFTY-PSU-BANK-22-Apr-2026.csv
2026-05-05 23:22:27 | INFO     | pipeline.parsers.mw | Index name: NIFTY PSU BANK
2026-05-05 23:22:27 | INFO     | pipeline.parsers.mw | MarketWatchParser result: 12 constituents
2026-05-05 23:22:27 | INFO     | pipeline.parsers.mw | MarketWatchParser: MW-NIFTY-PSU-BANK-23-Apr-2026.csv
2026-05-05 23:22:27 | INFO     | pipeline.parsers.mw | Index name: NIFTY PSU BANK
2026-05-05 23:22:27 | INFO     | pipeline.parsers.mw | MarketWatchParser result: 12 constituents
2026-05-05 23:22:27 | INFO     | pipeline.parsers.mw | MarketWatchParser: MW-NIFTY-PSU-BANK-23-Mar-2026.csv
2026-05-05 23:22:27 | INFO     | pipeline.parsers.mw | Index name: NIFTY PSU BANK
2026-05-05 23:22:27 | INFO     | pipeline.parsers.mw | MarketWatchParser result: 12 constituents
2026-05-05 23:22:27 | INFO     | pipeline.parsers.mw | MarketWatchParser: MW-NIFTY-PSU-BANK-24-Apr-2026.csv
2026-05-05 23:22:27 | INFO     | pipeline.parsers.mw | Index name: NIFTY PSU BANK
2026-05-05 23:22:27 | INFO     | pipeline.parsers.mw | MarketWatchParser result: 12 constituents
2026-05-05 23:22:27 | INFO     | pipeline.parsers.mw | MarketWatchParser: MW-NIFTY-PSU-BANK-24-Mar-2026.csv
2026-05-05 23:22:27 | INFO     | pipeline.parsers.mw | Index name: NIFTY PSU BANK
2026-05-05 23:22:27 | INFO     | pipeline.parsers.mw | MarketWatchParser result: 12 constituents
2026-05-05 23:22:27 | INFO     | pipeline.parsers.mw | MarketWatchParser: MW-NIFTY-PSU-BANK-27-Apr-2026.csv
2026-05-05 23:22:27 | INFO     | pipeline.parsers.mw | Index name: NIFTY PSU BANK
2026-05-05 23:22:27 | INFO     | pipeline.parsers.mw | MarketWatchParser result: 12 constituents
2026-05-05 23:22:27 | INFO     | pipeline.parsers.mw | MarketWatchParser: MW-NIFTY-PSU-BANK-27-Mar-2026.csv
2026-05-05 23:22:27 | INFO     | pipeline.parsers.mw | Index name: NIFTY PSU BANK
2026-05-05 23:22:27 | INFO     | pipeline.parsers.mw | MarketWatchParser result: 12 constituents
2026-05-05 23:22:27 | INFO     | pipeline.parsers.mw | MarketWatchParser: MW-NIFTY-PSU-BANK-28-Apr-2026.csv
2026-05-05 23:22:27 | INFO     | pipeline.parsers.mw | Index name: NIFTY PSU BANK
2026-05-05 23:22:27 | INFO     | pipeline.parsers.mw | MarketWatchParser result: 12 constituents
2026-05-05 23:22:27 | INFO     | pipeline.parsers.mw | MarketWatchParser: MW-NIFTY-PSU-BANK-29-Apr-2026.csv
2026-05-05 23:22:27 | INFO     | pipeline.parsers.mw | Index name: NIFTY PSU BANK
2026-05-05 23:22:27 | INFO     | pipeline.parsers.mw | MarketWatchParser result: 12 constituents
2026-05-05 23:22:27 | INFO     | pipeline.parsers.mw | MarketWatchParser: MW-NIFTY-PSU-BANK-30-Mar-2026.csv
2026-05-05 23:22:27 | INFO     | pipeline.parsers.mw | Index name: NIFTY PSU BANK
2026-05-05 23:22:27 | INFO     | pipeline.parsers.mw | MarketWatchParser result: 12 constituents
2026-05-05 23:22:27 | INFO     | pipeline.parsers.mw | MarketWatchParser: MW-NIFTY-REALTY-03-Apr-2026.csv
2026-05-05 23:22:27 | INFO     | pipeline.parsers.mw | Index name: NIFTY REALTY
2026-05-05 23:22:27 | INFO     | pipeline.parsers.mw | MarketWatchParser result: 10 constituents
2026-05-05 23:22:27 | INFO     | pipeline.parsers.mw | MarketWatchParser: MW-NIFTY-REALTY-06-Apr-2026.csv
2026-05-05 23:22:27 | INFO     | pipeline.parsers.mw | Index name: NIFTY REALTY
2026-05-05 23:22:27 | INFO     | pipeline.parsers.mw | MarketWatchParser result: 10 constituents
2026-05-05 23:22:27 | INFO     | pipeline.parsers.mw | MarketWatchParser: MW-NIFTY-REALTY-07-Apr-2026.csv
2026-05-05 23:22:27 | INFO     | pipeline.parsers.mw | Index name: NIFTY REALTY
2026-05-05 23:22:27 | INFO     | pipeline.parsers.mw | MarketWatchParser result: 10 constituents
2026-05-05 23:22:27 | INFO     | pipeline.parsers.mw | MarketWatchParser: MW-NIFTY-REALTY-08-Apr-2026.csv
2026-05-05 23:22:27 | INFO     | pipeline.parsers.mw | Index name: NIFTY REALTY
2026-05-05 23:22:27 | INFO     | pipeline.parsers.mw | MarketWatchParser result: 10 constituents
2026-05-05 23:22:27 | INFO     | pipeline.parsers.mw | MarketWatchParser: MW-NIFTY-REALTY-09-Apr-2026.csv
2026-05-05 23:22:27 | INFO     | pipeline.parsers.mw | Index name: NIFTY REALTY
2026-05-05 23:22:27 | INFO     | pipeline.parsers.mw | MarketWatchParser result: 10 constituents
2026-05-05 23:22:27 | INFO     | pipeline.parsers.mw | MarketWatchParser: MW-NIFTY-REALTY-10-Apr-2026.csv
2026-05-05 23:22:27 | INFO     | pipeline.parsers.mw | Index name: NIFTY REALTY
2026-05-05 23:22:27 | INFO     | pipeline.parsers.mw | MarketWatchParser result: 10 constituents
2026-05-05 23:22:27 | INFO     | pipeline.parsers.mw | MarketWatchParser: MW-NIFTY-REALTY-13-Apr-2026.csv
2026-05-05 23:22:27 | INFO     | pipeline.parsers.mw | Index name: NIFTY REALTY
2026-05-05 23:22:27 | INFO     | pipeline.parsers.mw | MarketWatchParser result: 10 constituents
2026-05-05 23:22:28 | INFO     | pipeline.parsers.mw | MarketWatchParser: MW-NIFTY-REALTY-15-Apr-2026.csv
2026-05-05 23:22:28 | INFO     | pipeline.parsers.mw | Index name: NIFTY REALTY
2026-05-05 23:22:28 | INFO     | pipeline.parsers.mw | MarketWatchParser result: 10 constituents
2026-05-05 23:22:28 | INFO     | pipeline.parsers.mw | MarketWatchParser: MW-NIFTY-REALTY-16-Apr-2026.csv
2026-05-05 23:22:28 | INFO     | pipeline.parsers.mw | Index name: NIFTY REALTY
2026-05-05 23:22:28 | INFO     | pipeline.parsers.mw | MarketWatchParser result: 10 constituents
2026-05-05 23:22:28 | INFO     | pipeline.parsers.mw | MarketWatchParser: MW-NIFTY-REALTY-17-Apr-2026.csv
2026-05-05 23:22:28 | INFO     | pipeline.parsers.mw | Index name: NIFTY REALTY
2026-05-05 23:22:28 | INFO     | pipeline.parsers.mw | MarketWatchParser result: 10 constituents
2026-05-05 23:22:28 | INFO     | pipeline.parsers.mw | MarketWatchParser: MW-NIFTY-REALTY-17-Mar-2026.csv
2026-05-05 23:22:28 | INFO     | pipeline.parsers.mw | Index name: NIFTY REALTY
2026-05-05 23:22:28 | INFO     | pipeline.parsers.mw | MarketWatchParser result: 10 constituents
2026-05-05 23:22:28 | INFO     | pipeline.parsers.mw | MarketWatchParser: MW-NIFTY-REALTY-18-Mar-2026.csv
2026-05-05 23:22:28 | INFO     | pipeline.parsers.mw | Index name: NIFTY REALTY
2026-05-05 23:22:28 | INFO     | pipeline.parsers.mw | MarketWatchParser result: 10 constituents
2026-05-05 23:22:28 | INFO     | pipeline.parsers.mw | MarketWatchParser: MW-NIFTY-REALTY-19-Mar-2026.csv
2026-05-05 23:22:28 | INFO     | pipeline.parsers.mw | Index name: NIFTY REALTY
2026-05-05 23:22:28 | INFO     | pipeline.parsers.mw | MarketWatchParser result: 10 constituents
2026-05-05 23:22:28 | INFO     | pipeline.parsers.mw | MarketWatchParser: MW-NIFTY-REALTY-20-Mar-2026.csv
2026-05-05 23:22:28 | INFO     | pipeline.parsers.mw | Index name: NIFTY REALTY
2026-05-05 23:22:28 | INFO     | pipeline.parsers.mw | MarketWatchParser result: 10 constituents
2026-05-05 23:22:28 | INFO     | pipeline.parsers.mw | MarketWatchParser: MW-NIFTY-REALTY-21-Apr-2026.csv
2026-05-05 23:22:28 | INFO     | pipeline.parsers.mw | Index name: NIFTY REALTY
2026-05-05 23:22:28 | INFO     | pipeline.parsers.mw | MarketWatchParser result: 10 constituents
2026-05-05 23:22:28 | INFO     | pipeline.parsers.mw | MarketWatchParser: MW-NIFTY-REALTY-22-Apr-2026.csv
2026-05-05 23:22:28 | INFO     | pipeline.parsers.mw | Index name: NIFTY REALTY
2026-05-05 23:22:28 | INFO     | pipeline.parsers.mw | MarketWatchParser result: 10 constituents
2026-05-05 23:22:28 | INFO     | pipeline.parsers.mw | MarketWatchParser: MW-NIFTY-REALTY-23-Apr-2026.csv
2026-05-05 23:22:28 | INFO     | pipeline.parsers.mw | Index name: NIFTY REALTY
2026-05-05 23:22:28 | INFO     | pipeline.parsers.mw | MarketWatchParser result: 10 constituents
2026-05-05 23:22:28 | INFO     | pipeline.parsers.mw | MarketWatchParser: MW-NIFTY-REALTY-23-Mar-2026.csv
2026-05-05 23:22:28 | INFO     | pipeline.parsers.mw | Index name: NIFTY REALTY
2026-05-05 23:22:28 | INFO     | pipeline.parsers.mw | MarketWatchParser result: 10 constituents
2026-05-05 23:22:28 | INFO     | pipeline.parsers.mw | MarketWatchParser: MW-NIFTY-REALTY-24-Apr-2026.csv
2026-05-05 23:22:28 | INFO     | pipeline.parsers.mw | Index name: NIFTY REALTY
2026-05-05 23:22:28 | INFO     | pipeline.parsers.mw | MarketWatchParser result: 10 constituents
2026-05-05 23:22:28 | INFO     | pipeline.parsers.mw | MarketWatchParser: MW-NIFTY-REALTY-24-Mar-2026.csv
2026-05-05 23:22:28 | INFO     | pipeline.parsers.mw | Index name: NIFTY REALTY
2026-05-05 23:22:28 | INFO     | pipeline.parsers.mw | MarketWatchParser result: 10 constituents
2026-05-05 23:22:28 | INFO     | pipeline.parsers.mw | MarketWatchParser: MW-NIFTY-REALTY-27-Apr-2026.csv
2026-05-05 23:22:28 | INFO     | pipeline.parsers.mw | Index name: NIFTY REALTY
2026-05-05 23:22:28 | INFO     | pipeline.parsers.mw | MarketWatchParser result: 10 constituents
2026-05-05 23:22:28 | INFO     | pipeline.parsers.mw | MarketWatchParser: MW-NIFTY-REALTY-27-Mar-2026.csv
2026-05-05 23:22:28 | INFO     | pipeline.parsers.mw | Index name: NIFTY REALTY
2026-05-05 23:22:28 | INFO     | pipeline.parsers.mw | MarketWatchParser result: 10 constituents
2026-05-05 23:22:28 | INFO     | pipeline.parsers.mw | MarketWatchParser: MW-NIFTY-REALTY-28-Apr-2026.csv
2026-05-05 23:22:28 | INFO     | pipeline.parsers.mw | Index name: NIFTY REALTY
2026-05-05 23:22:28 | INFO     | pipeline.parsers.mw | MarketWatchParser result: 10 constituents
2026-05-05 23:22:28 | INFO     | pipeline.parsers.mw | MarketWatchParser: MW-NIFTY-REALTY-29-Apr-2026.csv
2026-05-05 23:22:28 | INFO     | pipeline.parsers.mw | Index name: NIFTY REALTY
2026-05-05 23:22:28 | INFO     | pipeline.parsers.mw | MarketWatchParser result: 10 constituents
2026-05-05 23:22:28 | INFO     | pipeline.parsers.mw | MarketWatchParser: MW-NIFTY-REALTY-30-Mar-2026.csv
2026-05-05 23:22:28 | INFO     | pipeline.parsers.mw | Index name: NIFTY REALTY
2026-05-05 23:22:28 | INFO     | pipeline.parsers.mw | MarketWatchParser result: 10 constituents
2026-05-05 23:22:28 | INFO     | pipeline.parsers.mw | MarketWatchParser: MW-NIFTY500-HEALTHCARE-03-Apr-2026.csv
2026-05-05 23:22:28 | INFO     | pipeline.parsers.mw | Index name: NIFTY500 HEALTHCARE
2026-05-05 23:22:28 | INFO     | pipeline.parsers.mw | MarketWatchParser result: 49 constituents
2026-05-05 23:22:28 | INFO     | pipeline.parsers.mw | MarketWatchParser: MW-NIFTY500-HEALTHCARE-06-Apr-2026.csv
2026-05-05 23:22:28 | INFO     | pipeline.parsers.mw | Index name: NIFTY500 HEALTHCARE
2026-05-05 23:22:28 | INFO     | pipeline.parsers.mw | MarketWatchParser result: 49 constituents
2026-05-05 23:22:28 | INFO     | pipeline.parsers.mw | MarketWatchParser: MW-NIFTY500-HEALTHCARE-07-Apr-2026.csv
2026-05-05 23:22:28 | INFO     | pipeline.parsers.mw | Index name: NIFTY500 HEALTHCARE
2026-05-05 23:22:28 | INFO     | pipeline.parsers.mw | MarketWatchParser result: 49 constituents
2026-05-05 23:22:28 | INFO     | pipeline.parsers.mw | MarketWatchParser: MW-NIFTY500-HEALTHCARE-08-Apr-2026.csv
2026-05-05 23:22:28 | INFO     | pipeline.parsers.mw | Index name: NIFTY500 HEALTHCARE
2026-05-05 23:22:29 | INFO     | pipeline.parsers.mw | MarketWatchParser result: 49 constituents
2026-05-05 23:22:29 | INFO     | pipeline.parsers.mw | MarketWatchParser: MW-NIFTY500-HEALTHCARE-09-Apr-2026.csv
2026-05-05 23:22:29 | INFO     | pipeline.parsers.mw | Index name: NIFTY500 HEALTHCARE
2026-05-05 23:22:29 | INFO     | pipeline.parsers.mw | MarketWatchParser result: 49 constituents
2026-05-05 23:22:29 | INFO     | pipeline.parsers.mw | MarketWatchParser: MW-NIFTY500-HEALTHCARE-10-Apr-2026.csv
2026-05-05 23:22:29 | INFO     | pipeline.parsers.mw | Index name: NIFTY500 HEALTHCARE
2026-05-05 23:22:29 | INFO     | pipeline.parsers.mw | MarketWatchParser result: 49 constituents
2026-05-05 23:22:29 | INFO     | pipeline.parsers.mw | MarketWatchParser: MW-NIFTY500-HEALTHCARE-13-Apr-2026.csv
2026-05-05 23:22:29 | INFO     | pipeline.parsers.mw | Index name: NIFTY500 HEALTHCARE
2026-05-05 23:22:29 | INFO     | pipeline.parsers.mw | MarketWatchParser result: 49 constituents
2026-05-05 23:22:29 | INFO     | pipeline.parsers.mw | MarketWatchParser: MW-NIFTY500-HEALTHCARE-15-Apr-2026.csv
2026-05-05 23:22:29 | INFO     | pipeline.parsers.mw | Index name: NIFTY500 HEALTHCARE
2026-05-05 23:22:29 | INFO     | pipeline.parsers.mw | MarketWatchParser result: 49 constituents
2026-05-05 23:22:29 | INFO     | pipeline.parsers.mw | MarketWatchParser: MW-NIFTY500-HEALTHCARE-16-Apr-2026.csv
2026-05-05 23:22:29 | INFO     | pipeline.parsers.mw | Index name: NIFTY500 HEALTHCARE
2026-05-05 23:22:29 | INFO     | pipeline.parsers.mw | MarketWatchParser result: 49 constituents
2026-05-05 23:22:29 | INFO     | pipeline.parsers.mw | MarketWatchParser: MW-NIFTY500-HEALTHCARE-17-Apr-2026.csv
2026-05-05 23:22:29 | INFO     | pipeline.parsers.mw | Index name: NIFTY500 HEALTHCARE
2026-05-05 23:22:29 | INFO     | pipeline.parsers.mw | MarketWatchParser result: 49 constituents
2026-05-05 23:22:29 | INFO     | pipeline.parsers.mw | MarketWatchParser: MW-NIFTY500-HEALTHCARE-17-Mar-2026.csv
2026-05-05 23:22:29 | INFO     | pipeline.parsers.mw | Index name: NIFTY500 HEALTHCARE
2026-05-05 23:22:29 | INFO     | pipeline.parsers.mw | MarketWatchParser result: 50 constituents
2026-05-05 23:22:29 | INFO     | pipeline.parsers.mw | MarketWatchParser: MW-NIFTY500-HEALTHCARE-18-Mar-2026.csv
2026-05-05 23:22:29 | INFO     | pipeline.parsers.mw | Index name: NIFTY500 HEALTHCARE
2026-05-05 23:22:29 | INFO     | pipeline.parsers.mw | MarketWatchParser result: 50 constituents
2026-05-05 23:22:29 | INFO     | pipeline.parsers.mw | MarketWatchParser: MW-NIFTY500-HEALTHCARE-19-Mar-2026.csv
2026-05-05 23:22:29 | INFO     | pipeline.parsers.mw | Index name: NIFTY500 HEALTHCARE
2026-05-05 23:22:29 | INFO     | pipeline.parsers.mw | MarketWatchParser result: 50 constituents
2026-05-05 23:22:29 | INFO     | pipeline.parsers.mw | MarketWatchParser: MW-NIFTY500-HEALTHCARE-20-Mar-2026.csv
2026-05-05 23:22:29 | INFO     | pipeline.parsers.mw | Index name: NIFTY500 HEALTHCARE
2026-05-05 23:22:29 | INFO     | pipeline.parsers.mw | MarketWatchParser result: 50 constituents
2026-05-05 23:22:29 | INFO     | pipeline.parsers.mw | MarketWatchParser: MW-NIFTY500-HEALTHCARE-21-Apr-2026.csv
2026-05-05 23:22:29 | INFO     | pipeline.parsers.mw | Index name: NIFTY500 HEALTHCARE
2026-05-05 23:22:29 | INFO     | pipeline.parsers.mw | MarketWatchParser result: 49 constituents
2026-05-05 23:22:29 | INFO     | pipeline.parsers.mw | MarketWatchParser: MW-NIFTY500-HEALTHCARE-22-Apr-2026.csv
2026-05-05 23:22:29 | INFO     | pipeline.parsers.mw | Index name: NIFTY500 HEALTHCARE
2026-05-05 23:22:29 | INFO     | pipeline.parsers.mw | MarketWatchParser result: 49 constituents
2026-05-05 23:22:29 | INFO     | pipeline.parsers.mw | MarketWatchParser: MW-NIFTY500-HEALTHCARE-23-Apr-2026.csv
2026-05-05 23:22:29 | INFO     | pipeline.parsers.mw | Index name: NIFTY500 HEALTHCARE
2026-05-05 23:22:29 | INFO     | pipeline.parsers.mw | MarketWatchParser result: 49 constituents
2026-05-05 23:22:29 | INFO     | pipeline.parsers.mw | MarketWatchParser: MW-NIFTY500-HEALTHCARE-23-Mar-2026.csv
2026-05-05 23:22:29 | INFO     | pipeline.parsers.mw | Index name: NIFTY500 HEALTHCARE
2026-05-05 23:22:29 | INFO     | pipeline.parsers.mw | MarketWatchParser result: 50 constituents
2026-05-05 23:22:29 | INFO     | pipeline.parsers.mw | MarketWatchParser: MW-NIFTY500-HEALTHCARE-24-Apr-2026.csv
2026-05-05 23:22:29 | INFO     | pipeline.parsers.mw | Index name: NIFTY500 HEALTHCARE
2026-05-05 23:22:29 | INFO     | pipeline.parsers.mw | MarketWatchParser result: 49 constituents
2026-05-05 23:22:29 | INFO     | pipeline.parsers.mw | MarketWatchParser: MW-NIFTY500-HEALTHCARE-24-Mar-2026.csv
2026-05-05 23:22:29 | INFO     | pipeline.parsers.mw | Index name: NIFTY500 HEALTHCARE
2026-05-05 23:22:29 | INFO     | pipeline.parsers.mw | MarketWatchParser result: 50 constituents
2026-05-05 23:22:29 | INFO     | pipeline.parsers.mw | MarketWatchParser: MW-NIFTY500-HEALTHCARE-27-Apr-2026.csv
2026-05-05 23:22:29 | INFO     | pipeline.parsers.mw | Index name: NIFTY500 HEALTHCARE
2026-05-05 23:22:30 | INFO     | pipeline.parsers.mw | MarketWatchParser result: 49 constituents
2026-05-05 23:22:30 | INFO     | pipeline.parsers.mw | MarketWatchParser: MW-NIFTY500-HEALTHCARE-27-Mar-2026.csv
2026-05-05 23:22:30 | INFO     | pipeline.parsers.mw | Index name: NIFTY500 HEALTHCARE
2026-05-05 23:22:30 | INFO     | pipeline.parsers.mw | MarketWatchParser result: 50 constituents
2026-05-05 23:22:30 | INFO     | pipeline.parsers.mw | MarketWatchParser: MW-NIFTY500-HEALTHCARE-28-Apr-2026.csv
2026-05-05 23:22:30 | INFO     | pipeline.parsers.mw | Index name: NIFTY500 HEALTHCARE
2026-05-05 23:22:30 | INFO     | pipeline.parsers.mw | MarketWatchParser result: 49 constituents
2026-05-05 23:22:30 | INFO     | pipeline.parsers.mw | MarketWatchParser: MW-NIFTY500-HEALTHCARE-29-Apr-2026.csv
2026-05-05 23:22:30 | INFO     | pipeline.parsers.mw | Index name: NIFTY500 HEALTHCARE
2026-05-05 23:22:30 | INFO     | pipeline.parsers.mw | MarketWatchParser result: 49 constituents
2026-05-05 23:22:30 | INFO     | pipeline.parsers.mw | MarketWatchParser: MW-NIFTY500-HEALTHCARE-30-Mar-2026.csv
2026-05-05 23:22:30 | INFO     | pipeline.parsers.mw | Index name: NIFTY500 HEALTHCARE
2026-05-05 23:22:30 | INFO     | pipeline.parsers.mw | MarketWatchParser result: 50 constituents
2026-05-05 23:22:30 | INFO     | pipeline.parsers.mw | MarketWatchParser: MW-NIFTY-ALPHA-50-03-Apr-2026.csv
2026-05-05 23:22:30 | INFO     | pipeline.parsers.mw | Index name: NIFTY ALPHA 50
2026-05-05 23:22:30 | INFO     | pipeline.parsers.mw | MarketWatchParser result: 50 constituents
2026-05-05 23:22:30 | INFO     | pipeline.parsers.mw | MarketWatchParser: MW-NIFTY-ALPHA-50-06-Apr-2026.csv
2026-05-05 23:22:30 | INFO     | pipeline.parsers.mw | Index name: NIFTY ALPHA 50
2026-05-05 23:22:30 | INFO     | pipeline.parsers.mw | MarketWatchParser result: 50 constituents
2026-05-05 23:22:30 | INFO     | pipeline.parsers.mw | MarketWatchParser: MW-NIFTY-ALPHA-50-07-Apr-2026.csv
2026-05-05 23:22:30 | INFO     | pipeline.parsers.mw | Index name: NIFTY ALPHA 50
2026-05-05 23:22:30 | INFO     | pipeline.parsers.mw | MarketWatchParser result: 50 constituents
2026-05-05 23:22:30 | INFO     | pipeline.parsers.mw | MarketWatchParser: MW-NIFTY-ALPHA-50-08-Apr-2026.csv
2026-05-05 23:22:30 | INFO     | pipeline.parsers.mw | Index name: NIFTY ALPHA 50
2026-05-05 23:22:30 | INFO     | pipeline.parsers.mw | MarketWatchParser result: 50 constituents
2026-05-05 23:22:30 | INFO     | pipeline.parsers.mw | MarketWatchParser: MW-NIFTY-ALPHA-50-09-Apr-2026.csv
2026-05-05 23:22:30 | INFO     | pipeline.parsers.mw | Index name: NIFTY ALPHA 50
2026-05-05 23:22:30 | INFO     | pipeline.parsers.mw | MarketWatchParser result: 50 constituents
2026-05-05 23:22:30 | INFO     | pipeline.parsers.mw | MarketWatchParser: MW-NIFTY-ALPHA-50-10-Apr-2026.csv
2026-05-05 23:22:30 | INFO     | pipeline.parsers.mw | Index name: NIFTY ALPHA 50
2026-05-05 23:22:30 | INFO     | pipeline.parsers.mw | MarketWatchParser result: 50 constituents
2026-05-05 23:22:30 | INFO     | pipeline.parsers.mw | MarketWatchParser: MW-NIFTY-ALPHA-50-14-Apr-2026.csv
2026-05-05 23:22:30 | INFO     | pipeline.parsers.mw | Index name: NIFTY ALPHA 50
2026-05-05 23:22:30 | INFO     | pipeline.parsers.mw | MarketWatchParser result: 50 constituents
2026-05-05 23:22:30 | INFO     | pipeline.parsers.mw | MarketWatchParser: MW-NIFTY-ALPHA-50-15-Apr-2026.csv
2026-05-05 23:22:30 | INFO     | pipeline.parsers.mw | Index name: NIFTY ALPHA 50
2026-05-05 23:22:30 | INFO     | pipeline.parsers.mw | MarketWatchParser result: 50 constituents
2026-05-05 23:22:30 | INFO     | pipeline.parsers.mw | MarketWatchParser: MW-NIFTY-ALPHA-50-16-Apr-2026.csv
2026-05-05 23:22:30 | INFO     | pipeline.parsers.mw | Index name: NIFTY ALPHA 50
2026-05-05 23:22:30 | INFO     | pipeline.parsers.mw | MarketWatchParser result: 50 constituents
2026-05-05 23:22:30 | INFO     | pipeline.parsers.mw | MarketWatchParser: MW-NIFTY-ALPHA-50-17-Apr-2026.csv
2026-05-05 23:22:30 | INFO     | pipeline.parsers.mw | Index name: NIFTY ALPHA 50
2026-05-05 23:22:30 | INFO     | pipeline.parsers.mw | MarketWatchParser result: 50 constituents
2026-05-05 23:22:30 | INFO     | pipeline.parsers.mw | MarketWatchParser: MW-NIFTY-ALPHA-50-17-Mar-2026.csv
2026-05-05 23:22:30 | INFO     | pipeline.parsers.mw | Index name: NIFTY ALPHA 50
2026-05-05 23:22:30 | INFO     | pipeline.parsers.mw | MarketWatchParser result: 50 constituents
2026-05-05 23:22:30 | INFO     | pipeline.parsers.mw | MarketWatchParser: MW-NIFTY-ALPHA-50-18-Mar-2026.csv
2026-05-05 23:22:30 | INFO     | pipeline.parsers.mw | Index name: NIFTY ALPHA 50
2026-05-05 23:22:30 | INFO     | pipeline.parsers.mw | MarketWatchParser result: 50 constituents
2026-05-05 23:22:30 | INFO     | pipeline.parsers.mw | MarketWatchParser: MW-NIFTY-ALPHA-50-19-Mar-2026.csv
2026-05-05 23:22:30 | INFO     | pipeline.parsers.mw | Index name: NIFTY ALPHA 50
2026-05-05 23:22:30 | INFO     | pipeline.parsers.mw | MarketWatchParser result: 50 constituents
2026-05-05 23:22:30 | INFO     | pipeline.parsers.mw | MarketWatchParser: MW-NIFTY-ALPHA-50-20-Mar-2026.csv
2026-05-05 23:22:30 | INFO     | pipeline.parsers.mw | Index name: NIFTY ALPHA 50
2026-05-05 23:22:31 | INFO     | pipeline.parsers.mw | MarketWatchParser result: 50 constituents
2026-05-05 23:22:31 | INFO     | pipeline.parsers.mw | MarketWatchParser: MW-NIFTY-ALPHA-50-22-Apr-2026 (1).csv
2026-05-05 23:22:31 | INFO     | pipeline.parsers.mw | Index name: NIFTY ALPHA 50 22 Apr 2026 (1)
2026-05-05 23:22:31 | INFO     | pipeline.parsers.mw | MarketWatchParser result: 50 constituents
2026-05-05 23:22:31 | INFO     | pipeline.parsers.mw | MarketWatchParser: MW-NIFTY-ALPHA-50-22-Apr-2026.csv
2026-05-05 23:22:31 | INFO     | pipeline.parsers.mw | Index name: NIFTY ALPHA 50
2026-05-05 23:22:31 | INFO     | pipeline.parsers.mw | MarketWatchParser result: 50 constituents
2026-05-05 23:22:31 | INFO     | pipeline.parsers.mw | MarketWatchParser: MW-NIFTY-ALPHA-50-23-Apr-2026.csv
2026-05-05 23:22:31 | INFO     | pipeline.parsers.mw | Index name: NIFTY ALPHA 50
2026-05-05 23:22:31 | INFO     | pipeline.parsers.mw | MarketWatchParser result: 50 constituents
2026-05-05 23:22:31 | INFO     | pipeline.parsers.mw | MarketWatchParser: MW-NIFTY-ALPHA-50-24-Apr-2026.csv
2026-05-05 23:22:31 | INFO     | pipeline.parsers.mw | Index name: NIFTY ALPHA 50
2026-05-05 23:22:31 | INFO     | pipeline.parsers.mw | MarketWatchParser result: 50 constituents
2026-05-05 23:22:31 | INFO     | pipeline.parsers.mw | MarketWatchParser: MW-NIFTY-ALPHA-50-24-Mar-2026.csv
2026-05-05 23:22:31 | INFO     | pipeline.parsers.mw | Index name: NIFTY ALPHA 50
2026-05-05 23:22:31 | INFO     | pipeline.parsers.mw | MarketWatchParser result: 50 constituents
2026-05-05 23:22:31 | INFO     | pipeline.parsers.mw | MarketWatchParser: MW-NIFTY-ALPHA-50-27-Apr-2026 (1).csv
2026-05-05 23:22:31 | INFO     | pipeline.parsers.mw | Index name: NIFTY ALPHA 50 27 Apr 2026 (1)
2026-05-05 23:22:31 | INFO     | pipeline.parsers.mw | MarketWatchParser result: 50 constituents
2026-05-05 23:22:31 | INFO     | pipeline.parsers.mw | MarketWatchParser: MW-NIFTY-ALPHA-50-27-Apr-2026.csv
2026-05-05 23:22:31 | INFO     | pipeline.parsers.mw | Index name: NIFTY ALPHA 50
2026-05-05 23:22:31 | INFO     | pipeline.parsers.mw | MarketWatchParser result: 50 constituents
2026-05-05 23:22:31 | INFO     | pipeline.parsers.mw | MarketWatchParser: MW-NIFTY-ALPHA-50-27-Mar-2026.csv
2026-05-05 23:22:31 | INFO     | pipeline.parsers.mw | Index name: NIFTY ALPHA 50
2026-05-05 23:22:31 | INFO     | pipeline.parsers.mw | MarketWatchParser result: 50 constituents
2026-05-05 23:22:31 | INFO     | pipeline.parsers.mw | MarketWatchParser: MW-NIFTY-ALPHA-50-29-Apr-2026.csv
2026-05-05 23:22:31 | INFO     | pipeline.parsers.mw | Index name: NIFTY ALPHA 50
2026-05-05 23:22:31 | INFO     | pipeline.parsers.mw | MarketWatchParser result: 50 constituents
2026-05-05 23:22:31 | INFO     | pipeline.parsers.mw | MarketWatchParser: MW-NIFTY-ALPHA-50-30-Mar-2026.csv
2026-05-05 23:22:31 | INFO     | pipeline.parsers.mw | Index name: NIFTY ALPHA 50
2026-05-05 23:22:31 | INFO     | pipeline.parsers.mw | MarketWatchParser result: 50 constituents
2026-05-05 23:22:31 | INFO     | pipeline.parsers.mw | MarketWatchParser: MW-NIFTY-HIGH-BETA-50-03-Apr-2026.csv
2026-05-05 23:22:31 | INFO     | pipeline.parsers.mw | Index name: NIFTY HIGH BETA 50
2026-05-05 23:22:31 | INFO     | pipeline.parsers.mw | MarketWatchParser result: 50 constituents
2026-05-05 23:22:31 | INFO     | pipeline.parsers.mw | MarketWatchParser: MW-NIFTY-HIGH-BETA-50-06-Apr-2026.csv
2026-05-05 23:22:31 | INFO     | pipeline.parsers.mw | Index name: NIFTY HIGH BETA 50
2026-05-05 23:22:31 | INFO     | pipeline.parsers.mw | MarketWatchParser result: 50 constituents
2026-05-05 23:22:31 | INFO     | pipeline.parsers.mw | MarketWatchParser: MW-NIFTY-HIGH-BETA-50-07-Apr-2026.csv
2026-05-05 23:22:31 | INFO     | pipeline.parsers.mw | Index name: NIFTY HIGH BETA 50
2026-05-05 23:22:31 | INFO     | pipeline.parsers.mw | MarketWatchParser result: 50 constituents
2026-05-05 23:22:31 | INFO     | pipeline.parsers.mw | MarketWatchParser: MW-NIFTY-HIGH-BETA-50-08-Apr-2026.csv
2026-05-05 23:22:31 | INFO     | pipeline.parsers.mw | Index name: NIFTY HIGH BETA 50
2026-05-05 23:22:31 | INFO     | pipeline.parsers.mw | MarketWatchParser result: 50 constituents
2026-05-05 23:22:31 | INFO     | pipeline.parsers.mw | MarketWatchParser: MW-NIFTY-HIGH-BETA-50-09-Apr-2026.csv
2026-05-05 23:22:31 | INFO     | pipeline.parsers.mw | Index name: NIFTY HIGH BETA 50
2026-05-05 23:22:31 | INFO     | pipeline.parsers.mw | MarketWatchParser result: 50 constituents
2026-05-05 23:22:31 | INFO     | pipeline.parsers.mw | MarketWatchParser: MW-NIFTY-HIGH-BETA-50-10-Apr-2026.csv
2026-05-05 23:22:31 | INFO     | pipeline.parsers.mw | Index name: NIFTY HIGH BETA 50
2026-05-05 23:22:31 | INFO     | pipeline.parsers.mw | MarketWatchParser result: 50 constituents
2026-05-05 23:22:31 | INFO     | pipeline.parsers.mw | MarketWatchParser: MW-NIFTY-HIGH-BETA-50-14-Apr-2026.csv
2026-05-05 23:22:31 | INFO     | pipeline.parsers.mw | Index name: NIFTY HIGH BETA 50
2026-05-05 23:22:32 | INFO     | pipeline.parsers.mw | MarketWatchParser result: 50 constituents
2026-05-05 23:22:32 | INFO     | pipeline.parsers.mw | MarketWatchParser: MW-NIFTY-HIGH-BETA-50-15-Apr-2026.csv
2026-05-05 23:22:32 | INFO     | pipeline.parsers.mw | Index name: NIFTY HIGH BETA 50
2026-05-05 23:22:32 | INFO     | pipeline.parsers.mw | MarketWatchParser result: 50 constituents
2026-05-05 23:22:32 | INFO     | pipeline.parsers.mw | MarketWatchParser: MW-NIFTY-HIGH-BETA-50-16-Apr-2026.csv
2026-05-05 23:22:32 | INFO     | pipeline.parsers.mw | Index name: NIFTY HIGH BETA 50
2026-05-05 23:22:32 | INFO     | pipeline.parsers.mw | MarketWatchParser result: 50 constituents
2026-05-05 23:22:32 | INFO     | pipeline.parsers.mw | MarketWatchParser: MW-NIFTY-HIGH-BETA-50-17-Apr-2026.csv
2026-05-05 23:22:32 | INFO     | pipeline.parsers.mw | Index name: NIFTY HIGH BETA 50
2026-05-05 23:22:32 | INFO     | pipeline.parsers.mw | MarketWatchParser result: 50 constituents
2026-05-05 23:22:32 | INFO     | pipeline.parsers.mw | MarketWatchParser: MW-NIFTY-HIGH-BETA-50-22-Apr-2026 (1).csv
2026-05-05 23:22:32 | INFO     | pipeline.parsers.mw | Index name: NIFTY HIGH BETA 50 22 Apr 2026 (1)
2026-05-05 23:22:32 | INFO     | pipeline.parsers.mw | MarketWatchParser result: 50 constituents
2026-05-05 23:22:32 | INFO     | pipeline.parsers.mw | MarketWatchParser: MW-NIFTY-HIGH-BETA-50-22-Apr-2026.csv
2026-05-05 23:22:32 | INFO     | pipeline.parsers.mw | Index name: NIFTY HIGH BETA 50
2026-05-05 23:22:32 | INFO     | pipeline.parsers.mw | MarketWatchParser result: 50 constituents
2026-05-05 23:22:32 | INFO     | pipeline.parsers.mw | MarketWatchParser: MW-NIFTY-HIGH-BETA-50-23-Apr-2026.csv
2026-05-05 23:22:32 | INFO     | pipeline.parsers.mw | Index name: NIFTY HIGH BETA 50
2026-05-05 23:22:32 | INFO     | pipeline.parsers.mw | MarketWatchParser result: 50 constituents
2026-05-05 23:22:32 | INFO     | pipeline.parsers.mw | MarketWatchParser: MW-NIFTY-HIGH-BETA-50-24-Apr-2026.csv
2026-05-05 23:22:32 | INFO     | pipeline.parsers.mw | Index name: NIFTY HIGH BETA 50
2026-05-05 23:22:32 | INFO     | pipeline.parsers.mw | MarketWatchParser result: 50 constituents
2026-05-05 23:22:32 | INFO     | pipeline.parsers.mw | MarketWatchParser: MW-NIFTY-HIGH-BETA-50-24-Mar-2026.csv
2026-05-05 23:22:32 | INFO     | pipeline.parsers.mw | Index name: NIFTY HIGH BETA 50
2026-05-05 23:22:32 | INFO     | pipeline.parsers.mw | MarketWatchParser result: 50 constituents
2026-05-05 23:22:32 | INFO     | pipeline.parsers.mw | MarketWatchParser: MW-NIFTY-HIGH-BETA-50-27-Apr-2026 (1).csv
2026-05-05 23:22:32 | INFO     | pipeline.parsers.mw | Index name: NIFTY HIGH BETA 50 27 Apr 2026 (1)
2026-05-05 23:22:32 | INFO     | pipeline.parsers.mw | MarketWatchParser result: 50 constituents
2026-05-05 23:22:32 | INFO     | pipeline.parsers.mw | MarketWatchParser: MW-NIFTY-HIGH-BETA-50-27-Apr-2026.csv
2026-05-05 23:22:32 | INFO     | pipeline.parsers.mw | Index name: NIFTY HIGH BETA 50
2026-05-05 23:22:32 | INFO     | pipeline.parsers.mw | MarketWatchParser result: 50 constituents
2026-05-05 23:22:32 | INFO     | pipeline.parsers.mw | MarketWatchParser: MW-NIFTY-HIGH-BETA-50-27-Mar-2026.csv
2026-05-05 23:22:32 | INFO     | pipeline.parsers.mw | Index name: NIFTY HIGH BETA 50
2026-05-05 23:22:32 | INFO     | pipeline.parsers.mw | MarketWatchParser result: 50 constituents
2026-05-05 23:22:32 | INFO     | pipeline.parsers.mw | MarketWatchParser: MW-NIFTY-HIGH-BETA-50-28-Apr-2026.csv
2026-05-05 23:22:32 | INFO     | pipeline.parsers.mw | Index name: NIFTY HIGH BETA 50
2026-05-05 23:22:32 | INFO     | pipeline.parsers.mw | MarketWatchParser result: 50 constituents
2026-05-05 23:22:32 | INFO     | pipeline.parsers.mw | MarketWatchParser: MW-NIFTY-HIGH-BETA-50-29-Apr-2026.csv
2026-05-05 23:22:32 | INFO     | pipeline.parsers.mw | Index name: NIFTY HIGH BETA 50
2026-05-05 23:22:32 | INFO     | pipeline.parsers.mw | MarketWatchParser result: 50 constituents
2026-05-05 23:22:32 | INFO     | pipeline.parsers.mw | MarketWatchParser: MW-NIFTY-HIGH-BETA-50-30-Mar-2026.csv
2026-05-05 23:22:32 | INFO     | pipeline.parsers.mw | Index name: NIFTY HIGH BETA 50
2026-05-05 23:22:32 | INFO     | pipeline.parsers.mw | MarketWatchParser result: 50 constituents
2026-05-05 23:22:32 | INFO     | pipeline.parsers.mw | MarketWatchParser: MW-NIFTY-LOW-VOLATILITY-50-03-Apr-2026.csv
2026-05-05 23:22:32 | INFO     | pipeline.parsers.mw | Index name: NIFTY LOW VOLATILITY 50
2026-05-05 23:22:32 | INFO     | pipeline.parsers.mw | MarketWatchParser result: 50 constituents
2026-05-05 23:22:32 | INFO     | pipeline.parsers.mw | MarketWatchParser: MW-NIFTY-LOW-VOLATILITY-50-06-Apr-2026.csv
2026-05-05 23:22:32 | INFO     | pipeline.parsers.mw | Index name: NIFTY LOW VOLATILITY 50
2026-05-05 23:22:32 | INFO     | pipeline.parsers.mw | MarketWatchParser result: 50 constituents
2026-05-05 23:22:32 | INFO     | pipeline.parsers.mw | MarketWatchParser: MW-NIFTY-LOW-VOLATILITY-50-07-Apr-2026.csv
2026-05-05 23:22:32 | INFO     | pipeline.parsers.mw | Index name: NIFTY LOW VOLATILITY 50
2026-05-05 23:22:32 | INFO     | pipeline.parsers.mw | MarketWatchParser result: 50 constituents
2026-05-05 23:22:32 | INFO     | pipeline.parsers.mw | MarketWatchParser: MW-NIFTY-LOW-VOLATILITY-50-08-Apr-2026.csv
2026-05-05 23:22:32 | INFO     | pipeline.parsers.mw | Index name: NIFTY LOW VOLATILITY 50
2026-05-05 23:22:32 | INFO     | pipeline.parsers.mw | MarketWatchParser result: 50 constituents
2026-05-05 23:22:32 | INFO     | pipeline.parsers.mw | MarketWatchParser: MW-NIFTY-LOW-VOLATILITY-50-09-Apr-2026.csv
2026-05-05 23:22:32 | INFO     | pipeline.parsers.mw | Index name: NIFTY LOW VOLATILITY 50
2026-05-05 23:22:33 | INFO     | pipeline.parsers.mw | MarketWatchParser result: 50 constituents
2026-05-05 23:22:33 | INFO     | pipeline.parsers.mw | MarketWatchParser: MW-NIFTY-LOW-VOLATILITY-50-10-Apr-2026.csv
2026-05-05 23:22:33 | INFO     | pipeline.parsers.mw | Index name: NIFTY LOW VOLATILITY 50
2026-05-05 23:22:33 | INFO     | pipeline.parsers.mw | MarketWatchParser result: 50 constituents
2026-05-05 23:22:33 | INFO     | pipeline.parsers.mw | MarketWatchParser: MW-NIFTY-LOW-VOLATILITY-50-14-Apr-2026.csv
2026-05-05 23:22:33 | INFO     | pipeline.parsers.mw | Index name: NIFTY LOW VOLATILITY 50
2026-05-05 23:22:33 | INFO     | pipeline.parsers.mw | MarketWatchParser result: 50 constituents
2026-05-05 23:22:33 | INFO     | pipeline.parsers.mw | MarketWatchParser: MW-NIFTY-LOW-VOLATILITY-50-15-Apr-2026.csv
2026-05-05 23:22:33 | INFO     | pipeline.parsers.mw | Index name: NIFTY LOW VOLATILITY 50
2026-05-05 23:22:33 | INFO     | pipeline.parsers.mw | MarketWatchParser result: 50 constituents
2026-05-05 23:22:33 | INFO     | pipeline.parsers.mw | MarketWatchParser: MW-NIFTY-LOW-VOLATILITY-50-16-Apr-2026.csv
2026-05-05 23:22:33 | INFO     | pipeline.parsers.mw | Index name: NIFTY LOW VOLATILITY 50
2026-05-05 23:22:33 | INFO     | pipeline.parsers.mw | MarketWatchParser result: 50 constituents
2026-05-05 23:22:33 | INFO     | pipeline.parsers.mw | MarketWatchParser: MW-NIFTY-LOW-VOLATILITY-50-17-Apr-2026.csv
2026-05-05 23:22:33 | INFO     | pipeline.parsers.mw | Index name: NIFTY LOW VOLATILITY 50
2026-05-05 23:22:33 | INFO     | pipeline.parsers.mw | MarketWatchParser result: 50 constituents
2026-05-05 23:22:33 | INFO     | pipeline.parsers.mw | MarketWatchParser: MW-NIFTY-LOW-VOLATILITY-50-22-Apr-2026 (1).csv
2026-05-05 23:22:33 | INFO     | pipeline.parsers.mw | Index name: NIFTY LOW VOLATILITY 50 22 Apr 2026 (1)
2026-05-05 23:22:33 | INFO     | pipeline.parsers.mw | MarketWatchParser result: 50 constituents
2026-05-05 23:22:33 | INFO     | pipeline.parsers.mw | MarketWatchParser: MW-NIFTY-LOW-VOLATILITY-50-22-Apr-2026.csv
2026-05-05 23:22:33 | INFO     | pipeline.parsers.mw | Index name: NIFTY LOW VOLATILITY 50
2026-05-05 23:22:33 | INFO     | pipeline.parsers.mw | MarketWatchParser result: 50 constituents
2026-05-05 23:22:33 | INFO     | pipeline.parsers.mw | MarketWatchParser: MW-NIFTY-LOW-VOLATILITY-50-23-Apr-2026.csv
2026-05-05 23:22:33 | INFO     | pipeline.parsers.mw | Index name: NIFTY LOW VOLATILITY 50
2026-05-05 23:22:33 | INFO     | pipeline.parsers.mw | MarketWatchParser result: 50 constituents
2026-05-05 23:22:33 | INFO     | pipeline.parsers.mw | MarketWatchParser: MW-NIFTY-LOW-VOLATILITY-50-24-Apr-2026.csv
2026-05-05 23:22:33 | INFO     | pipeline.parsers.mw | Index name: NIFTY LOW VOLATILITY 50
2026-05-05 23:22:33 | INFO     | pipeline.parsers.mw | MarketWatchParser result: 50 constituents
2026-05-05 23:22:33 | INFO     | pipeline.parsers.mw | MarketWatchParser: MW-NIFTY-LOW-VOLATILITY-50-24-Mar-2026.csv
2026-05-05 23:22:33 | INFO     | pipeline.parsers.mw | Index name: NIFTY LOW VOLATILITY 50
2026-05-05 23:22:33 | INFO     | pipeline.parsers.mw | MarketWatchParser result: 50 constituents
2026-05-05 23:22:33 | INFO     | pipeline.parsers.mw | MarketWatchParser: MW-NIFTY-LOW-VOLATILITY-50-27-Apr-2026 (1).csv
2026-05-05 23:22:33 | INFO     | pipeline.parsers.mw | Index name: NIFTY LOW VOLATILITY 50 27 Apr 2026 (1)
2026-05-05 23:22:33 | INFO     | pipeline.parsers.mw | MarketWatchParser result: 50 constituents
2026-05-05 23:22:33 | INFO     | pipeline.parsers.mw | MarketWatchParser: MW-NIFTY-LOW-VOLATILITY-50-27-Apr-2026.csv
2026-05-05 23:22:33 | INFO     | pipeline.parsers.mw | Index name: NIFTY LOW VOLATILITY 50
2026-05-05 23:22:33 | INFO     | pipeline.parsers.mw | MarketWatchParser result: 50 constituents
2026-05-05 23:22:33 | INFO     | pipeline.parsers.mw | MarketWatchParser: MW-NIFTY-LOW-VOLATILITY-50-27-Mar-2026.csv
2026-05-05 23:22:33 | INFO     | pipeline.parsers.mw | Index name: NIFTY LOW VOLATILITY 50
2026-05-05 23:22:33 | INFO     | pipeline.parsers.mw | MarketWatchParser result: 50 constituents
2026-05-05 23:22:33 | INFO     | pipeline.parsers.mw | MarketWatchParser: MW-NIFTY-LOW-VOLATILITY-50-29-Apr-2026.csv
2026-05-05 23:22:33 | INFO     | pipeline.parsers.mw | Index name: NIFTY LOW VOLATILITY 50
2026-05-05 23:22:33 | INFO     | pipeline.parsers.mw | MarketWatchParser result: 50 constituents
2026-05-05 23:22:33 | INFO     | pipeline.parsers.mw | MarketWatchParser: MW-NIFTY-LOW-VOLATILITY-50-30-Mar-2026.csv
2026-05-05 23:22:33 | INFO     | pipeline.parsers.mw | Index name: NIFTY LOW VOLATILITY 50
2026-05-05 23:22:33 | INFO     | pipeline.parsers.mw | MarketWatchParser result: 50 constituents
2026-05-05 23:22:33 | INFO     | pipeline.parsers.mw | MarketWatchParser: MW-NIFTY-MIDCAP150-MOMENTUM-50-03-Apr-2026.csv
2026-05-05 23:22:33 | INFO     | pipeline.parsers.mw | Index name: NIFTY MIDCAP150 MOMENTUM 50
2026-05-05 23:22:33 | INFO     | pipeline.parsers.mw | MarketWatchParser result: 50 constituents
2026-05-05 23:22:33 | INFO     | pipeline.parsers.mw | MarketWatchParser: MW-NIFTY-MIDCAP150-MOMENTUM-50-06-Apr-2026.csv
2026-05-05 23:22:33 | INFO     | pipeline.parsers.mw | Index name: NIFTY MIDCAP150 MOMENTUM 50
2026-05-05 23:22:34 | INFO     | pipeline.parsers.mw | MarketWatchParser result: 50 constituents
2026-05-05 23:22:34 | INFO     | pipeline.parsers.mw | MarketWatchParser: MW-NIFTY-MIDCAP150-MOMENTUM-50-07-Apr-2026.csv
2026-05-05 23:22:34 | INFO     | pipeline.parsers.mw | Index name: NIFTY MIDCAP150 MOMENTUM 50
2026-05-05 23:22:34 | INFO     | pipeline.parsers.mw | MarketWatchParser result: 50 constituents
2026-05-05 23:22:34 | INFO     | pipeline.parsers.mw | MarketWatchParser: MW-NIFTY-MIDCAP150-MOMENTUM-50-08-Apr-2026.csv
2026-05-05 23:22:34 | INFO     | pipeline.parsers.mw | Index name: NIFTY MIDCAP150 MOMENTUM 50
2026-05-05 23:22:34 | INFO     | pipeline.parsers.mw | MarketWatchParser result: 50 constituents
2026-05-05 23:22:34 | INFO     | pipeline.parsers.mw | MarketWatchParser: MW-NIFTY-MIDCAP150-MOMENTUM-50-09-Apr-2026.csv
2026-05-05 23:22:34 | INFO     | pipeline.parsers.mw | Index name: NIFTY MIDCAP150 MOMENTUM 50
2026-05-05 23:22:34 | INFO     | pipeline.parsers.mw | MarketWatchParser result: 50 constituents
2026-05-05 23:22:34 | INFO     | pipeline.parsers.mw | MarketWatchParser: MW-NIFTY-MIDCAP150-MOMENTUM-50-10-Apr-2026.csv
2026-05-05 23:22:34 | INFO     | pipeline.parsers.mw | Index name: NIFTY MIDCAP150 MOMENTUM 50
2026-05-05 23:22:34 | INFO     | pipeline.parsers.mw | MarketWatchParser result: 50 constituents
2026-05-05 23:22:34 | INFO     | pipeline.parsers.mw | MarketWatchParser: MW-NIFTY-MIDCAP150-MOMENTUM-50-14-Apr-2026.csv
2026-05-05 23:22:34 | INFO     | pipeline.parsers.mw | Index name: NIFTY MIDCAP150 MOMENTUM 50
2026-05-05 23:22:34 | INFO     | pipeline.parsers.mw | MarketWatchParser result: 50 constituents
2026-05-05 23:22:34 | INFO     | pipeline.parsers.mw | MarketWatchParser: MW-NIFTY-MIDCAP150-MOMENTUM-50-15-Apr-2026.csv
2026-05-05 23:22:34 | INFO     | pipeline.parsers.mw | Index name: NIFTY MIDCAP150 MOMENTUM 50
2026-05-05 23:22:34 | INFO     | pipeline.parsers.mw | MarketWatchParser result: 50 constituents
2026-05-05 23:22:34 | INFO     | pipeline.parsers.mw | MarketWatchParser: MW-NIFTY-MIDCAP150-MOMENTUM-50-16-Apr-2026.csv
2026-05-05 23:22:34 | INFO     | pipeline.parsers.mw | Index name: NIFTY MIDCAP150 MOMENTUM 50
2026-05-05 23:22:34 | INFO     | pipeline.parsers.mw | MarketWatchParser result: 50 constituents
2026-05-05 23:22:34 | INFO     | pipeline.parsers.mw | MarketWatchParser: MW-NIFTY-MIDCAP150-MOMENTUM-50-17-Apr-2026.csv
2026-05-05 23:22:34 | INFO     | pipeline.parsers.mw | Index name: NIFTY MIDCAP150 MOMENTUM 50
2026-05-05 23:22:34 | INFO     | pipeline.parsers.mw | MarketWatchParser result: 50 constituents
2026-05-05 23:22:34 | INFO     | pipeline.parsers.mw | MarketWatchParser: MW-NIFTY-MIDCAP150-MOMENTUM-50-17-Mar-2026.csv
2026-05-05 23:22:34 | INFO     | pipeline.parsers.mw | Index name: NIFTY MIDCAP150 MOMENTUM 50
2026-05-05 23:22:34 | INFO     | pipeline.parsers.mw | MarketWatchParser result: 50 constituents
2026-05-05 23:22:34 | INFO     | pipeline.parsers.mw | MarketWatchParser: MW-NIFTY-MIDCAP150-MOMENTUM-50-18-Mar-2026.csv
2026-05-05 23:22:34 | INFO     | pipeline.parsers.mw | Index name: NIFTY MIDCAP150 MOMENTUM 50
2026-05-05 23:22:34 | INFO     | pipeline.parsers.mw | MarketWatchParser result: 50 constituents
2026-05-05 23:22:34 | INFO     | pipeline.parsers.mw | MarketWatchParser: MW-NIFTY-MIDCAP150-MOMENTUM-50-19-Mar-2026.csv
2026-05-05 23:22:34 | INFO     | pipeline.parsers.mw | Index name: NIFTY MIDCAP150 MOMENTUM 50
2026-05-05 23:22:34 | INFO     | pipeline.parsers.mw | MarketWatchParser result: 50 constituents
2026-05-05 23:22:34 | INFO     | pipeline.parsers.mw | MarketWatchParser: MW-NIFTY-MIDCAP150-MOMENTUM-50-20-Mar-2026.csv
2026-05-05 23:22:34 | INFO     | pipeline.parsers.mw | Index name: NIFTY MIDCAP150 MOMENTUM 50
2026-05-05 23:22:34 | INFO     | pipeline.parsers.mw | MarketWatchParser result: 50 constituents
2026-05-05 23:22:34 | INFO     | pipeline.parsers.mw | MarketWatchParser: MW-NIFTY-MIDCAP150-MOMENTUM-50-22-Apr-2026 (1).csv
2026-05-05 23:22:34 | INFO     | pipeline.parsers.mw | Index name: NIFTY MIDCAP150 MOMENTUM 50 22 Apr 2026 (1)
2026-05-05 23:22:34 | INFO     | pipeline.parsers.mw | MarketWatchParser result: 50 constituents
2026-05-05 23:22:34 | INFO     | pipeline.parsers.mw | MarketWatchParser: MW-NIFTY-MIDCAP150-MOMENTUM-50-22-Apr-2026.csv
2026-05-05 23:22:34 | INFO     | pipeline.parsers.mw | Index name: NIFTY MIDCAP150 MOMENTUM 50
2026-05-05 23:22:34 | INFO     | pipeline.parsers.mw | MarketWatchParser result: 50 constituents
2026-05-05 23:22:34 | INFO     | pipeline.parsers.mw | MarketWatchParser: MW-NIFTY-MIDCAP150-MOMENTUM-50-23-Apr-2026.csv
2026-05-05 23:22:34 | INFO     | pipeline.parsers.mw | Index name: NIFTY MIDCAP150 MOMENTUM 50
2026-05-05 23:22:34 | INFO     | pipeline.parsers.mw | MarketWatchParser result: 50 constituents
2026-05-05 23:22:34 | INFO     | pipeline.parsers.mw | MarketWatchParser: MW-NIFTY-MIDCAP150-MOMENTUM-50-24-Apr-2026.csv
2026-05-05 23:22:34 | INFO     | pipeline.parsers.mw | Index name: NIFTY MIDCAP150 MOMENTUM 50
2026-05-05 23:22:34 | INFO     | pipeline.parsers.mw | MarketWatchParser result: 50 constituents
2026-05-05 23:22:34 | INFO     | pipeline.parsers.mw | MarketWatchParser: MW-NIFTY-MIDCAP150-MOMENTUM-50-24-Mar-2026.csv
2026-05-05 23:22:34 | INFO     | pipeline.parsers.mw | Index name: NIFTY MIDCAP150 MOMENTUM 50
2026-05-05 23:22:34 | INFO     | pipeline.parsers.mw | MarketWatchParser result: 50 constituents
2026-05-05 23:22:34 | INFO     | pipeline.parsers.mw | MarketWatchParser: MW-NIFTY-MIDCAP150-MOMENTUM-50-27-Apr-2026.csv
2026-05-05 23:22:34 | INFO     | pipeline.parsers.mw | Index name: NIFTY MIDCAP150 MOMENTUM 50
2026-05-05 23:22:34 | INFO     | pipeline.parsers.mw | MarketWatchParser result: 50 constituents
2026-05-05 23:22:35 | INFO     | pipeline.parsers.mw | MarketWatchParser: MW-NIFTY-MIDCAP150-MOMENTUM-50-27-Mar-2026.csv
2026-05-05 23:22:35 | INFO     | pipeline.parsers.mw | Index name: NIFTY MIDCAP150 MOMENTUM 50
2026-05-05 23:22:35 | INFO     | pipeline.parsers.mw | MarketWatchParser result: 50 constituents
2026-05-05 23:22:35 | INFO     | pipeline.parsers.mw | MarketWatchParser: MW-NIFTY-MIDCAP150-MOMENTUM-50-28-Apr-2026.csv
2026-05-05 23:22:35 | INFO     | pipeline.parsers.mw | Index name: NIFTY MIDCAP150 MOMENTUM 50
2026-05-05 23:22:35 | INFO     | pipeline.parsers.mw | MarketWatchParser result: 50 constituents
2026-05-05 23:22:35 | INFO     | pipeline.parsers.mw | MarketWatchParser: MW-NIFTY-MIDCAP150-MOMENTUM-50-29-Apr-2026.csv
2026-05-05 23:22:35 | INFO     | pipeline.parsers.mw | Index name: NIFTY MIDCAP150 MOMENTUM 50
2026-05-05 23:22:35 | INFO     | pipeline.parsers.mw | MarketWatchParser result: 50 constituents
2026-05-05 23:22:35 | INFO     | pipeline.parsers.mw | MarketWatchParser: MW-NIFTY-MIDCAP150-MOMENTUM-50-30-Mar-2026.csv
2026-05-05 23:22:35 | INFO     | pipeline.parsers.mw | Index name: NIFTY MIDCAP150 MOMENTUM 50
2026-05-05 23:22:35 | INFO     | pipeline.parsers.mw | MarketWatchParser result: 50 constituents
2026-05-05 23:22:35 | INFO     | pipeline.parsers.mw | MarketWatchParser: MW-NIFTY500-MOMENTUM-50-03-Apr-2026.csv
2026-05-05 23:22:35 | INFO     | pipeline.parsers.mw | Index name: NIFTY500 MOMENTUM 50
2026-05-05 23:22:35 | INFO     | pipeline.parsers.mw | MarketWatchParser result: 50 constituents
2026-05-05 23:22:35 | INFO     | pipeline.parsers.mw | MarketWatchParser: MW-NIFTY500-MOMENTUM-50-06-Apr-2026.csv
2026-05-05 23:22:35 | INFO     | pipeline.parsers.mw | Index name: NIFTY500 MOMENTUM 50
2026-05-05 23:22:35 | INFO     | pipeline.parsers.mw | MarketWatchParser result: 50 constituents
2026-05-05 23:22:35 | INFO     | pipeline.parsers.mw | MarketWatchParser: MW-NIFTY500-MOMENTUM-50-07-Apr-2026.csv
2026-05-05 23:22:35 | INFO     | pipeline.parsers.mw | Index name: NIFTY500 MOMENTUM 50
2026-05-05 23:22:35 | INFO     | pipeline.parsers.mw | MarketWatchParser result: 50 constituents
2026-05-05 23:22:35 | INFO     | pipeline.parsers.mw | MarketWatchParser: MW-NIFTY500-MOMENTUM-50-08-Apr-2026.csv
2026-05-05 23:22:35 | INFO     | pipeline.parsers.mw | Index name: NIFTY500 MOMENTUM 50
2026-05-05 23:22:35 | INFO     | pipeline.parsers.mw | MarketWatchParser result: 50 constituents
2026-05-05 23:22:35 | INFO     | pipeline.parsers.mw | MarketWatchParser: MW-NIFTY500-MOMENTUM-50-09-Apr-2026.csv
2026-05-05 23:22:35 | INFO     | pipeline.parsers.mw | Index name: NIFTY500 MOMENTUM 50
2026-05-05 23:22:35 | INFO     | pipeline.parsers.mw | MarketWatchParser result: 50 constituents
2026-05-05 23:22:35 | INFO     | pipeline.parsers.mw | MarketWatchParser: MW-NIFTY500-MOMENTUM-50-10-Apr-2026.csv
2026-05-05 23:22:35 | INFO     | pipeline.parsers.mw | Index name: NIFTY500 MOMENTUM 50
2026-05-05 23:22:35 | INFO     | pipeline.parsers.mw | MarketWatchParser result: 50 constituents
2026-05-05 23:22:35 | INFO     | pipeline.parsers.mw | MarketWatchParser: MW-NIFTY500-MOMENTUM-50-14-Apr-2026.csv
2026-05-05 23:22:35 | INFO     | pipeline.parsers.mw | Index name: NIFTY500 MOMENTUM 50
2026-05-05 23:22:35 | INFO     | pipeline.parsers.mw | MarketWatchParser result: 50 constituents
2026-05-05 23:22:35 | INFO     | pipeline.parsers.mw | MarketWatchParser: MW-NIFTY500-MOMENTUM-50-15-Apr-2026.csv
2026-05-05 23:22:35 | INFO     | pipeline.parsers.mw | Index name: NIFTY500 MOMENTUM 50
2026-05-05 23:22:35 | INFO     | pipeline.parsers.mw | MarketWatchParser result: 50 constituents
2026-05-05 23:22:35 | INFO     | pipeline.parsers.mw | MarketWatchParser: MW-NIFTY500-MOMENTUM-50-16-Apr-2026.csv
2026-05-05 23:22:35 | INFO     | pipeline.parsers.mw | Index name: NIFTY500 MOMENTUM 50
2026-05-05 23:22:35 | INFO     | pipeline.parsers.mw | MarketWatchParser result: 50 constituents
2026-05-05 23:22:35 | INFO     | pipeline.parsers.mw | MarketWatchParser: MW-NIFTY500-MOMENTUM-50-17-Apr-2026.csv
2026-05-05 23:22:35 | INFO     | pipeline.parsers.mw | Index name: NIFTY500 MOMENTUM 50
2026-05-05 23:22:35 | INFO     | pipeline.parsers.mw | MarketWatchParser result: 50 constituents
2026-05-05 23:22:35 | INFO     | pipeline.parsers.mw | MarketWatchParser: MW-NIFTY500-MOMENTUM-50-17-Mar-2026.csv
2026-05-05 23:22:35 | INFO     | pipeline.parsers.mw | Index name: NIFTY500 MOMENTUM 50
2026-05-05 23:22:35 | INFO     | pipeline.parsers.mw | MarketWatchParser result: 50 constituents
2026-05-05 23:22:35 | INFO     | pipeline.parsers.mw | MarketWatchParser: MW-NIFTY500-MOMENTUM-50-18-Mar-2026.csv
2026-05-05 23:22:35 | INFO     | pipeline.parsers.mw | Index name: NIFTY500 MOMENTUM 50
2026-05-05 23:22:35 | INFO     | pipeline.parsers.mw | MarketWatchParser result: 50 constituents
2026-05-05 23:22:35 | INFO     | pipeline.parsers.mw | MarketWatchParser: MW-NIFTY500-MOMENTUM-50-19-Mar-2026.csv
2026-05-05 23:22:35 | INFO     | pipeline.parsers.mw | Index name: NIFTY500 MOMENTUM 50
2026-05-05 23:22:35 | INFO     | pipeline.parsers.mw | MarketWatchParser result: 50 constituents
2026-05-05 23:22:35 | INFO     | pipeline.parsers.mw | MarketWatchParser: MW-NIFTY500-MOMENTUM-50-20-Mar-2026.csv
2026-05-05 23:22:35 | INFO     | pipeline.parsers.mw | Index name: NIFTY500 MOMENTUM 50
2026-05-05 23:22:35 | INFO     | pipeline.parsers.mw | MarketWatchParser result: 50 constituents
2026-05-05 23:22:35 | INFO     | pipeline.parsers.mw | MarketWatchParser: MW-NIFTY500-MOMENTUM-50-22-Apr-2026 (1).csv
2026-05-05 23:22:35 | INFO     | pipeline.parsers.mw | Index name: NIFTY500 MOMENTUM 50 22 Apr 2026 (1)
2026-05-05 23:22:35 | INFO     | pipeline.parsers.mw | MarketWatchParser result: 50 constituents
2026-05-05 23:22:36 | INFO     | pipeline.parsers.mw | MarketWatchParser: MW-NIFTY500-MOMENTUM-50-22-Apr-2026.csv
2026-05-05 23:22:36 | INFO     | pipeline.parsers.mw | Index name: NIFTY500 MOMENTUM 50
2026-05-05 23:22:36 | INFO     | pipeline.parsers.mw | MarketWatchParser result: 50 constituents
2026-05-05 23:22:36 | INFO     | pipeline.parsers.mw | MarketWatchParser: MW-NIFTY500-MOMENTUM-50-23-Apr-2026.csv
2026-05-05 23:22:36 | INFO     | pipeline.parsers.mw | Index name: NIFTY500 MOMENTUM 50
2026-05-05 23:22:36 | INFO     | pipeline.parsers.mw | MarketWatchParser result: 50 constituents
2026-05-05 23:22:36 | INFO     | pipeline.parsers.mw | MarketWatchParser: MW-NIFTY500-MOMENTUM-50-24-Apr-2026.csv
2026-05-05 23:22:36 | INFO     | pipeline.parsers.mw | Index name: NIFTY500 MOMENTUM 50
2026-05-05 23:22:36 | INFO     | pipeline.parsers.mw | MarketWatchParser result: 50 constituents
2026-05-05 23:22:36 | INFO     | pipeline.parsers.mw | MarketWatchParser: MW-NIFTY500-MOMENTUM-50-24-Mar-2026.csv
2026-05-05 23:22:36 | INFO     | pipeline.parsers.mw | Index name: NIFTY500 MOMENTUM 50
2026-05-05 23:22:36 | INFO     | pipeline.parsers.mw | MarketWatchParser result: 50 constituents
2026-05-05 23:22:36 | INFO     | pipeline.parsers.mw | MarketWatchParser: MW-NIFTY500-MOMENTUM-50-27-Apr-2026 (1).csv
2026-05-05 23:22:36 | INFO     | pipeline.parsers.mw | Index name: NIFTY500 MOMENTUM 50 27 Apr 2026 (1)
2026-05-05 23:22:36 | INFO     | pipeline.parsers.mw | MarketWatchParser result: 50 constituents
2026-05-05 23:22:36 | INFO     | pipeline.parsers.mw | MarketWatchParser: MW-NIFTY500-MOMENTUM-50-27-Apr-2026.csv
2026-05-05 23:22:36 | INFO     | pipeline.parsers.mw | Index name: NIFTY500 MOMENTUM 50
2026-05-05 23:22:36 | INFO     | pipeline.parsers.mw | MarketWatchParser result: 50 constituents
2026-05-05 23:22:36 | INFO     | pipeline.parsers.mw | MarketWatchParser: MW-NIFTY500-MOMENTUM-50-27-Mar-2026.csv
2026-05-05 23:22:36 | INFO     | pipeline.parsers.mw | Index name: NIFTY500 MOMENTUM 50
2026-05-05 23:22:36 | INFO     | pipeline.parsers.mw | MarketWatchParser result: 50 constituents
2026-05-05 23:22:36 | INFO     | pipeline.parsers.mw | MarketWatchParser: MW-NIFTY500-MOMENTUM-50-28-Apr-2026.csv
2026-05-05 23:22:36 | INFO     | pipeline.parsers.mw | Index name: NIFTY500 MOMENTUM 50
2026-05-05 23:22:36 | INFO     | pipeline.parsers.mw | MarketWatchParser result: 50 constituents
2026-05-05 23:22:36 | INFO     | pipeline.parsers.mw | MarketWatchParser: MW-NIFTY500-MOMENTUM-50-29-Apr-2026.csv
2026-05-05 23:22:36 | INFO     | pipeline.parsers.mw | Index name: NIFTY500 MOMENTUM 50
2026-05-05 23:22:36 | INFO     | pipeline.parsers.mw | MarketWatchParser result: 50 constituents
2026-05-05 23:22:36 | INFO     | pipeline.parsers.mw | MarketWatchParser: MW-NIFTY500-MOMENTUM-50-30-Mar-2026.csv
2026-05-05 23:22:36 | INFO     | pipeline.parsers.mw | Index name: NIFTY500 MOMENTUM 50
2026-05-05 23:22:36 | INFO     | pipeline.parsers.mw | MarketWatchParser result: 50 constituents
2026-05-05 23:22:36 | INFO     | pipeline.parsers.mw | MarketWatchParser: MW-NIFTY500-MULTICAP-MOMENTUM-QUALITY-50-03-Apr-2026.csv
2026-05-05 23:22:36 | INFO     | pipeline.parsers.mw | Index name: NIFTY500 MULTICAP MOMENTUM QUALITY 50
2026-05-05 23:22:36 | INFO     | pipeline.parsers.mw | MarketWatchParser result: 50 constituents
2026-05-05 23:22:36 | INFO     | pipeline.parsers.mw | MarketWatchParser: MW-NIFTY500-MULTICAP-MOMENTUM-QUALITY-50-06-Apr-2026.csv
2026-05-05 23:22:36 | INFO     | pipeline.parsers.mw | Index name: NIFTY500 MULTICAP MOMENTUM QUALITY 50
2026-05-05 23:22:36 | INFO     | pipeline.parsers.mw | MarketWatchParser result: 50 constituents
2026-05-05 23:22:36 | INFO     | pipeline.parsers.mw | MarketWatchParser: MW-NIFTY500-MULTICAP-MOMENTUM-QUALITY-50-07-Apr-2026.csv
2026-05-05 23:22:36 | INFO     | pipeline.parsers.mw | Index name: NIFTY500 MULTICAP MOMENTUM QUALITY 50
2026-05-05 23:22:36 | INFO     | pipeline.parsers.mw | MarketWatchParser result: 50 constituents
2026-05-05 23:22:36 | INFO     | pipeline.parsers.mw | MarketWatchParser: MW-NIFTY500-MULTICAP-MOMENTUM-QUALITY-50-08-Apr-2026.csv
2026-05-05 23:22:36 | INFO     | pipeline.parsers.mw | Index name: NIFTY500 MULTICAP MOMENTUM QUALITY 50
2026-05-05 23:22:36 | INFO     | pipeline.parsers.mw | MarketWatchParser result: 50 constituents
2026-05-05 23:22:36 | INFO     | pipeline.parsers.mw | MarketWatchParser: MW-NIFTY500-MULTICAP-MOMENTUM-QUALITY-50-09-Apr-2026.csv
2026-05-05 23:22:36 | INFO     | pipeline.parsers.mw | Index name: NIFTY500 MULTICAP MOMENTUM QUALITY 50
2026-05-05 23:22:36 | INFO     | pipeline.parsers.mw | MarketWatchParser result: 50 constituents
2026-05-05 23:22:36 | INFO     | pipeline.parsers.mw | MarketWatchParser: MW-NIFTY500-MULTICAP-MOMENTUM-QUALITY-50-10-Apr-2026.csv
2026-05-05 23:22:36 | INFO     | pipeline.parsers.mw | Index name: NIFTY500 MULTICAP MOMENTUM QUALITY 50
2026-05-05 23:22:36 | INFO     | pipeline.parsers.mw | MarketWatchParser result: 50 constituents
2026-05-05 23:22:36 | INFO     | pipeline.parsers.mw | MarketWatchParser: MW-NIFTY500-MULTICAP-MOMENTUM-QUALITY-50-14-Apr-2026.csv
2026-05-05 23:22:36 | INFO     | pipeline.parsers.mw | Index name: NIFTY500 MULTICAP MOMENTUM QUALITY 50
2026-05-05 23:22:36 | INFO     | pipeline.parsers.mw | MarketWatchParser result: 50 constituents
2026-05-05 23:22:36 | INFO     | pipeline.parsers.mw | MarketWatchParser: MW-NIFTY500-MULTICAP-MOMENTUM-QUALITY-50-15-Apr-2026.csv
2026-05-05 23:22:36 | INFO     | pipeline.parsers.mw | Index name: NIFTY500 MULTICAP MOMENTUM QUALITY 50
2026-05-05 23:22:37 | INFO     | pipeline.parsers.mw | MarketWatchParser result: 50 constituents
2026-05-05 23:22:37 | INFO     | pipeline.parsers.mw | MarketWatchParser: MW-NIFTY500-MULTICAP-MOMENTUM-QUALITY-50-16-Apr-2026.csv
2026-05-05 23:22:37 | INFO     | pipeline.parsers.mw | Index name: NIFTY500 MULTICAP MOMENTUM QUALITY 50
2026-05-05 23:22:37 | INFO     | pipeline.parsers.mw | MarketWatchParser result: 50 constituents
2026-05-05 23:22:37 | INFO     | pipeline.parsers.mw | MarketWatchParser: MW-NIFTY500-MULTICAP-MOMENTUM-QUALITY-50-17-Apr-2026.csv
2026-05-05 23:22:37 | INFO     | pipeline.parsers.mw | Index name: NIFTY500 MULTICAP MOMENTUM QUALITY 50
2026-05-05 23:22:37 | INFO     | pipeline.parsers.mw | MarketWatchParser result: 50 constituents
2026-05-05 23:22:37 | INFO     | pipeline.parsers.mw | MarketWatchParser: MW-NIFTY500-MULTICAP-MOMENTUM-QUALITY-50-17-Mar-2026.csv
2026-05-05 23:22:37 | INFO     | pipeline.parsers.mw | Index name: NIFTY500 MULTICAP MOMENTUM QUALITY 50
2026-05-05 23:22:37 | INFO     | pipeline.parsers.mw | MarketWatchParser result: 50 constituents
2026-05-05 23:22:37 | INFO     | pipeline.parsers.mw | MarketWatchParser: MW-NIFTY500-MULTICAP-MOMENTUM-QUALITY-50-18-Mar-2026.csv
2026-05-05 23:22:37 | INFO     | pipeline.parsers.mw | Index name: NIFTY500 MULTICAP MOMENTUM QUALITY 50
2026-05-05 23:22:37 | INFO     | pipeline.parsers.mw | MarketWatchParser result: 50 constituents
2026-05-05 23:22:37 | INFO     | pipeline.parsers.mw | MarketWatchParser: MW-NIFTY500-MULTICAP-MOMENTUM-QUALITY-50-19-Mar-2026.csv
2026-05-05 23:22:37 | INFO     | pipeline.parsers.mw | Index name: NIFTY500 MULTICAP MOMENTUM QUALITY 50
2026-05-05 23:22:37 | INFO     | pipeline.parsers.mw | MarketWatchParser result: 50 constituents
2026-05-05 23:22:37 | INFO     | pipeline.parsers.mw | MarketWatchParser: MW-NIFTY500-MULTICAP-MOMENTUM-QUALITY-50-20-Mar-2026.csv
2026-05-05 23:22:37 | INFO     | pipeline.parsers.mw | Index name: NIFTY500 MULTICAP MOMENTUM QUALITY 50
2026-05-05 23:22:37 | INFO     | pipeline.parsers.mw | MarketWatchParser result: 50 constituents
2026-05-05 23:22:37 | INFO     | pipeline.parsers.mw | MarketWatchParser: MW-NIFTY500-MULTICAP-MOMENTUM-QUALITY-50-22-Apr-2026 (1).csv
2026-05-05 23:22:37 | INFO     | pipeline.parsers.mw | Index name: NIFTY500 MULTICAP MOMENTUM QUALITY 50 22 Apr 2026 (1)
2026-05-05 23:22:37 | INFO     | pipeline.parsers.mw | MarketWatchParser result: 50 constituents
2026-05-05 23:22:37 | INFO     | pipeline.parsers.mw | MarketWatchParser: MW-NIFTY500-MULTICAP-MOMENTUM-QUALITY-50-22-Apr-2026.csv
2026-05-05 23:22:37 | INFO     | pipeline.parsers.mw | Index name: NIFTY500 MULTICAP MOMENTUM QUALITY 50
2026-05-05 23:22:37 | INFO     | pipeline.parsers.mw | MarketWatchParser result: 50 constituents
2026-05-05 23:22:37 | INFO     | pipeline.parsers.mw | MarketWatchParser: MW-NIFTY500-MULTICAP-MOMENTUM-QUALITY-50-23-Apr-2026.csv
2026-05-05 23:22:37 | INFO     | pipeline.parsers.mw | Index name: NIFTY500 MULTICAP MOMENTUM QUALITY 50
2026-05-05 23:22:37 | INFO     | pipeline.parsers.mw | MarketWatchParser result: 50 constituents
2026-05-05 23:22:37 | INFO     | pipeline.parsers.mw | MarketWatchParser: MW-NIFTY500-MULTICAP-MOMENTUM-QUALITY-50-24-Apr-2026.csv
2026-05-05 23:22:37 | INFO     | pipeline.parsers.mw | Index name: NIFTY500 MULTICAP MOMENTUM QUALITY 50
2026-05-05 23:22:37 | INFO     | pipeline.parsers.mw | MarketWatchParser result: 50 constituents
2026-05-05 23:22:37 | INFO     | pipeline.parsers.mw | MarketWatchParser: MW-NIFTY500-MULTICAP-MOMENTUM-QUALITY-50-24-Mar-2026.csv
2026-05-05 23:22:37 | INFO     | pipeline.parsers.mw | Index name: NIFTY500 MULTICAP MOMENTUM QUALITY 50
2026-05-05 23:22:37 | INFO     | pipeline.parsers.mw | MarketWatchParser result: 50 constituents
2026-05-05 23:22:37 | INFO     | pipeline.parsers.mw | MarketWatchParser: MW-NIFTY500-MULTICAP-MOMENTUM-QUALITY-50-27-Apr-2026.csv
2026-05-05 23:22:37 | INFO     | pipeline.parsers.mw | Index name: NIFTY500 MULTICAP MOMENTUM QUALITY 50
2026-05-05 23:22:37 | INFO     | pipeline.parsers.mw | MarketWatchParser result: 50 constituents
2026-05-05 23:22:37 | INFO     | pipeline.parsers.mw | MarketWatchParser: MW-NIFTY500-MULTICAP-MOMENTUM-QUALITY-50-27-Mar-2026.csv
2026-05-05 23:22:37 | INFO     | pipeline.parsers.mw | Index name: NIFTY500 MULTICAP MOMENTUM QUALITY 50
2026-05-05 23:22:37 | INFO     | pipeline.parsers.mw | MarketWatchParser result: 50 constituents
2026-05-05 23:22:37 | INFO     | pipeline.parsers.mw | MarketWatchParser: MW-NIFTY500-MULTICAP-MOMENTUM-QUALITY-50-29-Apr-2026.csv
2026-05-05 23:22:37 | INFO     | pipeline.parsers.mw | Index name: NIFTY500 MULTICAP MOMENTUM QUALITY 50
2026-05-05 23:22:37 | INFO     | pipeline.parsers.mw | MarketWatchParser result: 50 constituents
2026-05-05 23:22:37 | INFO     | pipeline.parsers.mw | MarketWatchParser: MW-NIFTY500-MULTICAP-MOMENTUM-QUALITY-50-30-Mar-2026.csv
2026-05-05 23:22:37 | INFO     | pipeline.parsers.mw | Index name: NIFTY500 MULTICAP MOMENTUM QUALITY 50
2026-05-05 23:22:37 | INFO     | pipeline.parsers.mw | MarketWatchParser result: 50 constituents
2026-05-05 23:22:37 | INFO     | pipeline.parsers.mw | MarketWatchParser: MW-NIFTY500-MULTIFACTOR-MQVLV-50-03-Apr-2026.csv
2026-05-05 23:22:37 | INFO     | pipeline.parsers.mw | Index name: NIFTY500 MULTIFACTOR MQVLV 50
2026-05-05 23:22:37 | INFO     | pipeline.parsers.mw | MarketWatchParser result: 50 constituents
2026-05-05 23:22:37 | INFO     | pipeline.parsers.mw | MarketWatchParser: MW-NIFTY500-MULTIFACTOR-MQVLV-50-06-Apr-2026.csv
2026-05-05 23:22:37 | INFO     | pipeline.parsers.mw | Index name: NIFTY500 MULTIFACTOR MQVLV 50
2026-05-05 23:22:37 | INFO     | pipeline.parsers.mw | MarketWatchParser result: 50 constituents
2026-05-05 23:22:38 | INFO     | pipeline.parsers.mw | MarketWatchParser: MW-NIFTY500-MULTIFACTOR-MQVLV-50-07-Apr-2026.csv
2026-05-05 23:22:38 | INFO     | pipeline.parsers.mw | Index name: NIFTY500 MULTIFACTOR MQVLV 50
2026-05-05 23:22:38 | INFO     | pipeline.parsers.mw | MarketWatchParser result: 50 constituents
2026-05-05 23:22:38 | INFO     | pipeline.parsers.mw | MarketWatchParser: MW-NIFTY500-MULTIFACTOR-MQVLV-50-08-Apr-2026.csv
2026-05-05 23:22:38 | INFO     | pipeline.parsers.mw | Index name: NIFTY500 MULTIFACTOR MQVLV 50
2026-05-05 23:22:38 | INFO     | pipeline.parsers.mw | MarketWatchParser result: 50 constituents
2026-05-05 23:22:38 | INFO     | pipeline.parsers.mw | MarketWatchParser: MW-NIFTY500-MULTIFACTOR-MQVLV-50-09-Apr-2026.csv
2026-05-05 23:22:38 | INFO     | pipeline.parsers.mw | Index name: NIFTY500 MULTIFACTOR MQVLV 50
2026-05-05 23:22:38 | INFO     | pipeline.parsers.mw | MarketWatchParser result: 50 constituents
2026-05-05 23:22:38 | INFO     | pipeline.parsers.mw | MarketWatchParser: MW-NIFTY500-MULTIFACTOR-MQVLV-50-10-Apr-2026.csv
2026-05-05 23:22:38 | INFO     | pipeline.parsers.mw | Index name: NIFTY500 MULTIFACTOR MQVLV 50
2026-05-05 23:22:38 | INFO     | pipeline.parsers.mw | MarketWatchParser result: 50 constituents
2026-05-05 23:22:38 | INFO     | pipeline.parsers.mw | MarketWatchParser: MW-NIFTY500-MULTIFACTOR-MQVLV-50-14-Apr-2026.csv
2026-05-05 23:22:38 | INFO     | pipeline.parsers.mw | Index name: NIFTY500 MULTIFACTOR MQVLV 50
2026-05-05 23:22:38 | INFO     | pipeline.parsers.mw | MarketWatchParser result: 50 constituents
2026-05-05 23:22:38 | INFO     | pipeline.parsers.mw | MarketWatchParser: MW-NIFTY500-MULTIFACTOR-MQVLV-50-15-Apr-2026.csv
2026-05-05 23:22:38 | INFO     | pipeline.parsers.mw | Index name: NIFTY500 MULTIFACTOR MQVLV 50
2026-05-05 23:22:38 | INFO     | pipeline.parsers.mw | MarketWatchParser result: 50 constituents
2026-05-05 23:22:38 | INFO     | pipeline.parsers.mw | MarketWatchParser: MW-NIFTY500-MULTIFACTOR-MQVLV-50-16-Apr-2026.csv
2026-05-05 23:22:38 | INFO     | pipeline.parsers.mw | Index name: NIFTY500 MULTIFACTOR MQVLV 50
2026-05-05 23:22:38 | INFO     | pipeline.parsers.mw | MarketWatchParser result: 50 constituents
2026-05-05 23:22:38 | INFO     | pipeline.parsers.mw | MarketWatchParser: MW-NIFTY500-MULTIFACTOR-MQVLV-50-17-Apr-2026.csv
2026-05-05 23:22:38 | INFO     | pipeline.parsers.mw | Index name: NIFTY500 MULTIFACTOR MQVLV 50
2026-05-05 23:22:38 | INFO     | pipeline.parsers.mw | MarketWatchParser result: 50 constituents
2026-05-05 23:22:38 | INFO     | pipeline.parsers.mw | MarketWatchParser: MW-NIFTY500-MULTIFACTOR-MQVLV-50-22-Apr-2026 (1).csv
2026-05-05 23:22:38 | INFO     | pipeline.parsers.mw | Index name: NIFTY500 MULTIFACTOR MQVLV 50 22 Apr 2026 (1)
2026-05-05 23:22:38 | INFO     | pipeline.parsers.mw | MarketWatchParser result: 50 constituents
2026-05-05 23:22:38 | INFO     | pipeline.parsers.mw | MarketWatchParser: MW-NIFTY500-MULTIFACTOR-MQVLV-50-22-Apr-2026.csv
2026-05-05 23:22:38 | INFO     | pipeline.parsers.mw | Index name: NIFTY500 MULTIFACTOR MQVLV 50
2026-05-05 23:22:38 | INFO     | pipeline.parsers.mw | MarketWatchParser result: 50 constituents
2026-05-05 23:22:38 | INFO     | pipeline.parsers.mw | MarketWatchParser: MW-NIFTY500-MULTIFACTOR-MQVLV-50-23-Apr-2026.csv
2026-05-05 23:22:38 | INFO     | pipeline.parsers.mw | Index name: NIFTY500 MULTIFACTOR MQVLV 50
2026-05-05 23:22:38 | INFO     | pipeline.parsers.mw | MarketWatchParser result: 50 constituents
2026-05-05 23:22:38 | INFO     | pipeline.parsers.mw | MarketWatchParser: MW-NIFTY500-MULTIFACTOR-MQVLV-50-24-Apr-2026.csv
2026-05-05 23:22:38 | INFO     | pipeline.parsers.mw | Index name: NIFTY500 MULTIFACTOR MQVLV 50
2026-05-05 23:22:38 | INFO     | pipeline.parsers.mw | MarketWatchParser result: 50 constituents
2026-05-05 23:22:38 | INFO     | pipeline.parsers.mw | MarketWatchParser: MW-NIFTY500-MULTIFACTOR-MQVLV-50-24-Mar-2026.csv
2026-05-05 23:22:38 | INFO     | pipeline.parsers.mw | Index name: NIFTY500 MULTIFACTOR MQVLV 50
2026-05-05 23:22:38 | INFO     | pipeline.parsers.mw | MarketWatchParser result: 50 constituents
2026-05-05 23:22:38 | INFO     | pipeline.parsers.mw | MarketWatchParser: MW-NIFTY500-MULTIFACTOR-MQVLV-50-27-Apr-2026 (1).csv
2026-05-05 23:22:38 | INFO     | pipeline.parsers.mw | Index name: NIFTY500 MULTIFACTOR MQVLV 50 27 Apr 2026 (1)
2026-05-05 23:22:38 | INFO     | pipeline.parsers.mw | MarketWatchParser result: 50 constituents
2026-05-05 23:22:38 | INFO     | pipeline.parsers.mw | MarketWatchParser: MW-NIFTY500-MULTIFACTOR-MQVLV-50-27-Apr-2026.csv
2026-05-05 23:22:38 | INFO     | pipeline.parsers.mw | Index name: NIFTY500 MULTIFACTOR MQVLV 50
2026-05-05 23:22:38 | INFO     | pipeline.parsers.mw | MarketWatchParser result: 50 constituents
2026-05-05 23:22:38 | INFO     | pipeline.parsers.mw | MarketWatchParser: MW-NIFTY500-MULTIFACTOR-MQVLV-50-27-Mar-2026.csv
2026-05-05 23:22:38 | INFO     | pipeline.parsers.mw | Index name: NIFTY500 MULTIFACTOR MQVLV 50
2026-05-05 23:22:38 | INFO     | pipeline.parsers.mw | MarketWatchParser result: 50 constituents
2026-05-05 23:22:38 | INFO     | pipeline.parsers.mw | MarketWatchParser: MW-NIFTY500-MULTIFACTOR-MQVLV-50-29-Apr-2026.csv
2026-05-05 23:22:38 | INFO     | pipeline.parsers.mw | Index name: NIFTY500 MULTIFACTOR MQVLV 50
2026-05-05 23:22:38 | INFO     | pipeline.parsers.mw | MarketWatchParser result: 50 constituents
2026-05-05 23:22:38 | INFO     | pipeline.parsers.mw | MarketWatchParser: MW-NIFTY500-MULTIFACTOR-MQVLV-50-30-Mar-2026.csv
2026-05-05 23:22:38 | INFO     | pipeline.parsers.mw | Index name: NIFTY500 MULTIFACTOR MQVLV 50
2026-05-05 23:22:38 | INFO     | pipeline.parsers.mw | MarketWatchParser result: 50 constituents
2026-05-05 23:22:39 | INFO     | pipeline.parsers.mw | MarketWatchParser: MW-NIFTY500-QUALITY-50-03-Apr-2026.csv
2026-05-05 23:22:39 | INFO     | pipeline.parsers.mw | Index name: NIFTY500 QUALITY 50
2026-05-05 23:22:39 | INFO     | pipeline.parsers.mw | MarketWatchParser result: 50 constituents
2026-05-05 23:22:39 | INFO     | pipeline.parsers.mw | MarketWatchParser: MW-NIFTY500-QUALITY-50-06-Apr-2026.csv
2026-05-05 23:22:39 | INFO     | pipeline.parsers.mw | Index name: NIFTY500 QUALITY 50
2026-05-05 23:22:39 | INFO     | pipeline.parsers.mw | MarketWatchParser result: 50 constituents
2026-05-05 23:22:39 | INFO     | pipeline.parsers.mw | MarketWatchParser: MW-NIFTY500-QUALITY-50-07-Apr-2026.csv
2026-05-05 23:22:39 | INFO     | pipeline.parsers.mw | Index name: NIFTY500 QUALITY 50
2026-05-05 23:22:39 | INFO     | pipeline.parsers.mw | MarketWatchParser result: 50 constituents
2026-05-05 23:22:39 | INFO     | pipeline.parsers.mw | MarketWatchParser: MW-NIFTY500-QUALITY-50-08-Apr-2026.csv
2026-05-05 23:22:39 | INFO     | pipeline.parsers.mw | Index name: NIFTY500 QUALITY 50
2026-05-05 23:22:39 | INFO     | pipeline.parsers.mw | MarketWatchParser result: 50 constituents
2026-05-05 23:22:39 | INFO     | pipeline.parsers.mw | MarketWatchParser: MW-NIFTY500-QUALITY-50-09-Apr-2026.csv
2026-05-05 23:22:39 | INFO     | pipeline.parsers.mw | Index name: NIFTY500 QUALITY 50
2026-05-05 23:22:39 | INFO     | pipeline.parsers.mw | MarketWatchParser result: 50 constituents
2026-05-05 23:22:39 | INFO     | pipeline.parsers.mw | MarketWatchParser: MW-NIFTY500-QUALITY-50-10-Apr-2026.csv
2026-05-05 23:22:39 | INFO     | pipeline.parsers.mw | Index name: NIFTY500 QUALITY 50
2026-05-05 23:22:39 | INFO     | pipeline.parsers.mw | MarketWatchParser result: 50 constituents
2026-05-05 23:22:39 | INFO     | pipeline.parsers.mw | MarketWatchParser: MW-NIFTY500-QUALITY-50-14-Apr-2026.csv
2026-05-05 23:22:39 | INFO     | pipeline.parsers.mw | Index name: NIFTY500 QUALITY 50
2026-05-05 23:22:39 | INFO     | pipeline.parsers.mw | MarketWatchParser result: 50 constituents
2026-05-05 23:22:39 | INFO     | pipeline.parsers.mw | MarketWatchParser: MW-NIFTY500-QUALITY-50-15-Apr-2026.csv
2026-05-05 23:22:39 | INFO     | pipeline.parsers.mw | Index name: NIFTY500 QUALITY 50
2026-05-05 23:22:39 | INFO     | pipeline.parsers.mw | MarketWatchParser result: 50 constituents
2026-05-05 23:22:39 | INFO     | pipeline.parsers.mw | MarketWatchParser: MW-NIFTY500-QUALITY-50-16-Apr-2026.csv
2026-05-05 23:22:39 | INFO     | pipeline.parsers.mw | Index name: NIFTY500 QUALITY 50
2026-05-05 23:22:39 | INFO     | pipeline.parsers.mw | MarketWatchParser result: 50 constituents
2026-05-05 23:22:39 | INFO     | pipeline.parsers.mw | MarketWatchParser: MW-NIFTY500-QUALITY-50-17-Apr-2026.csv
2026-05-05 23:22:39 | INFO     | pipeline.parsers.mw | Index name: NIFTY500 QUALITY 50
2026-05-05 23:22:39 | INFO     | pipeline.parsers.mw | MarketWatchParser result: 50 constituents
2026-05-05 23:22:39 | INFO     | pipeline.parsers.mw | MarketWatchParser: MW-NIFTY500-QUALITY-50-22-Apr-2026 (1).csv
2026-05-05 23:22:39 | INFO     | pipeline.parsers.mw | Index name: NIFTY500 QUALITY 50 22 Apr 2026 (1)
2026-05-05 23:22:39 | INFO     | pipeline.parsers.mw | MarketWatchParser result: 50 constituents
2026-05-05 23:22:39 | INFO     | pipeline.parsers.mw | MarketWatchParser: MW-NIFTY500-QUALITY-50-22-Apr-2026 (2).csv
2026-05-05 23:22:39 | INFO     | pipeline.parsers.mw | Index name: NIFTY500 QUALITY 50 22 Apr 2026 (2)
2026-05-05 23:22:39 | INFO     | pipeline.parsers.mw | MarketWatchParser result: 50 constituents
2026-05-05 23:22:39 | INFO     | pipeline.parsers.mw | MarketWatchParser: MW-NIFTY500-QUALITY-50-22-Apr-2026.csv
2026-05-05 23:22:39 | INFO     | pipeline.parsers.mw | Index name: NIFTY500 QUALITY 50
2026-05-05 23:22:39 | INFO     | pipeline.parsers.mw | MarketWatchParser result: 50 constituents
2026-05-05 23:22:39 | INFO     | pipeline.parsers.mw | MarketWatchParser: MW-NIFTY500-QUALITY-50-23-Apr-2026.csv
2026-05-05 23:22:39 | INFO     | pipeline.parsers.mw | Index name: NIFTY500 QUALITY 50
2026-05-05 23:22:39 | INFO     | pipeline.parsers.mw | MarketWatchParser result: 50 constituents
2026-05-05 23:22:39 | INFO     | pipeline.parsers.mw | MarketWatchParser: MW-NIFTY500-QUALITY-50-24-Apr-2026.csv
2026-05-05 23:22:39 | INFO     | pipeline.parsers.mw | Index name: NIFTY500 QUALITY 50
2026-05-05 23:22:39 | INFO     | pipeline.parsers.mw | MarketWatchParser result: 50 constituents
2026-05-05 23:22:39 | INFO     | pipeline.parsers.mw | MarketWatchParser: MW-NIFTY500-QUALITY-50-24-Mar-2026.csv
2026-05-05 23:22:39 | INFO     | pipeline.parsers.mw | Index name: NIFTY500 QUALITY 50
2026-05-05 23:22:39 | INFO     | pipeline.parsers.mw | MarketWatchParser result: 50 constituents
2026-05-05 23:22:39 | INFO     | pipeline.parsers.mw | MarketWatchParser: MW-NIFTY500-QUALITY-50-27-Apr-2026.csv
2026-05-05 23:22:39 | INFO     | pipeline.parsers.mw | Index name: NIFTY500 QUALITY 50
2026-05-05 23:22:39 | INFO     | pipeline.parsers.mw | MarketWatchParser result: 50 constituents
2026-05-05 23:22:39 | INFO     | pipeline.parsers.mw | MarketWatchParser: MW-NIFTY500-QUALITY-50-27-Mar-2026.csv
2026-05-05 23:22:39 | INFO     | pipeline.parsers.mw | Index name: NIFTY500 QUALITY 50
2026-05-05 23:22:39 | INFO     | pipeline.parsers.mw | MarketWatchParser result: 50 constituents
2026-05-05 23:22:39 | INFO     | pipeline.parsers.mw | MarketWatchParser: MW-NIFTY500-QUALITY-50-28-Apr-2026.csv
2026-05-05 23:22:39 | INFO     | pipeline.parsers.mw | Index name: NIFTY500 QUALITY 50
2026-05-05 23:22:40 | INFO     | pipeline.parsers.mw | MarketWatchParser result: 50 constituents
2026-05-05 23:22:40 | INFO     | pipeline.parsers.mw | MarketWatchParser: MW-NIFTY500-QUALITY-50-29-Apr-2026.csv
2026-05-05 23:22:40 | INFO     | pipeline.parsers.mw | Index name: NIFTY500 QUALITY 50
2026-05-05 23:22:40 | INFO     | pipeline.parsers.mw | MarketWatchParser result: 50 constituents
2026-05-05 23:22:40 | INFO     | pipeline.parsers.mw | MarketWatchParser: MW-NIFTY500-QUALITY-50-30-Mar-2026.csv
2026-05-05 23:22:40 | INFO     | pipeline.parsers.mw | Index name: NIFTY500 QUALITY 50
2026-05-05 23:22:40 | INFO     | pipeline.parsers.mw | MarketWatchParser result: 50 constituents
2026-05-05 23:22:40 | INFO     | pipeline.parsers.mw | MarketWatchParser: MW-NIFTY500-VALUE-50-03-Apr-2026.csv
2026-05-05 23:22:40 | INFO     | pipeline.parsers.mw | Index name: NIFTY500 VALUE 50
2026-05-05 23:22:40 | INFO     | pipeline.parsers.mw | MarketWatchParser result: 50 constituents
2026-05-05 23:22:40 | INFO     | pipeline.parsers.mw | MarketWatchParser: MW-NIFTY500-VALUE-50-06-Apr-2026.csv
2026-05-05 23:22:40 | INFO     | pipeline.parsers.mw | Index name: NIFTY500 VALUE 50
2026-05-05 23:22:40 | INFO     | pipeline.parsers.mw | MarketWatchParser result: 50 constituents
2026-05-05 23:22:40 | INFO     | pipeline.parsers.mw | MarketWatchParser: MW-NIFTY500-VALUE-50-07-Apr-2026.csv
2026-05-05 23:22:40 | INFO     | pipeline.parsers.mw | Index name: NIFTY500 VALUE 50
2026-05-05 23:22:40 | INFO     | pipeline.parsers.mw | MarketWatchParser result: 50 constituents
2026-05-05 23:22:40 | INFO     | pipeline.parsers.mw | MarketWatchParser: MW-NIFTY500-VALUE-50-08-Apr-2026.csv
2026-05-05 23:22:40 | INFO     | pipeline.parsers.mw | Index name: NIFTY500 VALUE 50
2026-05-05 23:22:40 | INFO     | pipeline.parsers.mw | MarketWatchParser result: 50 constituents
2026-05-05 23:22:40 | INFO     | pipeline.parsers.mw | MarketWatchParser: MW-NIFTY500-VALUE-50-09-Apr-2026.csv
2026-05-05 23:22:40 | INFO     | pipeline.parsers.mw | Index name: NIFTY500 VALUE 50
2026-05-05 23:22:40 | INFO     | pipeline.parsers.mw | MarketWatchParser result: 50 constituents
2026-05-05 23:22:40 | INFO     | pipeline.parsers.mw | MarketWatchParser: MW-NIFTY500-VALUE-50-10-Apr-2026.csv
2026-05-05 23:22:40 | INFO     | pipeline.parsers.mw | Index name: NIFTY500 VALUE 50
2026-05-05 23:22:40 | INFO     | pipeline.parsers.mw | MarketWatchParser result: 49 constituents
2026-05-05 23:22:40 | INFO     | pipeline.parsers.mw | MarketWatchParser: MW-NIFTY500-VALUE-50-14-Apr-2026.csv
2026-05-05 23:22:40 | INFO     | pipeline.parsers.mw | Index name: NIFTY500 VALUE 50
2026-05-05 23:22:40 | INFO     | pipeline.parsers.mw | MarketWatchParser result: 50 constituents
2026-05-05 23:22:40 | INFO     | pipeline.parsers.mw | MarketWatchParser: MW-NIFTY500-VALUE-50-15-Apr-2026.csv
2026-05-05 23:22:40 | INFO     | pipeline.parsers.mw | Index name: NIFTY500 VALUE 50
2026-05-05 23:22:40 | INFO     | pipeline.parsers.mw | MarketWatchParser result: 49 constituents
2026-05-05 23:22:40 | INFO     | pipeline.parsers.mw | MarketWatchParser: MW-NIFTY500-VALUE-50-16-Apr-2026.csv
2026-05-05 23:22:40 | INFO     | pipeline.parsers.mw | Index name: NIFTY500 VALUE 50
2026-05-05 23:22:40 | INFO     | pipeline.parsers.mw | MarketWatchParser result: 49 constituents
2026-05-05 23:22:40 | INFO     | pipeline.parsers.mw | MarketWatchParser: MW-NIFTY500-VALUE-50-17-Apr-2026.csv
2026-05-05 23:22:40 | INFO     | pipeline.parsers.mw | Index name: NIFTY500 VALUE 50
2026-05-05 23:22:40 | INFO     | pipeline.parsers.mw | MarketWatchParser result: 49 constituents
2026-05-05 23:22:40 | INFO     | pipeline.parsers.mw | MarketWatchParser: MW-NIFTY500-VALUE-50-22-Apr-2026 (1).csv
2026-05-05 23:22:40 | INFO     | pipeline.parsers.mw | Index name: NIFTY500 VALUE 50 22 Apr 2026 (1)
2026-05-05 23:22:40 | INFO     | pipeline.parsers.mw | MarketWatchParser result: 49 constituents
2026-05-05 23:22:40 | INFO     | pipeline.parsers.mw | MarketWatchParser: MW-NIFTY500-VALUE-50-22-Apr-2026.csv
2026-05-05 23:22:40 | INFO     | pipeline.parsers.mw | Index name: NIFTY500 VALUE 50
2026-05-05 23:22:40 | INFO     | pipeline.parsers.mw | MarketWatchParser result: 49 constituents
2026-05-05 23:22:40 | INFO     | pipeline.parsers.mw | MarketWatchParser: MW-NIFTY500-VALUE-50-23-Apr-2026.csv
2026-05-05 23:22:40 | INFO     | pipeline.parsers.mw | Index name: NIFTY500 VALUE 50
2026-05-05 23:22:40 | INFO     | pipeline.parsers.mw | MarketWatchParser result: 49 constituents
2026-05-05 23:22:40 | INFO     | pipeline.parsers.mw | MarketWatchParser: MW-NIFTY500-VALUE-50-24-Apr-2026.csv
2026-05-05 23:22:40 | INFO     | pipeline.parsers.mw | Index name: NIFTY500 VALUE 50
2026-05-05 23:22:40 | INFO     | pipeline.parsers.mw | MarketWatchParser result: 49 constituents
2026-05-05 23:22:40 | INFO     | pipeline.parsers.mw | MarketWatchParser: MW-NIFTY500-VALUE-50-24-Mar-2026.csv
2026-05-05 23:22:40 | INFO     | pipeline.parsers.mw | Index name: NIFTY500 VALUE 50
2026-05-05 23:22:41 | INFO     | pipeline.parsers.mw | MarketWatchParser result: 50 constituents
2026-05-05 23:22:41 | INFO     | pipeline.parsers.mw | MarketWatchParser: MW-NIFTY500-VALUE-50-27-Apr-2026.csv
2026-05-05 23:22:41 | INFO     | pipeline.parsers.mw | Index name: NIFTY500 VALUE 50
2026-05-05 23:22:41 | INFO     | pipeline.parsers.mw | MarketWatchParser result: 50 constituents
2026-05-05 23:22:41 | INFO     | pipeline.parsers.mw | MarketWatchParser: MW-NIFTY500-VALUE-50-27-Mar-2026.csv
2026-05-05 23:22:41 | INFO     | pipeline.parsers.mw | Index name: NIFTY500 VALUE 50
2026-05-05 23:22:41 | INFO     | pipeline.parsers.mw | MarketWatchParser result: 50 constituents
2026-05-05 23:22:41 | INFO     | pipeline.parsers.mw | MarketWatchParser: MW-NIFTY500-VALUE-50-28-Apr-2026.csv
2026-05-05 23:22:41 | INFO     | pipeline.parsers.mw | Index name: NIFTY500 VALUE 50
2026-05-05 23:22:41 | INFO     | pipeline.parsers.mw | MarketWatchParser result: 49 constituents
2026-05-05 23:22:41 | INFO     | pipeline.parsers.mw | MarketWatchParser: MW-NIFTY500-VALUE-50-29-Apr-2026.csv
2026-05-05 23:22:41 | INFO     | pipeline.parsers.mw | Index name: NIFTY500 VALUE 50
2026-05-05 23:22:41 | INFO     | pipeline.parsers.mw | MarketWatchParser result: 49 constituents
2026-05-05 23:22:41 | INFO     | pipeline.parsers.mw | MarketWatchParser: MW-NIFTY500-VALUE-50-30-Mar-2026.csv
2026-05-05 23:22:41 | INFO     | pipeline.parsers.mw | Index name: NIFTY500 VALUE 50
2026-05-05 23:22:41 | INFO     | pipeline.parsers.mw | MarketWatchParser result: 50 constituents
2026-05-05 23:22:41 | INFO     | pipeline.parsers.mw | MarketWatchParser: MW-NIFTY-CAPITAL-MARKETS-03-Apr-2026.csv
2026-05-05 23:22:41 | INFO     | pipeline.parsers.mw | Index name: NIFTY CAPITAL MARKETS
2026-05-05 23:22:41 | INFO     | pipeline.parsers.mw | MarketWatchParser result: 17 constituents
2026-05-05 23:22:41 | INFO     | pipeline.parsers.mw | MarketWatchParser: MW-NIFTY-CAPITAL-MARKETS-06-Apr-2026.csv
2026-05-05 23:22:41 | INFO     | pipeline.parsers.mw | Index name: NIFTY CAPITAL MARKETS
2026-05-05 23:22:41 | INFO     | pipeline.parsers.mw | MarketWatchParser result: 17 constituents
2026-05-05 23:22:41 | INFO     | pipeline.parsers.mw | MarketWatchParser: MW-NIFTY-CAPITAL-MARKETS-07-Apr-2026.csv
2026-05-05 23:22:41 | INFO     | pipeline.parsers.mw | Index name: NIFTY CAPITAL MARKETS
2026-05-05 23:22:41 | INFO     | pipeline.parsers.mw | MarketWatchParser result: 17 constituents
2026-05-05 23:22:41 | INFO     | pipeline.parsers.mw | MarketWatchParser: MW-NIFTY-CAPITAL-MARKETS-08-Apr-2026.csv
2026-05-05 23:22:41 | INFO     | pipeline.parsers.mw | Index name: NIFTY CAPITAL MARKETS
2026-05-05 23:22:41 | INFO     | pipeline.parsers.mw | MarketWatchParser result: 17 constituents
2026-05-05 23:22:41 | INFO     | pipeline.parsers.mw | MarketWatchParser: MW-NIFTY-CAPITAL-MARKETS-09-Apr-2026.csv
2026-05-05 23:22:41 | INFO     | pipeline.parsers.mw | Index name: NIFTY CAPITAL MARKETS
2026-05-05 23:22:41 | INFO     | pipeline.parsers.mw | MarketWatchParser result: 17 constituents
2026-05-05 23:22:41 | INFO     | pipeline.parsers.mw | MarketWatchParser: MW-NIFTY-CAPITAL-MARKETS-10-Apr-2026.csv
2026-05-05 23:22:41 | INFO     | pipeline.parsers.mw | Index name: NIFTY CAPITAL MARKETS
2026-05-05 23:22:41 | INFO     | pipeline.parsers.mw | MarketWatchParser result: 17 constituents
2026-05-05 23:22:41 | INFO     | pipeline.parsers.mw | MarketWatchParser: MW-NIFTY-CAPITAL-MARKETS-14-Apr-2026.csv
2026-05-05 23:22:41 | INFO     | pipeline.parsers.mw | Index name: NIFTY CAPITAL MARKETS
2026-05-05 23:22:41 | INFO     | pipeline.parsers.mw | MarketWatchParser result: 17 constituents
2026-05-05 23:22:41 | INFO     | pipeline.parsers.mw | MarketWatchParser: MW-NIFTY-CAPITAL-MARKETS-15-Apr-2026.csv
2026-05-05 23:22:41 | INFO     | pipeline.parsers.mw | Index name: NIFTY CAPITAL MARKETS
2026-05-05 23:22:41 | INFO     | pipeline.parsers.mw | MarketWatchParser result: 17 constituents
2026-05-05 23:22:41 | INFO     | pipeline.parsers.mw | MarketWatchParser: MW-NIFTY-CAPITAL-MARKETS-16-Apr-2026.csv
2026-05-05 23:22:41 | INFO     | pipeline.parsers.mw | Index name: NIFTY CAPITAL MARKETS
2026-05-05 23:22:41 | INFO     | pipeline.parsers.mw | MarketWatchParser result: 17 constituents
2026-05-05 23:22:41 | INFO     | pipeline.parsers.mw | MarketWatchParser: MW-NIFTY-CAPITAL-MARKETS-17-Apr-2026.csv
2026-05-05 23:22:41 | INFO     | pipeline.parsers.mw | Index name: NIFTY CAPITAL MARKETS
2026-05-05 23:22:41 | INFO     | pipeline.parsers.mw | MarketWatchParser result: 17 constituents
2026-05-05 23:22:41 | INFO     | pipeline.parsers.mw | MarketWatchParser: MW-NIFTY-CAPITAL-MARKETS-18-Mar-2026.csv
2026-05-05 23:22:41 | INFO     | pipeline.parsers.mw | Index name: NIFTY CAPITAL MARKETS
2026-05-05 23:22:41 | INFO     | pipeline.parsers.mw | MarketWatchParser result: 15 constituents
2026-05-05 23:22:41 | INFO     | pipeline.parsers.mw | MarketWatchParser: MW-NIFTY-CAPITAL-MARKETS-19-Mar-2026.csv
2026-05-05 23:22:41 | INFO     | pipeline.parsers.mw | Index name: NIFTY CAPITAL MARKETS
2026-05-05 23:22:42 | INFO     | pipeline.parsers.mw | MarketWatchParser result: 15 constituents
2026-05-05 23:22:42 | INFO     | pipeline.parsers.mw | MarketWatchParser: MW-NIFTY-CAPITAL-MARKETS-20-Mar-2026.csv
2026-05-05 23:22:42 | INFO     | pipeline.parsers.mw | Index name: NIFTY CAPITAL MARKETS
2026-05-05 23:22:42 | INFO     | pipeline.parsers.mw | MarketWatchParser result: 15 constituents
2026-05-05 23:22:42 | INFO     | pipeline.parsers.mw | MarketWatchParser: MW-NIFTY-CAPITAL-MARKETS-22-Apr-2026 (1).csv
2026-05-05 23:22:42 | INFO     | pipeline.parsers.mw | Index name: NIFTY CAPITAL MARKETS 22 Apr 2026 (1)
2026-05-05 23:22:42 | INFO     | pipeline.parsers.mw | MarketWatchParser result: 17 constituents
2026-05-05 23:22:42 | INFO     | pipeline.parsers.mw | MarketWatchParser: MW-NIFTY-CAPITAL-MARKETS-22-Apr-2026 (2).csv
2026-05-05 23:22:42 | INFO     | pipeline.parsers.mw | Index name: NIFTY CAPITAL MARKETS 22 Apr 2026 (2)
2026-05-05 23:22:42 | INFO     | pipeline.parsers.mw | MarketWatchParser result: 17 constituents
2026-05-05 23:22:42 | INFO     | pipeline.parsers.mw | MarketWatchParser: MW-NIFTY-CAPITAL-MARKETS-22-Apr-2026.csv
2026-05-05 23:22:42 | INFO     | pipeline.parsers.mw | Index name: NIFTY CAPITAL MARKETS
2026-05-05 23:22:42 | INFO     | pipeline.parsers.mw | MarketWatchParser result: 17 constituents
2026-05-05 23:22:42 | INFO     | pipeline.parsers.mw | MarketWatchParser: MW-NIFTY-CAPITAL-MARKETS-23-Apr-2026.csv
2026-05-05 23:22:42 | INFO     | pipeline.parsers.mw | Index name: NIFTY CAPITAL MARKETS
2026-05-05 23:22:42 | INFO     | pipeline.parsers.mw | MarketWatchParser result: 17 constituents
2026-05-05 23:22:42 | INFO     | pipeline.parsers.mw | MarketWatchParser: MW-NIFTY-CAPITAL-MARKETS-23-Mar-2026.csv
2026-05-05 23:22:42 | INFO     | pipeline.parsers.mw | Index name: NIFTY CAPITAL MARKETS
2026-05-05 23:22:42 | INFO     | pipeline.parsers.mw | MarketWatchParser result: 15 constituents
2026-05-05 23:22:42 | INFO     | pipeline.parsers.mw | MarketWatchParser: MW-NIFTY-CAPITAL-MARKETS-24-Apr-2026.csv
2026-05-05 23:22:42 | INFO     | pipeline.parsers.mw | Index name: NIFTY CAPITAL MARKETS
2026-05-05 23:22:42 | INFO     | pipeline.parsers.mw | MarketWatchParser result: 17 constituents
2026-05-05 23:22:42 | INFO     | pipeline.parsers.mw | MarketWatchParser: MW-NIFTY-CAPITAL-MARKETS-24-Mar-2026.csv
2026-05-05 23:22:42 | INFO     | pipeline.parsers.mw | Index name: NIFTY CAPITAL MARKETS
2026-05-05 23:22:42 | INFO     | pipeline.parsers.mw | MarketWatchParser result: 15 constituents
2026-05-05 23:22:42 | INFO     | pipeline.parsers.mw | MarketWatchParser: MW-NIFTY-CAPITAL-MARKETS-27-Mar-2026.csv
2026-05-05 23:22:42 | INFO     | pipeline.parsers.mw | Index name: NIFTY CAPITAL MARKETS
2026-05-05 23:22:42 | INFO     | pipeline.parsers.mw | MarketWatchParser result: 15 constituents
2026-05-05 23:22:42 | INFO     | pipeline.parsers.mw | MarketWatchParser: MW-NIFTY-CAPITAL-MARKETS-30-Mar-2026.csv
2026-05-05 23:22:42 | INFO     | pipeline.parsers.mw | Index name: NIFTY CAPITAL MARKETS
2026-05-05 23:22:42 | INFO     | pipeline.parsers.mw | MarketWatchParser result: 15 constituents
2026-05-05 23:22:42 | INFO     | pipeline.parsers.mw | MarketWatchParser: MW-NIFTY-COMMODITIES-03-Apr-2026.csv
2026-05-05 23:22:42 | INFO     | pipeline.parsers.mw | Index name: NIFTY COMMODITIES
2026-05-05 23:22:42 | INFO     | pipeline.parsers.mw | MarketWatchParser result: 30 constituents
2026-05-05 23:22:42 | INFO     | pipeline.parsers.mw | MarketWatchParser: MW-NIFTY-COMMODITIES-06-Apr-2026.csv
2026-05-05 23:22:42 | INFO     | pipeline.parsers.mw | Index name: NIFTY COMMODITIES
2026-05-05 23:22:42 | INFO     | pipeline.parsers.mw | MarketWatchParser result: 30 constituents
2026-05-05 23:22:42 | INFO     | pipeline.parsers.mw | MarketWatchParser: MW-NIFTY-COMMODITIES-07-Apr-2026.csv
2026-05-05 23:22:42 | INFO     | pipeline.parsers.mw | Index name: NIFTY COMMODITIES
2026-05-05 23:22:42 | INFO     | pipeline.parsers.mw | MarketWatchParser result: 30 constituents
2026-05-05 23:22:42 | INFO     | pipeline.parsers.mw | MarketWatchParser: MW-NIFTY-COMMODITIES-08-Apr-2026.csv
2026-05-05 23:22:42 | INFO     | pipeline.parsers.mw | Index name: NIFTY COMMODITIES
2026-05-05 23:22:42 | INFO     | pipeline.parsers.mw | MarketWatchParser result: 30 constituents
2026-05-05 23:22:42 | INFO     | pipeline.parsers.mw | MarketWatchParser: MW-NIFTY-COMMODITIES-09-Apr-2026.csv
2026-05-05 23:22:42 | INFO     | pipeline.parsers.mw | Index name: NIFTY COMMODITIES
2026-05-05 23:22:42 | INFO     | pipeline.parsers.mw | MarketWatchParser result: 30 constituents
2026-05-05 23:22:42 | INFO     | pipeline.parsers.mw | MarketWatchParser: MW-NIFTY-COMMODITIES-10-Apr-2026.csv
2026-05-05 23:22:42 | INFO     | pipeline.parsers.mw | Index name: NIFTY COMMODITIES
2026-05-05 23:22:42 | INFO     | pipeline.parsers.mw | MarketWatchParser result: 30 constituents
2026-05-05 23:22:42 | INFO     | pipeline.parsers.mw | MarketWatchParser: MW-NIFTY-COMMODITIES-14-Apr-2026 (1).csv
2026-05-05 23:22:42 | INFO     | pipeline.parsers.mw | Index name: NIFTY COMMODITIES 14 Apr 2026 (1)
2026-05-05 23:22:42 | INFO     | pipeline.parsers.mw | MarketWatchParser result: 30 constituents
2026-05-05 23:22:42 | INFO     | pipeline.parsers.mw | MarketWatchParser: MW-NIFTY-COMMODITIES-14-Apr-2026.csv
2026-05-05 23:22:42 | INFO     | pipeline.parsers.mw | Index name: NIFTY COMMODITIES
2026-05-05 23:22:42 | INFO     | pipeline.parsers.mw | MarketWatchParser result: 30 constituents
2026-05-05 23:22:42 | INFO     | pipeline.parsers.mw | MarketWatchParser: MW-NIFTY-COMMODITIES-15-Apr-2026.csv
2026-05-05 23:22:42 | INFO     | pipeline.parsers.mw | Index name: NIFTY COMMODITIES
2026-05-05 23:22:42 | INFO     | pipeline.parsers.mw | MarketWatchParser result: 30 constituents
2026-05-05 23:22:42 | INFO     | pipeline.parsers.mw | MarketWatchParser: MW-NIFTY-COMMODITIES-16-Apr-2026.csv
2026-05-05 23:22:42 | INFO     | pipeline.parsers.mw | Index name: NIFTY COMMODITIES
2026-05-05 23:22:42 | INFO     | pipeline.parsers.mw | MarketWatchParser result: 30 constituents
2026-05-05 23:22:43 | INFO     | pipeline.parsers.mw | MarketWatchParser: MW-NIFTY-COMMODITIES-17-Apr-2026.csv
2026-05-05 23:22:43 | INFO     | pipeline.parsers.mw | Index name: NIFTY COMMODITIES
2026-05-05 23:22:43 | INFO     | pipeline.parsers.mw | MarketWatchParser result: 30 constituents
2026-05-05 23:22:43 | INFO     | pipeline.parsers.mw | MarketWatchParser: MW-NIFTY-COMMODITIES-22-Apr-2026 (1).csv
2026-05-05 23:22:43 | INFO     | pipeline.parsers.mw | Index name: NIFTY COMMODITIES 22 Apr 2026 (1)
2026-05-05 23:22:43 | INFO     | pipeline.parsers.mw | MarketWatchParser result: 30 constituents
2026-05-05 23:22:43 | INFO     | pipeline.parsers.mw | MarketWatchParser: MW-NIFTY-COMMODITIES-22-Apr-2026.csv
2026-05-05 23:22:43 | INFO     | pipeline.parsers.mw | Index name: NIFTY COMMODITIES
2026-05-05 23:22:43 | INFO     | pipeline.parsers.mw | MarketWatchParser result: 30 constituents
2026-05-05 23:22:43 | INFO     | pipeline.parsers.mw | MarketWatchParser: MW-NIFTY-COMMODITIES-23-Apr-2026.csv
2026-05-05 23:22:43 | INFO     | pipeline.parsers.mw | Index name: NIFTY COMMODITIES
2026-05-05 23:22:43 | INFO     | pipeline.parsers.mw | MarketWatchParser result: 30 constituents
2026-05-05 23:22:43 | INFO     | pipeline.parsers.mw | MarketWatchParser: MW-NIFTY-COMMODITIES-23-Mar-2026.csv
2026-05-05 23:22:43 | INFO     | pipeline.parsers.mw | Index name: NIFTY COMMODITIES
2026-05-05 23:22:43 | INFO     | pipeline.parsers.mw | MarketWatchParser result: 30 constituents
2026-05-05 23:22:43 | INFO     | pipeline.parsers.mw | MarketWatchParser: MW-NIFTY-COMMODITIES-24-Apr-2026.csv
2026-05-05 23:22:43 | INFO     | pipeline.parsers.mw | Index name: NIFTY COMMODITIES
2026-05-05 23:22:43 | INFO     | pipeline.parsers.mw | MarketWatchParser result: 30 constituents
2026-05-05 23:22:43 | INFO     | pipeline.parsers.mw | MarketWatchParser: MW-NIFTY-COMMODITIES-24-Mar-2026.csv
2026-05-05 23:22:43 | INFO     | pipeline.parsers.mw | Index name: NIFTY COMMODITIES
2026-05-05 23:22:43 | INFO     | pipeline.parsers.mw | MarketWatchParser result: 30 constituents
2026-05-05 23:22:43 | INFO     | pipeline.parsers.mw | MarketWatchParser: MW-NIFTY-COMMODITIES-27-Apr-2026.csv
2026-05-05 23:22:43 | INFO     | pipeline.parsers.mw | Index name: NIFTY COMMODITIES
2026-05-05 23:22:43 | INFO     | pipeline.parsers.mw | MarketWatchParser result: 30 constituents
2026-05-05 23:22:43 | INFO     | pipeline.parsers.mw | MarketWatchParser: MW-NIFTY-COMMODITIES-27-Mar-2026.csv
2026-05-05 23:22:43 | INFO     | pipeline.parsers.mw | Index name: NIFTY COMMODITIES
2026-05-05 23:22:43 | INFO     | pipeline.parsers.mw | MarketWatchParser result: 30 constituents
2026-05-05 23:22:43 | INFO     | pipeline.parsers.mw | MarketWatchParser: MW-NIFTY-COMMODITIES-28-Apr-2026.csv
2026-05-05 23:22:43 | INFO     | pipeline.parsers.mw | Index name: NIFTY COMMODITIES
2026-05-05 23:22:43 | INFO     | pipeline.parsers.mw | MarketWatchParser result: 30 constituents
2026-05-05 23:22:43 | INFO     | pipeline.parsers.mw | MarketWatchParser: MW-NIFTY-COMMODITIES-29-Apr-2026.csv
2026-05-05 23:22:43 | INFO     | pipeline.parsers.mw | Index name: NIFTY COMMODITIES
2026-05-05 23:22:43 | INFO     | pipeline.parsers.mw | MarketWatchParser result: 30 constituents
2026-05-05 23:22:43 | INFO     | pipeline.parsers.mw | MarketWatchParser: MW-NIFTY-COMMODITIES-30-Mar-2026.csv
2026-05-05 23:22:43 | INFO     | pipeline.parsers.mw | Index name: NIFTY COMMODITIES
2026-05-05 23:22:43 | INFO     | pipeline.parsers.mw | MarketWatchParser result: 30 constituents
2026-05-05 23:22:43 | INFO     | pipeline.parsers.mw | MarketWatchParser: MW-NIFTY-CPSE-03-Apr-2026.csv
2026-05-05 23:22:43 | INFO     | pipeline.parsers.mw | Index name: NIFTY CPSE
2026-05-05 23:22:43 | INFO     | pipeline.parsers.mw | MarketWatchParser result: 11 constituents
2026-05-05 23:22:43 | INFO     | pipeline.parsers.mw | MarketWatchParser: MW-NIFTY-CPSE-06-Apr-2026.csv
2026-05-05 23:22:43 | INFO     | pipeline.parsers.mw | Index name: NIFTY CPSE
2026-05-05 23:22:43 | INFO     | pipeline.parsers.mw | MarketWatchParser result: 11 constituents
2026-05-05 23:22:43 | INFO     | pipeline.parsers.mw | MarketWatchParser: MW-NIFTY-CPSE-07-Apr-2026.csv
2026-05-05 23:22:43 | INFO     | pipeline.parsers.mw | Index name: NIFTY CPSE
2026-05-05 23:22:43 | INFO     | pipeline.parsers.mw | MarketWatchParser result: 11 constituents
2026-05-05 23:22:43 | INFO     | pipeline.parsers.mw | MarketWatchParser: MW-NIFTY-CPSE-08-Apr-2026.csv
2026-05-05 23:22:43 | INFO     | pipeline.parsers.mw | Index name: NIFTY CPSE
2026-05-05 23:22:43 | INFO     | pipeline.parsers.mw | MarketWatchParser result: 11 constituents
2026-05-05 23:22:43 | INFO     | pipeline.parsers.mw | MarketWatchParser: MW-NIFTY-CPSE-09-Apr-2026.csv
2026-05-05 23:22:43 | INFO     | pipeline.parsers.mw | Index name: NIFTY CPSE
2026-05-05 23:22:43 | INFO     | pipeline.parsers.mw | MarketWatchParser result: 11 constituents
2026-05-05 23:22:43 | INFO     | pipeline.parsers.mw | MarketWatchParser: MW-NIFTY-CPSE-10-Apr-2026.csv
2026-05-05 23:22:43 | INFO     | pipeline.parsers.mw | Index name: NIFTY CPSE
2026-05-05 23:22:43 | INFO     | pipeline.parsers.mw | MarketWatchParser result: 11 constituents
2026-05-05 23:22:43 | INFO     | pipeline.parsers.mw | MarketWatchParser: MW-NIFTY-CPSE-14-Apr-2026.csv
2026-05-05 23:22:43 | INFO     | pipeline.parsers.mw | Index name: NIFTY CPSE
2026-05-05 23:22:44 | INFO     | pipeline.parsers.mw | MarketWatchParser result: 11 constituents
2026-05-05 23:22:44 | INFO     | pipeline.parsers.mw | MarketWatchParser: MW-NIFTY-CPSE-15-Apr-2026.csv
2026-05-05 23:22:44 | INFO     | pipeline.parsers.mw | Index name: NIFTY CPSE
2026-05-05 23:22:44 | INFO     | pipeline.parsers.mw | MarketWatchParser result: 11 constituents
2026-05-05 23:22:44 | INFO     | pipeline.parsers.mw | MarketWatchParser: MW-NIFTY-CPSE-16-Apr-2026.csv
2026-05-05 23:22:44 | INFO     | pipeline.parsers.mw | Index name: NIFTY CPSE
2026-05-05 23:22:44 | INFO     | pipeline.parsers.mw | MarketWatchParser result: 11 constituents
2026-05-05 23:22:44 | INFO     | pipeline.parsers.mw | MarketWatchParser: MW-NIFTY-CPSE-17-Apr-2026.csv
2026-05-05 23:22:44 | INFO     | pipeline.parsers.mw | Index name: NIFTY CPSE
2026-05-05 23:22:44 | INFO     | pipeline.parsers.mw | MarketWatchParser result: 11 constituents
2026-05-05 23:22:44 | INFO     | pipeline.parsers.mw | MarketWatchParser: MW-NIFTY-CPSE-22-Apr-2026 (1).csv
2026-05-05 23:22:44 | INFO     | pipeline.parsers.mw | Index name: NIFTY CPSE 22 Apr 2026 (1)
2026-05-05 23:22:44 | INFO     | pipeline.parsers.mw | MarketWatchParser result: 11 constituents
2026-05-05 23:22:44 | INFO     | pipeline.parsers.mw | MarketWatchParser: MW-NIFTY-CPSE-22-Apr-2026.csv
2026-05-05 23:22:44 | INFO     | pipeline.parsers.mw | Index name: NIFTY CPSE
2026-05-05 23:22:44 | INFO     | pipeline.parsers.mw | MarketWatchParser result: 11 constituents
2026-05-05 23:22:44 | INFO     | pipeline.parsers.mw | MarketWatchParser: MW-NIFTY-CPSE-23-Apr-2026.csv
2026-05-05 23:22:44 | INFO     | pipeline.parsers.mw | Index name: NIFTY CPSE
2026-05-05 23:22:44 | INFO     | pipeline.parsers.mw | MarketWatchParser result: 11 constituents
2026-05-05 23:22:44 | INFO     | pipeline.parsers.mw | MarketWatchParser: MW-NIFTY-CPSE-24-Apr-2026.csv
2026-05-05 23:22:44 | INFO     | pipeline.parsers.mw | Index name: NIFTY CPSE
2026-05-05 23:22:44 | INFO     | pipeline.parsers.mw | MarketWatchParser result: 11 constituents
2026-05-05 23:22:44 | INFO     | pipeline.parsers.mw | MarketWatchParser: MW-NIFTY-CPSE-24-Mar-2026.csv
2026-05-05 23:22:44 | INFO     | pipeline.parsers.mw | Index name: NIFTY CPSE
2026-05-05 23:22:44 | INFO     | pipeline.parsers.mw | MarketWatchParser result: 11 constituents
2026-05-05 23:22:44 | INFO     | pipeline.parsers.mw | MarketWatchParser: MW-NIFTY-CPSE-27-Apr-2026.csv
2026-05-05 23:22:44 | INFO     | pipeline.parsers.mw | Index name: NIFTY CPSE
2026-05-05 23:22:44 | INFO     | pipeline.parsers.mw | MarketWatchParser result: 11 constituents
2026-05-05 23:22:44 | INFO     | pipeline.parsers.mw | MarketWatchParser: MW-NIFTY-CPSE-27-Mar-2026.csv
2026-05-05 23:22:44 | INFO     | pipeline.parsers.mw | Index name: NIFTY CPSE
2026-05-05 23:22:44 | INFO     | pipeline.parsers.mw | MarketWatchParser result: 11 constituents
2026-05-05 23:22:44 | INFO     | pipeline.parsers.mw | MarketWatchParser: MW-NIFTY-CPSE-28-Apr-2026.csv
2026-05-05 23:22:44 | INFO     | pipeline.parsers.mw | Index name: NIFTY CPSE
2026-05-05 23:22:44 | INFO     | pipeline.parsers.mw | MarketWatchParser result: 11 constituents
2026-05-05 23:22:44 | INFO     | pipeline.parsers.mw | MarketWatchParser: MW-NIFTY-CPSE-29-Apr-2026.csv
2026-05-05 23:22:44 | INFO     | pipeline.parsers.mw | Index name: NIFTY CPSE
2026-05-05 23:22:44 | INFO     | pipeline.parsers.mw | MarketWatchParser result: 11 constituents
2026-05-05 23:22:44 | INFO     | pipeline.parsers.mw | MarketWatchParser: MW-NIFTY-CPSE-30-Mar-2026.csv
2026-05-05 23:22:44 | INFO     | pipeline.parsers.mw | Index name: NIFTY CPSE
2026-05-05 23:22:44 | INFO     | pipeline.parsers.mw | MarketWatchParser result: 11 constituents
2026-05-05 23:22:44 | INFO     | pipeline.parsers.mw | MarketWatchParser: MW-NIFTY-ENERGY-03-Apr-2026.csv
2026-05-05 23:22:44 | INFO     | pipeline.parsers.mw | Index name: NIFTY ENERGY
2026-05-05 23:22:44 | INFO     | pipeline.parsers.mw | MarketWatchParser result: 40 constituents
2026-05-05 23:22:44 | INFO     | pipeline.parsers.mw | MarketWatchParser: MW-NIFTY-ENERGY-06-Apr-2026.csv
2026-05-05 23:22:44 | INFO     | pipeline.parsers.mw | Index name: NIFTY ENERGY
2026-05-05 23:22:44 | INFO     | pipeline.parsers.mw | MarketWatchParser result: 40 constituents
2026-05-05 23:22:44 | INFO     | pipeline.parsers.mw | MarketWatchParser: MW-NIFTY-ENERGY-07-Apr-2026.csv
2026-05-05 23:22:44 | INFO     | pipeline.parsers.mw | Index name: NIFTY ENERGY
2026-05-05 23:22:44 | INFO     | pipeline.parsers.mw | MarketWatchParser result: 40 constituents
2026-05-05 23:22:44 | INFO     | pipeline.parsers.mw | MarketWatchParser: MW-NIFTY-ENERGY-08-Apr-2026.csv
2026-05-05 23:22:44 | INFO     | pipeline.parsers.mw | Index name: NIFTY ENERGY
2026-05-05 23:22:44 | INFO     | pipeline.parsers.mw | MarketWatchParser result: 40 constituents
2026-05-05 23:22:44 | INFO     | pipeline.parsers.mw | MarketWatchParser: MW-NIFTY-ENERGY-09-Apr-2026.csv
2026-05-05 23:22:44 | INFO     | pipeline.parsers.mw | Index name: NIFTY ENERGY
2026-05-05 23:22:44 | INFO     | pipeline.parsers.mw | MarketWatchParser result: 40 constituents
2026-05-05 23:22:45 | INFO     | pipeline.parsers.mw | MarketWatchParser: MW-NIFTY-ENERGY-10-Apr-2026.csv
2026-05-05 23:22:45 | INFO     | pipeline.parsers.mw | Index name: NIFTY ENERGY
2026-05-05 23:22:45 | INFO     | pipeline.parsers.mw | MarketWatchParser result: 40 constituents
2026-05-05 23:22:45 | INFO     | pipeline.parsers.mw | MarketWatchParser: MW-NIFTY-ENERGY-13-Apr-2026.csv
2026-05-05 23:22:45 | INFO     | pipeline.parsers.mw | Index name: NIFTY ENERGY
2026-05-05 23:22:45 | INFO     | pipeline.parsers.mw | MarketWatchParser result: 40 constituents
2026-05-05 23:22:45 | INFO     | pipeline.parsers.mw | MarketWatchParser: MW-NIFTY-ENERGY-15-Apr-2026.csv
2026-05-05 23:22:45 | INFO     | pipeline.parsers.mw | Index name: NIFTY ENERGY
2026-05-05 23:22:45 | INFO     | pipeline.parsers.mw | MarketWatchParser result: 40 constituents
2026-05-05 23:22:45 | INFO     | pipeline.parsers.mw | MarketWatchParser: MW-NIFTY-ENERGY-16-Apr-2026.csv
2026-05-05 23:22:45 | INFO     | pipeline.parsers.mw | Index name: NIFTY ENERGY
2026-05-05 23:22:45 | INFO     | pipeline.parsers.mw | MarketWatchParser result: 40 constituents
2026-05-05 23:22:45 | INFO     | pipeline.parsers.mw | MarketWatchParser: MW-NIFTY-ENERGY-17-Apr-2026.csv
2026-05-05 23:22:45 | INFO     | pipeline.parsers.mw | Index name: NIFTY ENERGY
2026-05-05 23:22:45 | INFO     | pipeline.parsers.mw | MarketWatchParser result: 40 constituents
2026-05-05 23:22:45 | INFO     | pipeline.parsers.mw | MarketWatchParser: MW-NIFTY-ENERGY-18-Mar-2026.csv
2026-05-05 23:22:45 | INFO     | pipeline.parsers.mw | Index name: NIFTY ENERGY
2026-05-05 23:22:45 | INFO     | pipeline.parsers.mw | MarketWatchParser result: 40 constituents
2026-05-05 23:22:45 | INFO     | pipeline.parsers.mw | MarketWatchParser: MW-NIFTY-ENERGY-19-Mar-2026.csv
2026-05-05 23:22:45 | INFO     | pipeline.parsers.mw | Index name: NIFTY ENERGY
2026-05-05 23:22:45 | INFO     | pipeline.parsers.mw | MarketWatchParser result: 40 constituents
2026-05-05 23:22:45 | INFO     | pipeline.parsers.mw | MarketWatchParser: MW-NIFTY-ENERGY-20-Mar-2026.csv
2026-05-05 23:22:45 | INFO     | pipeline.parsers.mw | Index name: NIFTY ENERGY
2026-05-05 23:22:45 | INFO     | pipeline.parsers.mw | MarketWatchParser result: 40 constituents
2026-05-05 23:22:45 | INFO     | pipeline.parsers.mw | MarketWatchParser: MW-NIFTY-ENERGY-22-Apr-2026 (1).csv
2026-05-05 23:22:45 | INFO     | pipeline.parsers.mw | Index name: NIFTY ENERGY 22 Apr 2026 (1)
2026-05-05 23:22:45 | INFO     | pipeline.parsers.mw | MarketWatchParser result: 40 constituents
2026-05-05 23:22:45 | INFO     | pipeline.parsers.mw | MarketWatchParser: MW-NIFTY-ENERGY-22-Apr-2026.csv
2026-05-05 23:22:45 | INFO     | pipeline.parsers.mw | Index name: NIFTY ENERGY
2026-05-05 23:22:45 | INFO     | pipeline.parsers.mw | MarketWatchParser result: 40 constituents
2026-05-05 23:22:45 | INFO     | pipeline.parsers.mw | MarketWatchParser: MW-NIFTY-ENERGY-23-Apr-2026.csv
2026-05-05 23:22:45 | INFO     | pipeline.parsers.mw | Index name: NIFTY ENERGY
2026-05-05 23:22:45 | INFO     | pipeline.parsers.mw | MarketWatchParser result: 40 constituents
2026-05-05 23:22:45 | INFO     | pipeline.parsers.mw | MarketWatchParser: MW-NIFTY-ENERGY-24-Apr-2026.csv
2026-05-05 23:22:45 | INFO     | pipeline.parsers.mw | Index name: NIFTY ENERGY
2026-05-05 23:22:45 | INFO     | pipeline.parsers.mw | MarketWatchParser result: 40 constituents
2026-05-05 23:22:45 | INFO     | pipeline.parsers.mw | MarketWatchParser: MW-NIFTY-ENERGY-24-Mar-2026.csv
2026-05-05 23:22:45 | INFO     | pipeline.parsers.mw | Index name: NIFTY ENERGY
2026-05-05 23:22:45 | INFO     | pipeline.parsers.mw | MarketWatchParser result: 40 constituents
2026-05-05 23:22:45 | INFO     | pipeline.parsers.mw | MarketWatchParser: MW-NIFTY-ENERGY-27-Apr-2026.csv
2026-05-05 23:22:45 | INFO     | pipeline.parsers.mw | Index name: NIFTY ENERGY
2026-05-05 23:22:45 | INFO     | pipeline.parsers.mw | MarketWatchParser result: 40 constituents
2026-05-05 23:22:45 | INFO     | pipeline.parsers.mw | MarketWatchParser: MW-NIFTY-ENERGY-27-Mar-2026.csv
2026-05-05 23:22:45 | INFO     | pipeline.parsers.mw | Index name: NIFTY ENERGY
2026-05-05 23:22:45 | INFO     | pipeline.parsers.mw | MarketWatchParser result: 40 constituents
2026-05-05 23:22:45 | INFO     | pipeline.parsers.mw | MarketWatchParser: MW-NIFTY-ENERGY-28-Apr-2026.csv
2026-05-05 23:22:45 | INFO     | pipeline.parsers.mw | Index name: NIFTY ENERGY
2026-05-05 23:22:45 | INFO     | pipeline.parsers.mw | MarketWatchParser result: 40 constituents
2026-05-05 23:22:45 | INFO     | pipeline.parsers.mw | MarketWatchParser: MW-NIFTY-ENERGY-29-Apr-2026.csv
2026-05-05 23:22:45 | INFO     | pipeline.parsers.mw | Index name: NIFTY ENERGY
2026-05-05 23:22:45 | INFO     | pipeline.parsers.mw | MarketWatchParser result: 40 constituents
2026-05-05 23:22:45 | INFO     | pipeline.parsers.mw | MarketWatchParser: MW-NIFTY-ENERGY-30-Mar-2026.csv
2026-05-05 23:22:45 | INFO     | pipeline.parsers.mw | Index name: NIFTY ENERGY
2026-05-05 23:22:45 | INFO     | pipeline.parsers.mw | MarketWatchParser result: 40 constituents
2026-05-05 23:22:46 | INFO     | pipeline.parsers.mw | MarketWatchParser: MW-NIFTY-EV-&-NEW-AGE-AUTOMOTIVE-03-Apr-2026.csv
2026-05-05 23:22:46 | INFO     | pipeline.parsers.mw | Index name: NIFTY EV & NEW AGE AUTOMOTIVE
2026-05-05 23:22:46 | INFO     | pipeline.parsers.mw | MarketWatchParser result: 38 constituents
2026-05-05 23:22:46 | INFO     | pipeline.parsers.mw | MarketWatchParser: MW-NIFTY-EV-&-NEW-AGE-AUTOMOTIVE-06-Apr-2026.csv
2026-05-05 23:22:46 | INFO     | pipeline.parsers.mw | Index name: NIFTY EV & NEW AGE AUTOMOTIVE
2026-05-05 23:22:46 | INFO     | pipeline.parsers.mw | MarketWatchParser result: 38 constituents
2026-05-05 23:22:46 | INFO     | pipeline.parsers.mw | MarketWatchParser: MW-NIFTY-EV-&-NEW-AGE-AUTOMOTIVE-07-Apr-2026.csv
2026-05-05 23:22:46 | INFO     | pipeline.parsers.mw | Index name: NIFTY EV & NEW AGE AUTOMOTIVE
2026-05-05 23:22:46 | INFO     | pipeline.parsers.mw | MarketWatchParser result: 38 constituents
2026-05-05 23:22:53 | INFO     | pipeline.parsers.mw | MarketWatchParser: MW-NIFTY-EV-&-NEW-AGE-AUTOMOTIVE-08-Apr-2026.csv
2026-05-05 23:22:53 | INFO     | pipeline.parsers.mw | Index name: NIFTY EV & NEW AGE AUTOMOTIVE
2026-05-05 23:22:53 | INFO     | pipeline.parsers.mw | MarketWatchParser result: 38 constituents
2026-05-05 23:22:53 | INFO     | pipeline.parsers.mw | MarketWatchParser: MW-NIFTY-EV-&-NEW-AGE-AUTOMOTIVE-09-Apr-2026.csv
2026-05-05 23:22:53 | INFO     | pipeline.parsers.mw | Index name: NIFTY EV & NEW AGE AUTOMOTIVE
2026-05-05 23:22:53 | INFO     | pipeline.parsers.mw | MarketWatchParser result: 38 constituents
2026-05-05 23:22:53 | INFO     | pipeline.parsers.mw | MarketWatchParser: MW-NIFTY-EV-&-NEW-AGE-AUTOMOTIVE-10-Apr-2026.csv
2026-05-05 23:22:53 | INFO     | pipeline.parsers.mw | Index name: NIFTY EV & NEW AGE AUTOMOTIVE
2026-05-05 23:22:53 | INFO     | pipeline.parsers.mw | MarketWatchParser result: 38 constituents
2026-05-05 23:22:53 | INFO     | pipeline.parsers.mw | MarketWatchParser: MW-NIFTY-EV-&-NEW-AGE-AUTOMOTIVE-13-Apr-2026.csv
2026-05-05 23:22:53 | INFO     | pipeline.parsers.mw | Index name: NIFTY EV & NEW AGE AUTOMOTIVE
2026-05-05 23:22:53 | INFO     | pipeline.parsers.mw | MarketWatchParser result: 38 constituents
2026-05-05 23:22:53 | INFO     | pipeline.parsers.mw | MarketWatchParser: MW-NIFTY-EV-&-NEW-AGE-AUTOMOTIVE-15-Apr-2026.csv
2026-05-05 23:22:53 | INFO     | pipeline.parsers.mw | Index name: NIFTY EV & NEW AGE AUTOMOTIVE
2026-05-05 23:22:53 | INFO     | pipeline.parsers.mw | MarketWatchParser result: 38 constituents
2026-05-05 23:22:53 | INFO     | pipeline.parsers.mw | MarketWatchParser: MW-NIFTY-EV-&-NEW-AGE-AUTOMOTIVE-16-Apr-2026.csv
2026-05-05 23:22:53 | INFO     | pipeline.parsers.mw | Index name: NIFTY EV & NEW AGE AUTOMOTIVE
2026-05-05 23:22:53 | INFO     | pipeline.parsers.mw | MarketWatchParser result: 38 constituents
2026-05-05 23:22:53 | INFO     | pipeline.parsers.mw | MarketWatchParser: MW-NIFTY-EV-&-NEW-AGE-AUTOMOTIVE-17-Apr-2026.csv
2026-05-05 23:22:53 | INFO     | pipeline.parsers.mw | Index name: NIFTY EV & NEW AGE AUTOMOTIVE
2026-05-05 23:22:53 | INFO     | pipeline.parsers.mw | MarketWatchParser result: 38 constituents
2026-05-05 23:22:53 | INFO     | pipeline.parsers.mw | MarketWatchParser: MW-NIFTY-EV-&-NEW-AGE-AUTOMOTIVE-18-Mar-2026.csv
2026-05-05 23:22:53 | INFO     | pipeline.parsers.mw | Index name: NIFTY EV & NEW AGE AUTOMOTIVE
2026-05-05 23:22:53 | INFO     | pipeline.parsers.mw | MarketWatchParser result: 35 constituents
2026-05-05 23:22:53 | INFO     | pipeline.parsers.mw | MarketWatchParser: MW-NIFTY-EV-&-NEW-AGE-AUTOMOTIVE-19-Mar-2026.csv
2026-05-05 23:22:53 | INFO     | pipeline.parsers.mw | Index name: NIFTY EV & NEW AGE AUTOMOTIVE
2026-05-05 23:22:53 | INFO     | pipeline.parsers.mw | MarketWatchParser result: 35 constituents
2026-05-05 23:22:53 | INFO     | pipeline.parsers.mw | MarketWatchParser: MW-NIFTY-EV-&-NEW-AGE-AUTOMOTIVE-20-Mar-2026.csv
2026-05-05 23:22:53 | INFO     | pipeline.parsers.mw | Index name: NIFTY EV & NEW AGE AUTOMOTIVE
2026-05-05 23:22:53 | INFO     | pipeline.parsers.mw | MarketWatchParser result: 35 constituents
2026-05-05 23:22:53 | INFO     | pipeline.parsers.mw | MarketWatchParser: MW-NIFTY-EV-&-NEW-AGE-AUTOMOTIVE-22-Apr-2026 (1).csv
2026-05-05 23:22:53 | INFO     | pipeline.parsers.mw | Index name: NIFTY EV & NEW AGE AUTOMOTIVE 22 Apr 2026 (1)
2026-05-05 23:22:53 | INFO     | pipeline.parsers.mw | MarketWatchParser result: 38 constituents
2026-05-05 23:22:53 | INFO     | pipeline.parsers.mw | MarketWatchParser: MW-NIFTY-EV-&-NEW-AGE-AUTOMOTIVE-22-Apr-2026.csv
2026-05-05 23:22:53 | INFO     | pipeline.parsers.mw | Index name: NIFTY EV & NEW AGE AUTOMOTIVE
2026-05-05 23:22:53 | INFO     | pipeline.parsers.mw | MarketWatchParser result: 38 constituents
2026-05-05 23:22:53 | INFO     | pipeline.parsers.mw | MarketWatchParser: MW-NIFTY-EV-&-NEW-AGE-AUTOMOTIVE-23-Apr-2026.csv
2026-05-05 23:22:53 | INFO     | pipeline.parsers.mw | Index name: NIFTY EV & NEW AGE AUTOMOTIVE
2026-05-05 23:22:53 | INFO     | pipeline.parsers.mw | MarketWatchParser result: 38 constituents
2026-05-05 23:22:54 | INFO     | pipeline.parsers.mw | MarketWatchParser: MW-NIFTY-EV-&-NEW-AGE-AUTOMOTIVE-24-Apr-2026.csv
2026-05-05 23:22:54 | INFO     | pipeline.parsers.mw | Index name: NIFTY EV & NEW AGE AUTOMOTIVE
2026-05-05 23:22:54 | INFO     | pipeline.parsers.mw | MarketWatchParser result: 38 constituents
2026-05-05 23:22:54 | INFO     | pipeline.parsers.mw | MarketWatchParser: MW-NIFTY-EV-&-NEW-AGE-AUTOMOTIVE-24-Mar-2026.csv
2026-05-05 23:22:54 | INFO     | pipeline.parsers.mw | Index name: NIFTY EV & NEW AGE AUTOMOTIVE
2026-05-05 23:22:54 | INFO     | pipeline.parsers.mw | MarketWatchParser result: 35 constituents
2026-05-05 23:22:54 | INFO     | pipeline.parsers.mw | MarketWatchParser: MW-NIFTY-EV-&-NEW-AGE-AUTOMOTIVE-27-Apr-2026 (1).csv
2026-05-05 23:22:54 | INFO     | pipeline.parsers.mw | Index name: NIFTY EV & NEW AGE AUTOMOTIVE 27 Apr 2026 (1)
2026-05-05 23:22:54 | INFO     | pipeline.parsers.mw | MarketWatchParser result: 38 constituents
2026-05-05 23:22:54 | INFO     | pipeline.parsers.mw | MarketWatchParser: MW-NIFTY-EV-&-NEW-AGE-AUTOMOTIVE-27-Apr-2026.csv
2026-05-05 23:22:54 | INFO     | pipeline.parsers.mw | Index name: NIFTY EV & NEW AGE AUTOMOTIVE
2026-05-05 23:22:54 | INFO     | pipeline.parsers.mw | MarketWatchParser result: 38 constituents
2026-05-05 23:22:54 | INFO     | pipeline.parsers.mw | MarketWatchParser: MW-NIFTY-EV-&-NEW-AGE-AUTOMOTIVE-27-Mar-2026.csv
2026-05-05 23:22:54 | INFO     | pipeline.parsers.mw | Index name: NIFTY EV & NEW AGE AUTOMOTIVE
2026-05-05 23:22:54 | INFO     | pipeline.parsers.mw | MarketWatchParser result: 35 constituents
2026-05-05 23:22:54 | INFO     | pipeline.parsers.mw | MarketWatchParser: MW-NIFTY-EV-&-NEW-AGE-AUTOMOTIVE-28-Apr-2026.csv
2026-05-05 23:22:54 | INFO     | pipeline.parsers.mw | Index name: NIFTY EV & NEW AGE AUTOMOTIVE
2026-05-05 23:22:54 | INFO     | pipeline.parsers.mw | MarketWatchParser result: 38 constituents
2026-05-05 23:22:54 | INFO     | pipeline.parsers.mw | MarketWatchParser: MW-NIFTY-EV-&-NEW-AGE-AUTOMOTIVE-29-Apr-2026.csv
2026-05-05 23:22:54 | INFO     | pipeline.parsers.mw | Index name: NIFTY EV & NEW AGE AUTOMOTIVE
2026-05-05 23:22:54 | INFO     | pipeline.parsers.mw | MarketWatchParser result: 38 constituents
2026-05-05 23:22:54 | INFO     | pipeline.parsers.mw | MarketWatchParser: MW-NIFTY-EV-&-NEW-AGE-AUTOMOTIVE-30-Mar-2026.csv
2026-05-05 23:22:54 | INFO     | pipeline.parsers.mw | Index name: NIFTY EV & NEW AGE AUTOMOTIVE
2026-05-05 23:22:54 | INFO     | pipeline.parsers.mw | MarketWatchParser result: 35 constituents
2026-05-05 23:22:54 | INFO     | pipeline.parsers.mw | MarketWatchParser: MW-NIFTY-HOUSING-03-Apr-2026.csv
2026-05-05 23:22:54 | INFO     | pipeline.parsers.mw | Index name: NIFTY HOUSING
2026-05-05 23:22:54 | INFO     | pipeline.parsers.mw | MarketWatchParser result: 50 constituents
2026-05-05 23:22:54 | INFO     | pipeline.parsers.mw | MarketWatchParser: MW-NIFTY-HOUSING-06-Apr-2026.csv
2026-05-05 23:22:54 | INFO     | pipeline.parsers.mw | Index name: NIFTY HOUSING
2026-05-05 23:22:54 | INFO     | pipeline.parsers.mw | MarketWatchParser result: 50 constituents
2026-05-05 23:22:54 | INFO     | pipeline.parsers.mw | MarketWatchParser: MW-NIFTY-HOUSING-07-Apr-2026.csv
2026-05-05 23:22:54 | INFO     | pipeline.parsers.mw | Index name: NIFTY HOUSING
2026-05-05 23:22:54 | INFO     | pipeline.parsers.mw | MarketWatchParser result: 50 constituents
2026-05-05 23:22:54 | INFO     | pipeline.parsers.mw | MarketWatchParser: MW-NIFTY-HOUSING-08-Apr-2026.csv
2026-05-05 23:22:54 | INFO     | pipeline.parsers.mw | Index name: NIFTY HOUSING
2026-05-05 23:22:54 | INFO     | pipeline.parsers.mw | MarketWatchParser result: 50 constituents
2026-05-05 23:22:54 | INFO     | pipeline.parsers.mw | MarketWatchParser: MW-NIFTY-HOUSING-09-Apr-2026.csv
2026-05-05 23:22:54 | INFO     | pipeline.parsers.mw | Index name: NIFTY HOUSING
2026-05-05 23:22:54 | INFO     | pipeline.parsers.mw | MarketWatchParser result: 50 constituents
2026-05-05 23:22:54 | INFO     | pipeline.parsers.mw | MarketWatchParser: MW-NIFTY-HOUSING-10-Apr-2026.csv
2026-05-05 23:22:54 | INFO     | pipeline.parsers.mw | Index name: NIFTY HOUSING
2026-05-05 23:22:54 | INFO     | pipeline.parsers.mw | MarketWatchParser result: 50 constituents
2026-05-05 23:22:54 | INFO     | pipeline.parsers.mw | MarketWatchParser: MW-NIFTY-HOUSING-14-Apr-2026.csv
2026-05-05 23:22:54 | INFO     | pipeline.parsers.mw | Index name: NIFTY HOUSING
2026-05-05 23:22:54 | INFO     | pipeline.parsers.mw | MarketWatchParser result: 50 constituents
2026-05-05 23:22:54 | INFO     | pipeline.parsers.mw | MarketWatchParser: MW-NIFTY-HOUSING-15-Apr-2026.csv
2026-05-05 23:22:54 | INFO     | pipeline.parsers.mw | Index name: NIFTY HOUSING
2026-05-05 23:22:54 | INFO     | pipeline.parsers.mw | MarketWatchParser result: 50 constituents
2026-05-05 23:22:54 | INFO     | pipeline.parsers.mw | MarketWatchParser: MW-NIFTY-HOUSING-16-Apr-2026.csv
2026-05-05 23:22:54 | INFO     | pipeline.parsers.mw | Index name: NIFTY HOUSING
2026-05-05 23:22:54 | INFO     | pipeline.parsers.mw | MarketWatchParser result: 50 constituents
2026-05-05 23:22:54 | INFO     | pipeline.parsers.mw | MarketWatchParser: MW-NIFTY-HOUSING-17-Apr-2026.csv
2026-05-05 23:22:54 | INFO     | pipeline.parsers.mw | Index name: NIFTY HOUSING
2026-05-05 23:22:54 | INFO     | pipeline.parsers.mw | MarketWatchParser result: 50 constituents
2026-05-05 23:22:55 | INFO     | pipeline.parsers.mw | MarketWatchParser: MW-NIFTY-HOUSING-22-Apr-2026 (1).csv
2026-05-05 23:22:55 | INFO     | pipeline.parsers.mw | Index name: NIFTY HOUSING 22 Apr 2026 (1)
2026-05-05 23:22:55 | INFO     | pipeline.parsers.mw | MarketWatchParser result: 50 constituents
2026-05-05 23:22:55 | INFO     | pipeline.parsers.mw | MarketWatchParser: MW-NIFTY-HOUSING-22-Apr-2026.csv
2026-05-05 23:22:55 | INFO     | pipeline.parsers.mw | Index name: NIFTY HOUSING
2026-05-05 23:22:55 | INFO     | pipeline.parsers.mw | MarketWatchParser result: 50 constituents
2026-05-05 23:22:55 | INFO     | pipeline.parsers.mw | MarketWatchParser: MW-NIFTY-HOUSING-23-Apr-2026.csv
2026-05-05 23:22:55 | INFO     | pipeline.parsers.mw | Index name: NIFTY HOUSING
2026-05-05 23:22:55 | INFO     | pipeline.parsers.mw | MarketWatchParser result: 50 constituents
2026-05-05 23:22:55 | INFO     | pipeline.parsers.mw | MarketWatchParser: MW-NIFTY-HOUSING-24-Apr-2026.csv
2026-05-05 23:22:55 | INFO     | pipeline.parsers.mw | Index name: NIFTY HOUSING
2026-05-05 23:22:55 | INFO     | pipeline.parsers.mw | MarketWatchParser result: 50 constituents
2026-05-05 23:22:55 | INFO     | pipeline.parsers.mw | MarketWatchParser: MW-NIFTY-HOUSING-24-Mar-2026.csv
2026-05-05 23:22:55 | INFO     | pipeline.parsers.mw | Index name: NIFTY HOUSING
2026-05-05 23:22:55 | INFO     | pipeline.parsers.mw | MarketWatchParser result: 50 constituents
2026-05-05 23:22:55 | INFO     | pipeline.parsers.mw | MarketWatchParser: MW-NIFTY-HOUSING-27-Apr-2026.csv
2026-05-05 23:22:55 | INFO     | pipeline.parsers.mw | Index name: NIFTY HOUSING
2026-05-05 23:22:55 | INFO     | pipeline.parsers.mw | MarketWatchParser result: 50 constituents
2026-05-05 23:22:55 | INFO     | pipeline.parsers.mw | MarketWatchParser: MW-NIFTY-HOUSING-27-Mar-2026.csv
2026-05-05 23:22:55 | INFO     | pipeline.parsers.mw | Index name: NIFTY HOUSING
2026-05-05 23:22:55 | INFO     | pipeline.parsers.mw | MarketWatchParser result: 50 constituents
2026-05-05 23:22:55 | INFO     | pipeline.parsers.mw | MarketWatchParser: MW-NIFTY-HOUSING-28-Apr-2026.csv
2026-05-05 23:22:55 | INFO     | pipeline.parsers.mw | Index name: NIFTY HOUSING
2026-05-05 23:22:55 | INFO     | pipeline.parsers.mw | MarketWatchParser result: 50 constituents
2026-05-05 23:22:55 | INFO     | pipeline.parsers.mw | MarketWatchParser: MW-NIFTY-HOUSING-29-Apr-2026.csv
2026-05-05 23:22:55 | INFO     | pipeline.parsers.mw | Index name: NIFTY HOUSING
2026-05-05 23:22:55 | INFO     | pipeline.parsers.mw | MarketWatchParser result: 50 constituents
2026-05-05 23:22:55 | INFO     | pipeline.parsers.mw | MarketWatchParser: MW-NIFTY-HOUSING-30-Mar-2026.csv
2026-05-05 23:22:55 | INFO     | pipeline.parsers.mw | Index name: NIFTY HOUSING
2026-05-05 23:22:55 | INFO     | pipeline.parsers.mw | MarketWatchParser result: 50 constituents
2026-05-05 23:22:55 | INFO     | pipeline.parsers.mw | MarketWatchParser: MW-NIFTY-INDIA-CONSUMPTION-03-Apr-2026.csv
2026-05-05 23:22:55 | INFO     | pipeline.parsers.mw | Index name: NIFTY INDIA CONSUMPTION
2026-05-05 23:22:55 | INFO     | pipeline.parsers.mw | MarketWatchParser result: 30 constituents
2026-05-05 23:22:55 | INFO     | pipeline.parsers.mw | MarketWatchParser: MW-NIFTY-INDIA-CONSUMPTION-06-Apr-2026.csv
2026-05-05 23:22:55 | INFO     | pipeline.parsers.mw | Index name: NIFTY INDIA CONSUMPTION
2026-05-05 23:22:55 | INFO     | pipeline.parsers.mw | MarketWatchParser result: 30 constituents
2026-05-05 23:22:55 | INFO     | pipeline.parsers.mw | MarketWatchParser: MW-NIFTY-INDIA-CONSUMPTION-07-Apr-2026.csv
2026-05-05 23:22:55 | INFO     | pipeline.parsers.mw | Index name: NIFTY INDIA CONSUMPTION
2026-05-05 23:22:55 | INFO     | pipeline.parsers.mw | MarketWatchParser result: 30 constituents
2026-05-05 23:22:55 | INFO     | pipeline.parsers.mw | MarketWatchParser: MW-NIFTY-INDIA-CONSUMPTION-08-Apr-2026.csv
2026-05-05 23:22:55 | INFO     | pipeline.parsers.mw | Index name: NIFTY INDIA CONSUMPTION
2026-05-05 23:22:55 | INFO     | pipeline.parsers.mw | MarketWatchParser result: 30 constituents
2026-05-05 23:22:55 | INFO     | pipeline.parsers.mw | MarketWatchParser: MW-NIFTY-INDIA-CONSUMPTION-09-Apr-2026.csv
2026-05-05 23:22:55 | INFO     | pipeline.parsers.mw | Index name: NIFTY INDIA CONSUMPTION
2026-05-05 23:22:55 | INFO     | pipeline.parsers.mw | MarketWatchParser result: 30 constituents
2026-05-05 23:22:55 | INFO     | pipeline.parsers.mw | MarketWatchParser: MW-NIFTY-INDIA-CONSUMPTION-10-Apr-2026.csv
2026-05-05 23:22:55 | INFO     | pipeline.parsers.mw | Index name: NIFTY INDIA CONSUMPTION
2026-05-05 23:22:55 | INFO     | pipeline.parsers.mw | MarketWatchParser result: 30 constituents
2026-05-05 23:22:55 | INFO     | pipeline.parsers.mw | MarketWatchParser: MW-NIFTY-INDIA-CONSUMPTION-14-Apr-2026.csv
2026-05-05 23:22:55 | INFO     | pipeline.parsers.mw | Index name: NIFTY INDIA CONSUMPTION
2026-05-05 23:22:55 | INFO     | pipeline.parsers.mw | MarketWatchParser result: 30 constituents
2026-05-05 23:22:55 | INFO     | pipeline.parsers.mw | MarketWatchParser: MW-NIFTY-INDIA-CONSUMPTION-15-Apr-2026.csv
2026-05-05 23:22:55 | INFO     | pipeline.parsers.mw | Index name: NIFTY INDIA CONSUMPTION
2026-05-05 23:22:55 | INFO     | pipeline.parsers.mw | MarketWatchParser result: 30 constituents
2026-05-05 23:22:56 | INFO     | pipeline.parsers.mw | MarketWatchParser: MW-NIFTY-INDIA-CONSUMPTION-16-Apr-2026.csv
2026-05-05 23:22:56 | INFO     | pipeline.parsers.mw | Index name: NIFTY INDIA CONSUMPTION
2026-05-05 23:22:56 | INFO     | pipeline.parsers.mw | MarketWatchParser result: 30 constituents
2026-05-05 23:22:56 | INFO     | pipeline.parsers.mw | MarketWatchParser: MW-NIFTY-INDIA-CONSUMPTION-17-Apr-2026.csv
2026-05-05 23:22:56 | INFO     | pipeline.parsers.mw | Index name: NIFTY INDIA CONSUMPTION
2026-05-05 23:22:56 | INFO     | pipeline.parsers.mw | MarketWatchParser result: 30 constituents
2026-05-05 23:22:56 | INFO     | pipeline.parsers.mw | MarketWatchParser: MW-NIFTY-INDIA-CONSUMPTION-21-Apr-2026.csv
2026-05-05 23:22:56 | INFO     | pipeline.parsers.mw | Index name: NIFTY INDIA CONSUMPTION
2026-05-05 23:22:56 | INFO     | pipeline.parsers.mw | MarketWatchParser result: 30 constituents
2026-05-05 23:22:56 | INFO     | pipeline.parsers.mw | MarketWatchParser: MW-NIFTY-INDIA-CONSUMPTION-22-Apr-2026 (1).csv
2026-05-05 23:22:56 | INFO     | pipeline.parsers.mw | Index name: NIFTY INDIA CONSUMPTION 22 Apr 2026 (1)
2026-05-05 23:22:56 | INFO     | pipeline.parsers.mw | MarketWatchParser result: 30 constituents
2026-05-05 23:22:56 | INFO     | pipeline.parsers.mw | MarketWatchParser: MW-NIFTY-INDIA-CONSUMPTION-22-Apr-2026.csv
2026-05-05 23:22:56 | INFO     | pipeline.parsers.mw | Index name: NIFTY INDIA CONSUMPTION
2026-05-05 23:22:56 | INFO     | pipeline.parsers.mw | MarketWatchParser result: 30 constituents
2026-05-05 23:22:56 | INFO     | pipeline.parsers.mw | MarketWatchParser: MW-NIFTY-INDIA-CONSUMPTION-23-Apr-2026.csv
2026-05-05 23:22:56 | INFO     | pipeline.parsers.mw | Index name: NIFTY INDIA CONSUMPTION
2026-05-05 23:22:56 | INFO     | pipeline.parsers.mw | MarketWatchParser result: 30 constituents
2026-05-05 23:22:56 | INFO     | pipeline.parsers.mw | MarketWatchParser: MW-NIFTY-INDIA-CONSUMPTION-23-Mar-2026.csv
2026-05-05 23:22:56 | INFO     | pipeline.parsers.mw | Index name: NIFTY INDIA CONSUMPTION
2026-05-05 23:22:56 | INFO     | pipeline.parsers.mw | MarketWatchParser result: 30 constituents
2026-05-05 23:22:56 | INFO     | pipeline.parsers.mw | MarketWatchParser: MW-NIFTY-INDIA-CONSUMPTION-24-Apr-2026.csv
2026-05-05 23:22:56 | INFO     | pipeline.parsers.mw | Index name: NIFTY INDIA CONSUMPTION
2026-05-05 23:22:56 | INFO     | pipeline.parsers.mw | MarketWatchParser result: 30 constituents
2026-05-05 23:22:56 | INFO     | pipeline.parsers.mw | MarketWatchParser: MW-NIFTY-INDIA-CONSUMPTION-24-Mar-2026.csv
2026-05-05 23:22:56 | INFO     | pipeline.parsers.mw | Index name: NIFTY INDIA CONSUMPTION
2026-05-05 23:22:56 | INFO     | pipeline.parsers.mw | MarketWatchParser result: 30 constituents
2026-05-05 23:22:56 | INFO     | pipeline.parsers.mw | MarketWatchParser: MW-NIFTY-INDIA-CONSUMPTION-27-Apr-2026.csv
2026-05-05 23:22:56 | INFO     | pipeline.parsers.mw | Index name: NIFTY INDIA CONSUMPTION
2026-05-05 23:22:56 | INFO     | pipeline.parsers.mw | MarketWatchParser result: 30 constituents
2026-05-05 23:22:56 | INFO     | pipeline.parsers.mw | MarketWatchParser: MW-NIFTY-INDIA-CONSUMPTION-27-Mar-2026.csv
2026-05-05 23:22:56 | INFO     | pipeline.parsers.mw | Index name: NIFTY INDIA CONSUMPTION
2026-05-05 23:22:56 | INFO     | pipeline.parsers.mw | MarketWatchParser result: 30 constituents
2026-05-05 23:22:56 | INFO     | pipeline.parsers.mw | MarketWatchParser: MW-NIFTY-INDIA-CONSUMPTION-28-Apr-2026.csv
2026-05-05 23:22:56 | INFO     | pipeline.parsers.mw | Index name: NIFTY INDIA CONSUMPTION
2026-05-05 23:22:56 | INFO     | pipeline.parsers.mw | MarketWatchParser result: 30 constituents
2026-05-05 23:22:56 | INFO     | pipeline.parsers.mw | MarketWatchParser: MW-NIFTY-INDIA-CONSUMPTION-29-Apr-2026.csv
2026-05-05 23:22:56 | INFO     | pipeline.parsers.mw | Index name: NIFTY INDIA CONSUMPTION
2026-05-05 23:22:56 | INFO     | pipeline.parsers.mw | MarketWatchParser result: 30 constituents
2026-05-05 23:22:56 | INFO     | pipeline.parsers.mw | MarketWatchParser: MW-NIFTY-INDIA-CONSUMPTION-30-Mar-2026.csv
2026-05-05 23:22:56 | INFO     | pipeline.parsers.mw | Index name: NIFTY INDIA CONSUMPTION
2026-05-05 23:22:56 | INFO     | pipeline.parsers.mw | MarketWatchParser result: 30 constituents
2026-05-05 23:22:56 | INFO     | pipeline.parsers.mw | MarketWatchParser: MW-NIFTY-INDIA-DEFENCE-03-Apr-2026.csv
2026-05-05 23:22:56 | INFO     | pipeline.parsers.mw | Index name: NIFTY INDIA DEFENCE
2026-05-05 23:22:56 | INFO     | pipeline.parsers.mw | MarketWatchParser result: 19 constituents
2026-05-05 23:22:56 | INFO     | pipeline.parsers.mw | MarketWatchParser: MW-NIFTY-INDIA-DEFENCE-06-Apr-2026.csv
2026-05-05 23:22:56 | INFO     | pipeline.parsers.mw | Index name: NIFTY INDIA DEFENCE
2026-05-05 23:22:56 | INFO     | pipeline.parsers.mw | MarketWatchParser result: 19 constituents
2026-05-05 23:22:56 | INFO     | pipeline.parsers.mw | MarketWatchParser: MW-NIFTY-INDIA-DEFENCE-07-Apr-2026.csv
2026-05-05 23:22:56 | INFO     | pipeline.parsers.mw | Index name: NIFTY INDIA DEFENCE
2026-05-05 23:22:57 | INFO     | pipeline.parsers.mw | MarketWatchParser result: 19 constituents
2026-05-05 23:22:57 | INFO     | pipeline.parsers.mw | MarketWatchParser: MW-NIFTY-INDIA-DEFENCE-08-Apr-2026.csv
2026-05-05 23:22:57 | INFO     | pipeline.parsers.mw | Index name: NIFTY INDIA DEFENCE
2026-05-05 23:22:57 | INFO     | pipeline.parsers.mw | MarketWatchParser result: 19 constituents
2026-05-05 23:22:57 | INFO     | pipeline.parsers.mw | MarketWatchParser: MW-NIFTY-INDIA-DEFENCE-09-Apr-2026.csv
2026-05-05 23:22:57 | INFO     | pipeline.parsers.mw | Index name: NIFTY INDIA DEFENCE
2026-05-05 23:22:57 | INFO     | pipeline.parsers.mw | MarketWatchParser result: 19 constituents
2026-05-05 23:22:57 | INFO     | pipeline.parsers.mw | MarketWatchParser: MW-NIFTY-INDIA-DEFENCE-10-Apr-2026.csv
2026-05-05 23:22:57 | INFO     | pipeline.parsers.mw | Index name: NIFTY INDIA DEFENCE
2026-05-05 23:22:57 | INFO     | pipeline.parsers.mw | MarketWatchParser result: 19 constituents
2026-05-05 23:22:57 | INFO     | pipeline.parsers.mw | MarketWatchParser: MW-NIFTY-INDIA-DEFENCE-13-Apr-2026.csv
2026-05-05 23:22:57 | INFO     | pipeline.parsers.mw | Index name: NIFTY INDIA DEFENCE
2026-05-05 23:22:57 | INFO     | pipeline.parsers.mw | MarketWatchParser result: 19 constituents
2026-05-05 23:22:57 | INFO     | pipeline.parsers.mw | MarketWatchParser: MW-NIFTY-INDIA-DEFENCE-15-Apr-2026.csv
2026-05-05 23:22:57 | INFO     | pipeline.parsers.mw | Index name: NIFTY INDIA DEFENCE
2026-05-05 23:22:57 | INFO     | pipeline.parsers.mw | MarketWatchParser result: 19 constituents
2026-05-05 23:22:57 | INFO     | pipeline.parsers.mw | MarketWatchParser: MW-NIFTY-INDIA-DEFENCE-16-Apr-2026.csv
2026-05-05 23:22:57 | INFO     | pipeline.parsers.mw | Index name: NIFTY INDIA DEFENCE
2026-05-05 23:22:57 | INFO     | pipeline.parsers.mw | MarketWatchParser result: 19 constituents
2026-05-05 23:22:57 | INFO     | pipeline.parsers.mw | MarketWatchParser: MW-NIFTY-INDIA-DEFENCE-17-Apr-2026.csv
2026-05-05 23:22:57 | INFO     | pipeline.parsers.mw | Index name: NIFTY INDIA DEFENCE
2026-05-05 23:22:57 | INFO     | pipeline.parsers.mw | MarketWatchParser result: 19 constituents
2026-05-05 23:22:57 | INFO     | pipeline.parsers.mw | MarketWatchParser: MW-NIFTY-INDIA-DEFENCE-18-Mar-2026.csv
2026-05-05 23:22:57 | INFO     | pipeline.parsers.mw | Index name: NIFTY INDIA DEFENCE
2026-05-05 23:22:57 | INFO     | pipeline.parsers.mw | MarketWatchParser result: 18 constituents
2026-05-05 23:22:57 | INFO     | pipeline.parsers.mw | MarketWatchParser: MW-NIFTY-INDIA-DEFENCE-19-Mar-2026.csv
2026-05-05 23:22:57 | INFO     | pipeline.parsers.mw | Index name: NIFTY INDIA DEFENCE
2026-05-05 23:22:57 | INFO     | pipeline.parsers.mw | MarketWatchParser result: 18 constituents
2026-05-05 23:22:57 | INFO     | pipeline.parsers.mw | MarketWatchParser: MW-NIFTY-INDIA-DEFENCE-20-Mar-2026.csv
2026-05-05 23:22:57 | INFO     | pipeline.parsers.mw | Index name: NIFTY INDIA DEFENCE
2026-05-05 23:22:57 | INFO     | pipeline.parsers.mw | MarketWatchParser result: 18 constituents
2026-05-05 23:23:04 | INFO     | pipeline.parsers.mw | MarketWatchParser: MW-NIFTY-INDIA-DEFENCE-22-Apr-2026 (1).csv
2026-05-05 23:23:04 | INFO     | pipeline.parsers.mw | Index name: NIFTY INDIA DEFENCE 22 Apr 2026 (1)
2026-05-05 23:23:04 | INFO     | pipeline.parsers.mw | MarketWatchParser result: 19 constituents
2026-05-05 23:23:04 | INFO     | pipeline.parsers.mw | MarketWatchParser: MW-NIFTY-INDIA-DEFENCE-22-Apr-2026.csv
2026-05-05 23:23:04 | INFO     | pipeline.parsers.mw | Index name: NIFTY INDIA DEFENCE
2026-05-05 23:23:04 | INFO     | pipeline.parsers.mw | MarketWatchParser result: 19 constituents
2026-05-05 23:23:04 | INFO     | pipeline.parsers.mw | MarketWatchParser: MW-NIFTY-INDIA-DEFENCE-23-Apr-2026.csv
2026-05-05 23:23:04 | INFO     | pipeline.parsers.mw | Index name: NIFTY INDIA DEFENCE
2026-05-05 23:23:04 | INFO     | pipeline.parsers.mw | MarketWatchParser result: 19 constituents
2026-05-05 23:23:04 | INFO     | pipeline.parsers.mw | MarketWatchParser: MW-NIFTY-INDIA-DEFENCE-24-Apr-2026.csv
2026-05-05 23:23:04 | INFO     | pipeline.parsers.mw | Index name: NIFTY INDIA DEFENCE
2026-05-05 23:23:04 | INFO     | pipeline.parsers.mw | MarketWatchParser result: 19 constituents
2026-05-05 23:23:04 | INFO     | pipeline.parsers.mw | MarketWatchParser: MW-NIFTY-INDIA-DEFENCE-24-Mar-2026.csv
2026-05-05 23:23:04 | INFO     | pipeline.parsers.mw | Index name: NIFTY INDIA DEFENCE
2026-05-05 23:23:04 | INFO     | pipeline.parsers.mw | MarketWatchParser result: 18 constituents
2026-05-05 23:23:04 | INFO     | pipeline.parsers.mw | MarketWatchParser: MW-NIFTY-INDIA-DEFENCE-27-Apr-2026.csv
2026-05-05 23:23:04 | INFO     | pipeline.parsers.mw | Index name: NIFTY INDIA DEFENCE
2026-05-05 23:23:04 | INFO     | pipeline.parsers.mw | MarketWatchParser result: 19 constituents
2026-05-05 23:23:04 | INFO     | pipeline.parsers.mw | MarketWatchParser: MW-NIFTY-INDIA-DEFENCE-27-Mar-2026.csv
2026-05-05 23:23:04 | INFO     | pipeline.parsers.mw | Index name: NIFTY INDIA DEFENCE
2026-05-05 23:23:04 | INFO     | pipeline.parsers.mw | MarketWatchParser result: 18 constituents
2026-05-05 23:23:04 | INFO     | pipeline.parsers.mw | MarketWatchParser: MW-NIFTY-INDIA-DEFENCE-28-Apr-2026 (1).csv
2026-05-05 23:23:04 | INFO     | pipeline.parsers.mw | Index name: NIFTY INDIA DEFENCE 28 Apr 2026 (1)
2026-05-05 23:23:04 | INFO     | pipeline.parsers.mw | MarketWatchParser result: 19 constituents
2026-05-05 23:23:04 | INFO     | pipeline.parsers.mw | MarketWatchParser: MW-NIFTY-INDIA-DEFENCE-28-Apr-2026.csv
2026-05-05 23:23:04 | INFO     | pipeline.parsers.mw | Index name: NIFTY INDIA DEFENCE
2026-05-05 23:23:04 | INFO     | pipeline.parsers.mw | MarketWatchParser result: 19 constituents
2026-05-05 23:23:04 | INFO     | pipeline.parsers.mw | MarketWatchParser: MW-NIFTY-INDIA-DEFENCE-29-Apr-2026.csv
2026-05-05 23:23:04 | INFO     | pipeline.parsers.mw | Index name: NIFTY INDIA DEFENCE
2026-05-05 23:23:04 | INFO     | pipeline.parsers.mw | MarketWatchParser result: 19 constituents
2026-05-05 23:23:04 | INFO     | pipeline.parsers.mw | MarketWatchParser: MW-NIFTY-INDIA-DEFENCE-30-Mar-2026.csv
2026-05-05 23:23:04 | INFO     | pipeline.parsers.mw | Index name: NIFTY INDIA DEFENCE
2026-05-05 23:23:04 | INFO     | pipeline.parsers.mw | MarketWatchParser result: 18 constituents
2026-05-05 23:23:04 | INFO     | pipeline.parsers.mw | MarketWatchParser: MW-NIFTY-INDIA-DIGITAL-03-Apr-2026.csv
2026-05-05 23:23:04 | INFO     | pipeline.parsers.mw | Index name: NIFTY INDIA DIGITAL
2026-05-05 23:23:04 | INFO     | pipeline.parsers.mw | MarketWatchParser result: 51 constituents
2026-05-05 23:23:04 | INFO     | pipeline.parsers.mw | MarketWatchParser: MW-NIFTY-INDIA-DIGITAL-06-Apr-2026.csv
2026-05-05 23:23:04 | INFO     | pipeline.parsers.mw | Index name: NIFTY INDIA DIGITAL
2026-05-05 23:23:04 | INFO     | pipeline.parsers.mw | MarketWatchParser result: 51 constituents
2026-05-05 23:23:04 | INFO     | pipeline.parsers.mw | MarketWatchParser: MW-NIFTY-INDIA-DIGITAL-07-Apr-2026.csv
2026-05-05 23:23:04 | INFO     | pipeline.parsers.mw | Index name: NIFTY INDIA DIGITAL
2026-05-05 23:23:04 | INFO     | pipeline.parsers.mw | MarketWatchParser result: 51 constituents
2026-05-05 23:23:04 | INFO     | pipeline.parsers.mw | MarketWatchParser: MW-NIFTY-INDIA-DIGITAL-08-Apr-2026.csv
2026-05-05 23:23:04 | INFO     | pipeline.parsers.mw | Index name: NIFTY INDIA DIGITAL
2026-05-05 23:23:04 | INFO     | pipeline.parsers.mw | MarketWatchParser result: 51 constituents
2026-05-05 23:23:04 | INFO     | pipeline.parsers.mw | MarketWatchParser: MW-NIFTY-INDIA-DIGITAL-09-Apr-2026.csv
2026-05-05 23:23:04 | INFO     | pipeline.parsers.mw | Index name: NIFTY INDIA DIGITAL
2026-05-05 23:23:04 | INFO     | pipeline.parsers.mw | MarketWatchParser result: 51 constituents
2026-05-05 23:23:04 | INFO     | pipeline.parsers.mw | MarketWatchParser: MW-NIFTY-INDIA-DIGITAL-10-Apr-2026.csv
2026-05-05 23:23:04 | INFO     | pipeline.parsers.mw | Index name: NIFTY INDIA DIGITAL
2026-05-05 23:23:04 | INFO     | pipeline.parsers.mw | MarketWatchParser result: 51 constituents
2026-05-05 23:23:04 | INFO     | pipeline.parsers.mw | MarketWatchParser: MW-NIFTY-INDIA-DIGITAL-14-Apr-2026.csv
2026-05-05 23:23:04 | INFO     | pipeline.parsers.mw | Index name: NIFTY INDIA DIGITAL
2026-05-05 23:23:04 | INFO     | pipeline.parsers.mw | MarketWatchParser result: 51 constituents
2026-05-05 23:23:04 | INFO     | pipeline.parsers.mw | MarketWatchParser: MW-NIFTY-INDIA-DIGITAL-15-Apr-2026.csv
2026-05-05 23:23:04 | INFO     | pipeline.parsers.mw | Index name: NIFTY INDIA DIGITAL
2026-05-05 23:23:04 | INFO     | pipeline.parsers.mw | MarketWatchParser result: 51 constituents
2026-05-05 23:23:04 | INFO     | pipeline.parsers.mw | MarketWatchParser: MW-NIFTY-INDIA-DIGITAL-16-Apr-2026.csv
2026-05-05 23:23:04 | INFO     | pipeline.parsers.mw | Index name: NIFTY INDIA DIGITAL
2026-05-05 23:23:04 | INFO     | pipeline.parsers.mw | MarketWatchParser result: 51 constituents
2026-05-05 23:23:05 | INFO     | pipeline.parsers.mw | MarketWatchParser: MW-NIFTY-INDIA-DIGITAL-17-Apr-2026.csv
2026-05-05 23:23:05 | INFO     | pipeline.parsers.mw | Index name: NIFTY INDIA DIGITAL
2026-05-05 23:23:05 | INFO     | pipeline.parsers.mw | MarketWatchParser result: 51 constituents
2026-05-05 23:23:05 | INFO     | pipeline.parsers.mw | MarketWatchParser: MW-NIFTY-INDIA-DIGITAL-22-Apr-2026 (1).csv
2026-05-05 23:23:05 | INFO     | pipeline.parsers.mw | Index name: NIFTY INDIA DIGITAL 22 Apr 2026 (1)
2026-05-05 23:23:05 | INFO     | pipeline.parsers.mw | MarketWatchParser result: 51 constituents
2026-05-05 23:23:05 | INFO     | pipeline.parsers.mw | MarketWatchParser: MW-NIFTY-INDIA-DIGITAL-22-Apr-2026.csv
2026-05-05 23:23:05 | INFO     | pipeline.parsers.mw | Index name: NIFTY INDIA DIGITAL
2026-05-05 23:23:05 | INFO     | pipeline.parsers.mw | MarketWatchParser result: 51 constituents
2026-05-05 23:23:05 | INFO     | pipeline.parsers.mw | MarketWatchParser: MW-NIFTY-INDIA-DIGITAL-23-Apr-2026.csv
2026-05-05 23:23:05 | INFO     | pipeline.parsers.mw | Index name: NIFTY INDIA DIGITAL
2026-05-05 23:23:05 | INFO     | pipeline.parsers.mw | MarketWatchParser result: 51 constituents
2026-05-05 23:23:05 | INFO     | pipeline.parsers.mw | MarketWatchParser: MW-NIFTY-INDIA-DIGITAL-24-Apr-2026.csv
2026-05-05 23:23:05 | INFO     | pipeline.parsers.mw | Index name: NIFTY INDIA DIGITAL
2026-05-05 23:23:05 | INFO     | pipeline.parsers.mw | MarketWatchParser result: 51 constituents
2026-05-05 23:23:05 | INFO     | pipeline.parsers.mw | MarketWatchParser: MW-NIFTY-INDIA-DIGITAL-24-Mar-2026.csv
2026-05-05 23:23:05 | INFO     | pipeline.parsers.mw | Index name: NIFTY INDIA DIGITAL
2026-05-05 23:23:05 | INFO     | pipeline.parsers.mw | MarketWatchParser result: 30 constituents
2026-05-05 23:23:05 | INFO     | pipeline.parsers.mw | MarketWatchParser: MW-NIFTY-INDIA-DIGITAL-27-Apr-2026.csv
2026-05-05 23:23:05 | INFO     | pipeline.parsers.mw | Index name: NIFTY INDIA DIGITAL
2026-05-05 23:23:05 | INFO     | pipeline.parsers.mw | MarketWatchParser result: 51 constituents
2026-05-05 23:23:05 | INFO     | pipeline.parsers.mw | MarketWatchParser: MW-NIFTY-INDIA-DIGITAL-27-Mar-2026.csv
2026-05-05 23:23:05 | INFO     | pipeline.parsers.mw | Index name: NIFTY INDIA DIGITAL
2026-05-05 23:23:05 | INFO     | pipeline.parsers.mw | MarketWatchParser result: 30 constituents
2026-05-05 23:23:05 | INFO     | pipeline.parsers.mw | MarketWatchParser: MW-NIFTY-INDIA-DIGITAL-28-Apr-2026.csv
2026-05-05 23:23:05 | INFO     | pipeline.parsers.mw | Index name: NIFTY INDIA DIGITAL
2026-05-05 23:23:05 | INFO     | pipeline.parsers.mw | MarketWatchParser result: 51 constituents
2026-05-05 23:23:05 | INFO     | pipeline.parsers.mw | MarketWatchParser: MW-NIFTY-INDIA-DIGITAL-29-Apr-2026.csv
2026-05-05 23:23:05 | INFO     | pipeline.parsers.mw | Index name: NIFTY INDIA DIGITAL
2026-05-05 23:23:05 | INFO     | pipeline.parsers.mw | MarketWatchParser result: 51 constituents
2026-05-05 23:23:05 | INFO     | pipeline.parsers.mw | MarketWatchParser: MW-NIFTY-INDIA-DIGITAL-30-Mar-2026.csv
2026-05-05 23:23:05 | INFO     | pipeline.parsers.mw | Index name: NIFTY INDIA DIGITAL
2026-05-05 23:23:05 | INFO     | pipeline.parsers.mw | MarketWatchParser result: 30 constituents
2026-05-05 23:23:05 | INFO     | pipeline.parsers.mw | MarketWatchParser: MW-NIFTY-INDIA-INTERNET-03-Apr-2026.csv
2026-05-05 23:23:05 | INFO     | pipeline.parsers.mw | Index name: NIFTY INDIA INTERNET
2026-05-05 23:23:05 | INFO     | pipeline.parsers.mw | MarketWatchParser result: 27 constituents
2026-05-05 23:23:05 | INFO     | pipeline.parsers.mw | MarketWatchParser: MW-NIFTY-INDIA-INTERNET-06-Apr-2026.csv
2026-05-05 23:23:05 | INFO     | pipeline.parsers.mw | Index name: NIFTY INDIA INTERNET
2026-05-05 23:23:05 | INFO     | pipeline.parsers.mw | MarketWatchParser result: 27 constituents
2026-05-05 23:23:05 | INFO     | pipeline.parsers.mw | MarketWatchParser: MW-NIFTY-INDIA-INTERNET-07-Apr-2026.csv
2026-05-05 23:23:05 | INFO     | pipeline.parsers.mw | Index name: NIFTY INDIA INTERNET
2026-05-05 23:23:05 | INFO     | pipeline.parsers.mw | MarketWatchParser result: 27 constituents
2026-05-05 23:23:05 | INFO     | pipeline.parsers.mw | MarketWatchParser: MW-NIFTY-INDIA-INTERNET-08-Apr-2026.csv
2026-05-05 23:23:05 | INFO     | pipeline.parsers.mw | Index name: NIFTY INDIA INTERNET
2026-05-05 23:23:05 | INFO     | pipeline.parsers.mw | MarketWatchParser result: 27 constituents
2026-05-05 23:23:06 | INFO     | pipeline.parsers.mw | MarketWatchParser: MW-NIFTY-INDIA-INTERNET-09-Apr-2026.csv
2026-05-05 23:23:06 | INFO     | pipeline.parsers.mw | Index name: NIFTY INDIA INTERNET
2026-05-05 23:23:06 | INFO     | pipeline.parsers.mw | MarketWatchParser result: 27 constituents
2026-05-05 23:23:06 | INFO     | pipeline.parsers.mw | MarketWatchParser: MW-NIFTY-INDIA-INTERNET-10-Apr-2026.csv
2026-05-05 23:23:06 | INFO     | pipeline.parsers.mw | Index name: NIFTY INDIA INTERNET
2026-05-05 23:23:06 | INFO     | pipeline.parsers.mw | MarketWatchParser result: 27 constituents
2026-05-05 23:23:06 | INFO     | pipeline.parsers.mw | MarketWatchParser: MW-NIFTY-INDIA-INTERNET-14-Apr-2026.csv
2026-05-05 23:23:06 | INFO     | pipeline.parsers.mw | Index name: NIFTY INDIA INTERNET
2026-05-05 23:23:06 | INFO     | pipeline.parsers.mw | MarketWatchParser result: 27 constituents
2026-05-05 23:23:06 | INFO     | pipeline.parsers.mw | MarketWatchParser: MW-NIFTY-INDIA-INTERNET-15-Apr-2026.csv
2026-05-05 23:23:06 | INFO     | pipeline.parsers.mw | Index name: NIFTY INDIA INTERNET
2026-05-05 23:23:06 | INFO     | pipeline.parsers.mw | MarketWatchParser result: 27 constituents
2026-05-05 23:23:06 | INFO     | pipeline.parsers.mw | MarketWatchParser: MW-NIFTY-INDIA-INTERNET-16-Apr-2026.csv
2026-05-05 23:23:06 | INFO     | pipeline.parsers.mw | Index name: NIFTY INDIA INTERNET
2026-05-05 23:23:06 | INFO     | pipeline.parsers.mw | MarketWatchParser result: 27 constituents
2026-05-05 23:23:06 | INFO     | pipeline.parsers.mw | MarketWatchParser: MW-NIFTY-INDIA-INTERNET-17-Apr-2026.csv
2026-05-05 23:23:06 | INFO     | pipeline.parsers.mw | Index name: NIFTY INDIA INTERNET
2026-05-05 23:23:06 | INFO     | pipeline.parsers.mw | MarketWatchParser result: 27 constituents
2026-05-05 23:23:06 | INFO     | pipeline.parsers.mw | MarketWatchParser: MW-NIFTY-INDIA-INTERNET-22-Apr-2026 (1).csv
2026-05-05 23:23:06 | INFO     | pipeline.parsers.mw | Index name: NIFTY INDIA INTERNET 22 Apr 2026 (1)
2026-05-05 23:23:06 | INFO     | pipeline.parsers.mw | MarketWatchParser result: 27 constituents
2026-05-05 23:23:06 | INFO     | pipeline.parsers.mw | MarketWatchParser: MW-NIFTY-INDIA-INTERNET-22-Apr-2026.csv
2026-05-05 23:23:06 | INFO     | pipeline.parsers.mw | Index name: NIFTY INDIA INTERNET
2026-05-05 23:23:06 | INFO     | pipeline.parsers.mw | MarketWatchParser result: 27 constituents
2026-05-05 23:23:06 | INFO     | pipeline.parsers.mw | MarketWatchParser: MW-NIFTY-INDIA-INTERNET-23-Apr-2026.csv
2026-05-05 23:23:06 | INFO     | pipeline.parsers.mw | Index name: NIFTY INDIA INTERNET
2026-05-05 23:23:06 | INFO     | pipeline.parsers.mw | MarketWatchParser result: 27 constituents
2026-05-05 23:23:06 | INFO     | pipeline.parsers.mw | MarketWatchParser: MW-NIFTY-INDIA-INTERNET-24-Apr-2026.csv
2026-05-05 23:23:06 | INFO     | pipeline.parsers.mw | Index name: NIFTY INDIA INTERNET
2026-05-05 23:23:06 | INFO     | pipeline.parsers.mw | MarketWatchParser result: 27 constituents
2026-05-05 23:23:06 | INFO     | pipeline.parsers.mw | MarketWatchParser: MW-NIFTY-INDIA-INTERNET-24-Mar-2026.csv
2026-05-05 23:23:06 | INFO     | pipeline.parsers.mw | Index name: NIFTY INDIA INTERNET
2026-05-05 23:23:06 | INFO     | pipeline.parsers.mw | MarketWatchParser result: 21 constituents
2026-05-05 23:23:06 | INFO     | pipeline.parsers.mw | MarketWatchParser: MW-NIFTY-INDIA-INTERNET-27-Apr-2026.csv
2026-05-05 23:23:06 | INFO     | pipeline.parsers.mw | Index name: NIFTY INDIA INTERNET
2026-05-05 23:23:06 | INFO     | pipeline.parsers.mw | MarketWatchParser result: 27 constituents
2026-05-05 23:23:06 | INFO     | pipeline.parsers.mw | MarketWatchParser: MW-NIFTY-INDIA-INTERNET-27-Mar-2026.csv
2026-05-05 23:23:06 | INFO     | pipeline.parsers.mw | Index name: NIFTY INDIA INTERNET
2026-05-05 23:23:06 | INFO     | pipeline.parsers.mw | MarketWatchParser result: 21 constituents
2026-05-05 23:23:06 | INFO     | pipeline.parsers.mw | MarketWatchParser: MW-NIFTY-INDIA-INTERNET-28-Apr-2026.csv
2026-05-05 23:23:06 | INFO     | pipeline.parsers.mw | Index name: NIFTY INDIA INTERNET
2026-05-05 23:23:06 | INFO     | pipeline.parsers.mw | MarketWatchParser result: 27 constituents
2026-05-05 23:23:06 | INFO     | pipeline.parsers.mw | MarketWatchParser: MW-NIFTY-INDIA-INTERNET-29-Apr-2026.csv
2026-05-05 23:23:06 | INFO     | pipeline.parsers.mw | Index name: NIFTY INDIA INTERNET
2026-05-05 23:23:06 | INFO     | pipeline.parsers.mw | MarketWatchParser result: 27 constituents
2026-05-05 23:23:06 | INFO     | pipeline.parsers.mw | MarketWatchParser: MW-NIFTY-INDIA-INTERNET-30-Mar-2026.csv
2026-05-05 23:23:06 | INFO     | pipeline.parsers.mw | Index name: NIFTY INDIA INTERNET
2026-05-05 23:23:06 | INFO     | pipeline.parsers.mw | MarketWatchParser result: 21 constituents
2026-05-05 23:23:06 | INFO     | pipeline.parsers.mw | MarketWatchParser: MW-NIFTY-INDIA-MANUFACTURING-03-Apr-2026.csv
2026-05-05 23:23:06 | INFO     | pipeline.parsers.mw | Index name: NIFTY INDIA MANUFACTURING
2026-05-05 23:23:06 | INFO     | pipeline.parsers.mw | MarketWatchParser result: 76 constituents
2026-05-05 23:23:07 | INFO     | pipeline.parsers.mw | MarketWatchParser: MW-NIFTY-INDIA-MANUFACTURING-06-Apr-2026.csv
2026-05-05 23:23:07 | INFO     | pipeline.parsers.mw | Index name: NIFTY INDIA MANUFACTURING
2026-05-05 23:23:07 | INFO     | pipeline.parsers.mw | MarketWatchParser result: 76 constituents
2026-05-05 23:23:07 | INFO     | pipeline.parsers.mw | MarketWatchParser: MW-NIFTY-INDIA-MANUFACTURING-07-Apr-2026.csv
2026-05-05 23:23:07 | INFO     | pipeline.parsers.mw | Index name: NIFTY INDIA MANUFACTURING
2026-05-05 23:23:07 | INFO     | pipeline.parsers.mw | MarketWatchParser result: 76 constituents
2026-05-05 23:23:07 | INFO     | pipeline.parsers.mw | MarketWatchParser: MW-NIFTY-INDIA-MANUFACTURING-08-Apr-2026.csv
2026-05-05 23:23:07 | INFO     | pipeline.parsers.mw | Index name: NIFTY INDIA MANUFACTURING
2026-05-05 23:23:07 | INFO     | pipeline.parsers.mw | MarketWatchParser result: 76 constituents
2026-05-05 23:23:07 | INFO     | pipeline.parsers.mw | MarketWatchParser: MW-NIFTY-INDIA-MANUFACTURING-09-Apr-2026.csv
2026-05-05 23:23:07 | INFO     | pipeline.parsers.mw | Index name: NIFTY INDIA MANUFACTURING
2026-05-05 23:23:07 | INFO     | pipeline.parsers.mw | MarketWatchParser result: 76 constituents
2026-05-05 23:23:07 | INFO     | pipeline.parsers.mw | MarketWatchParser: MW-NIFTY-INDIA-MANUFACTURING-10-Apr-2026.csv
2026-05-05 23:23:07 | INFO     | pipeline.parsers.mw | Index name: NIFTY INDIA MANUFACTURING
2026-05-05 23:23:07 | INFO     | pipeline.parsers.mw | MarketWatchParser result: 76 constituents
2026-05-05 23:23:07 | INFO     | pipeline.parsers.mw | MarketWatchParser: MW-NIFTY-INDIA-MANUFACTURING-14-Apr-2026.csv
2026-05-05 23:23:07 | INFO     | pipeline.parsers.mw | Index name: NIFTY INDIA MANUFACTURING
2026-05-05 23:23:07 | INFO     | pipeline.parsers.mw | MarketWatchParser result: 76 constituents
2026-05-05 23:23:07 | INFO     | pipeline.parsers.mw | MarketWatchParser: MW-NIFTY-INDIA-MANUFACTURING-15-Apr-2026.csv
2026-05-05 23:23:07 | INFO     | pipeline.parsers.mw | Index name: NIFTY INDIA MANUFACTURING
2026-05-05 23:23:07 | INFO     | pipeline.parsers.mw | MarketWatchParser result: 76 constituents
2026-05-05 23:23:07 | INFO     | pipeline.parsers.mw | MarketWatchParser: MW-NIFTY-INDIA-MANUFACTURING-16-Apr-2026.csv
2026-05-05 23:23:07 | INFO     | pipeline.parsers.mw | Index name: NIFTY INDIA MANUFACTURING
2026-05-05 23:23:07 | INFO     | pipeline.parsers.mw | MarketWatchParser result: 76 constituents
2026-05-05 23:23:07 | INFO     | pipeline.parsers.mw | MarketWatchParser: MW-NIFTY-INDIA-MANUFACTURING-17-Apr-2026.csv
2026-05-05 23:23:07 | INFO     | pipeline.parsers.mw | Index name: NIFTY INDIA MANUFACTURING
2026-05-05 23:23:07 | INFO     | pipeline.parsers.mw | MarketWatchParser result: 76 constituents
2026-05-05 23:23:07 | INFO     | pipeline.parsers.mw | MarketWatchParser: MW-NIFTY-INDIA-MANUFACTURING-18-Mar-2026.csv
2026-05-05 23:23:07 | INFO     | pipeline.parsers.mw | Index name: NIFTY INDIA MANUFACTURING
2026-05-05 23:23:07 | INFO     | pipeline.parsers.mw | MarketWatchParser result: 74 constituents
2026-05-05 23:23:07 | INFO     | pipeline.parsers.mw | MarketWatchParser: MW-NIFTY-INDIA-MANUFACTURING-19-Mar-2026.csv
2026-05-05 23:23:07 | INFO     | pipeline.parsers.mw | Index name: NIFTY INDIA MANUFACTURING
2026-05-05 23:23:07 | INFO     | pipeline.parsers.mw | MarketWatchParser result: 74 constituents
2026-05-05 23:23:07 | INFO     | pipeline.parsers.mw | MarketWatchParser: MW-NIFTY-INDIA-MANUFACTURING-20-Mar-2026.csv
2026-05-05 23:23:07 | INFO     | pipeline.parsers.mw | Index name: NIFTY INDIA MANUFACTURING
2026-05-05 23:23:07 | INFO     | pipeline.parsers.mw | MarketWatchParser result: 74 constituents
2026-05-05 23:23:07 | INFO     | pipeline.parsers.mw | MarketWatchParser: MW-NIFTY-INDIA-MANUFACTURING-22-Apr-2026 (1).csv
2026-05-05 23:23:07 | INFO     | pipeline.parsers.mw | Index name: NIFTY INDIA MANUFACTURING 22 Apr 2026 (1)
2026-05-05 23:23:07 | INFO     | pipeline.parsers.mw | MarketWatchParser result: 76 constituents
2026-05-05 23:23:07 | INFO     | pipeline.parsers.mw | MarketWatchParser: MW-NIFTY-INDIA-MANUFACTURING-22-Apr-2026.csv
2026-05-05 23:23:07 | INFO     | pipeline.parsers.mw | Index name: NIFTY INDIA MANUFACTURING
2026-05-05 23:23:07 | INFO     | pipeline.parsers.mw | MarketWatchParser result: 76 constituents
2026-05-05 23:23:08 | INFO     | pipeline.parsers.mw | MarketWatchParser: MW-NIFTY-INDIA-MANUFACTURING-23-Apr-2026.csv
2026-05-05 23:23:08 | INFO     | pipeline.parsers.mw | Index name: NIFTY INDIA MANUFACTURING
2026-05-05 23:23:08 | INFO     | pipeline.parsers.mw | MarketWatchParser result: 76 constituents
2026-05-05 23:23:08 | INFO     | pipeline.parsers.mw | MarketWatchParser: MW-NIFTY-INDIA-MANUFACTURING-24-Apr-2026.csv
2026-05-05 23:23:08 | INFO     | pipeline.parsers.mw | Index name: NIFTY INDIA MANUFACTURING
2026-05-05 23:23:08 | INFO     | pipeline.parsers.mw | MarketWatchParser result: 76 constituents
2026-05-05 23:23:08 | INFO     | pipeline.parsers.mw | MarketWatchParser: MW-NIFTY-INDIA-MANUFACTURING-24-Mar-2026.csv
2026-05-05 23:23:08 | INFO     | pipeline.parsers.mw | Index name: NIFTY INDIA MANUFACTURING
2026-05-05 23:23:08 | INFO     | pipeline.parsers.mw | MarketWatchParser result: 74 constituents
2026-05-05 23:23:08 | INFO     | pipeline.parsers.mw | MarketWatchParser: MW-NIFTY-INDIA-MANUFACTURING-27-Mar-2026.csv
2026-05-05 23:23:08 | INFO     | pipeline.parsers.mw | Index name: NIFTY INDIA MANUFACTURING
2026-05-05 23:23:08 | INFO     | pipeline.parsers.mw | MarketWatchParser result: 74 constituents
2026-05-05 23:23:08 | INFO     | pipeline.parsers.mw | MarketWatchParser: MW-NIFTY-INDIA-MANUFACTURING-30-Mar-2026.csv
2026-05-05 23:23:08 | INFO     | pipeline.parsers.mw | Index name: NIFTY INDIA MANUFACTURING
2026-05-05 23:23:08 | INFO     | pipeline.parsers.mw | MarketWatchParser result: 74 constituents
2026-05-05 23:23:08 | INFO     | pipeline.parsers.mw | MarketWatchParser: MW-NIFTY-INDIA-NEW-AGE-CONSUMPTION-03-Apr-2026.csv
2026-05-05 23:23:08 | INFO     | pipeline.parsers.mw | Index name: NIFTY INDIA NEW AGE CONSUMPTION
2026-05-05 23:23:08 | INFO     | pipeline.parsers.mw | MarketWatchParser result: 75 constituents
2026-05-05 23:23:08 | INFO     | pipeline.parsers.mw | MarketWatchParser: MW-NIFTY-INDIA-NEW-AGE-CONSUMPTION-06-Apr-2026.csv
2026-05-05 23:23:08 | INFO     | pipeline.parsers.mw | Index name: NIFTY INDIA NEW AGE CONSUMPTION
2026-05-05 23:23:08 | INFO     | pipeline.parsers.mw | MarketWatchParser result: 75 constituents
2026-05-05 23:23:08 | INFO     | pipeline.parsers.mw | MarketWatchParser: MW-NIFTY-INDIA-NEW-AGE-CONSUMPTION-07-Apr-2026.csv
2026-05-05 23:23:08 | INFO     | pipeline.parsers.mw | Index name: NIFTY INDIA NEW AGE CONSUMPTION
2026-05-05 23:23:08 | INFO     | pipeline.parsers.mw | MarketWatchParser result: 75 constituents
2026-05-05 23:23:08 | INFO     | pipeline.parsers.mw | MarketWatchParser: MW-NIFTY-INDIA-NEW-AGE-CONSUMPTION-08-Apr-2026.csv
2026-05-05 23:23:08 | INFO     | pipeline.parsers.mw | Index name: NIFTY INDIA NEW AGE CONSUMPTION
2026-05-05 23:23:08 | INFO     | pipeline.parsers.mw | MarketWatchParser result: 75 constituents
2026-05-05 23:23:08 | INFO     | pipeline.parsers.mw | MarketWatchParser: MW-NIFTY-INDIA-NEW-AGE-CONSUMPTION-09-Apr-2026.csv
2026-05-05 23:23:08 | INFO     | pipeline.parsers.mw | Index name: NIFTY INDIA NEW AGE CONSUMPTION
2026-05-05 23:23:08 | INFO     | pipeline.parsers.mw | MarketWatchParser result: 75 constituents
2026-05-05 23:23:08 | INFO     | pipeline.parsers.mw | MarketWatchParser: MW-NIFTY-INDIA-NEW-AGE-CONSUMPTION-10-Apr-2026.csv
2026-05-05 23:23:08 | INFO     | pipeline.parsers.mw | Index name: NIFTY INDIA NEW AGE CONSUMPTION
2026-05-05 23:23:08 | INFO     | pipeline.parsers.mw | MarketWatchParser result: 75 constituents
2026-05-05 23:23:08 | INFO     | pipeline.parsers.mw | MarketWatchParser: MW-NIFTY-INDIA-NEW-AGE-CONSUMPTION-14-Apr-2026.csv
2026-05-05 23:23:08 | INFO     | pipeline.parsers.mw | Index name: NIFTY INDIA NEW AGE CONSUMPTION
2026-05-05 23:23:08 | INFO     | pipeline.parsers.mw | MarketWatchParser result: 75 constituents
2026-05-05 23:23:09 | INFO     | pipeline.parsers.mw | MarketWatchParser: MW-NIFTY-INDIA-NEW-AGE-CONSUMPTION-15-Apr-2026.csv
2026-05-05 23:23:09 | INFO     | pipeline.parsers.mw | Index name: NIFTY INDIA NEW AGE CONSUMPTION
2026-05-05 23:23:09 | INFO     | pipeline.parsers.mw | MarketWatchParser result: 75 constituents
2026-05-05 23:23:09 | INFO     | pipeline.parsers.mw | MarketWatchParser: MW-NIFTY-INDIA-NEW-AGE-CONSUMPTION-16-Apr-2026.csv
2026-05-05 23:23:09 | INFO     | pipeline.parsers.mw | Index name: NIFTY INDIA NEW AGE CONSUMPTION
2026-05-05 23:23:09 | INFO     | pipeline.parsers.mw | MarketWatchParser result: 75 constituents
2026-05-05 23:23:09 | INFO     | pipeline.parsers.mw | MarketWatchParser: MW-NIFTY-INDIA-NEW-AGE-CONSUMPTION-17-Apr-2026.csv
2026-05-05 23:23:09 | INFO     | pipeline.parsers.mw | Index name: NIFTY INDIA NEW AGE CONSUMPTION
2026-05-05 23:23:09 | INFO     | pipeline.parsers.mw | MarketWatchParser result: 75 constituents
2026-05-05 23:23:09 | INFO     | pipeline.parsers.mw | MarketWatchParser: MW-NIFTY-INDIA-NEW-AGE-CONSUMPTION-22-Apr-2026 (1).csv
2026-05-05 23:23:09 | INFO     | pipeline.parsers.mw | Index name: NIFTY INDIA NEW AGE CONSUMPTION 22 Apr 2026 (1)
2026-05-05 23:23:09 | INFO     | pipeline.parsers.mw | MarketWatchParser result: 75 constituents
2026-05-05 23:23:09 | INFO     | pipeline.parsers.mw | MarketWatchParser: MW-NIFTY-INDIA-NEW-AGE-CONSUMPTION-22-Apr-2026.csv
2026-05-05 23:23:09 | INFO     | pipeline.parsers.mw | Index name: NIFTY INDIA NEW AGE CONSUMPTION
2026-05-05 23:23:09 | INFO     | pipeline.parsers.mw | MarketWatchParser result: 75 constituents
2026-05-05 23:23:09 | INFO     | pipeline.parsers.mw | MarketWatchParser: MW-NIFTY-INDIA-NEW-AGE-CONSUMPTION-23-Apr-2026.csv
2026-05-05 23:23:09 | INFO     | pipeline.parsers.mw | Index name: NIFTY INDIA NEW AGE CONSUMPTION
2026-05-05 23:23:09 | INFO     | pipeline.parsers.mw | MarketWatchParser result: 75 constituents
2026-05-05 23:23:09 | INFO     | pipeline.parsers.mw | MarketWatchParser: MW-NIFTY-INDIA-NEW-AGE-CONSUMPTION-24-Apr-2026.csv
2026-05-05 23:23:09 | INFO     | pipeline.parsers.mw | Index name: NIFTY INDIA NEW AGE CONSUMPTION
2026-05-05 23:23:09 | INFO     | pipeline.parsers.mw | MarketWatchParser result: 75 constituents
2026-05-05 23:23:09 | INFO     | pipeline.parsers.mw | MarketWatchParser: MW-NIFTY-INDIA-NEW-AGE-CONSUMPTION-24-Mar-2026.csv
2026-05-05 23:23:09 | INFO     | pipeline.parsers.mw | Index name: NIFTY INDIA NEW AGE CONSUMPTION
2026-05-05 23:23:09 | INFO     | pipeline.parsers.mw | MarketWatchParser result: 75 constituents
2026-05-05 23:23:09 | INFO     | pipeline.parsers.mw | MarketWatchParser: MW-NIFTY-INDIA-NEW-AGE-CONSUMPTION-27-Apr-2026 (1).csv
2026-05-05 23:23:09 | INFO     | pipeline.parsers.mw | Index name: NIFTY INDIA NEW AGE CONSUMPTION 27 Apr 2026 (1)
2026-05-05 23:23:09 | INFO     | pipeline.parsers.mw | MarketWatchParser result: 75 constituents
2026-05-05 23:23:09 | INFO     | pipeline.parsers.mw | MarketWatchParser: MW-NIFTY-INDIA-NEW-AGE-CONSUMPTION-27-Apr-2026.csv
2026-05-05 23:23:09 | INFO     | pipeline.parsers.mw | Index name: NIFTY INDIA NEW AGE CONSUMPTION
2026-05-05 23:23:09 | INFO     | pipeline.parsers.mw | MarketWatchParser result: 75 constituents
2026-05-05 23:23:09 | INFO     | pipeline.parsers.mw | MarketWatchParser: MW-NIFTY-INDIA-NEW-AGE-CONSUMPTION-27-Mar-2026.csv
2026-05-05 23:23:09 | INFO     | pipeline.parsers.mw | Index name: NIFTY INDIA NEW AGE CONSUMPTION
2026-05-05 23:23:09 | INFO     | pipeline.parsers.mw | MarketWatchParser result: 75 constituents
2026-05-05 23:23:09 | INFO     | pipeline.parsers.mw | MarketWatchParser: MW-NIFTY-INDIA-NEW-AGE-CONSUMPTION-28-Apr-2026.csv
2026-05-05 23:23:09 | INFO     | pipeline.parsers.mw | Index name: NIFTY INDIA NEW AGE CONSUMPTION
2026-05-05 23:23:09 | INFO     | pipeline.parsers.mw | MarketWatchParser result: 75 constituents
2026-05-05 23:23:09 | INFO     | pipeline.parsers.mw | MarketWatchParser: MW-NIFTY-INDIA-NEW-AGE-CONSUMPTION-29-Apr-2026.csv
2026-05-05 23:23:09 | INFO     | pipeline.parsers.mw | Index name: NIFTY INDIA NEW AGE CONSUMPTION
2026-05-05 23:23:09 | INFO     | pipeline.parsers.mw | MarketWatchParser result: 75 constituents
2026-05-05 23:23:09 | INFO     | pipeline.parsers.mw | MarketWatchParser: MW-NIFTY-INDIA-NEW-AGE-CONSUMPTION-30-Mar-2026.csv
2026-05-05 23:23:09 | INFO     | pipeline.parsers.mw | Index name: NIFTY INDIA NEW AGE CONSUMPTION
2026-05-05 23:23:09 | INFO     | pipeline.parsers.mw | MarketWatchParser result: 75 constituents
2026-05-05 23:23:09 | INFO     | pipeline.parsers.mw | MarketWatchParser: MW-NIFTY-INDIA-RAILWAYS-PSU-03-Apr-2026.csv
2026-05-05 23:23:09 | INFO     | pipeline.parsers.mw | Index name: NIFTY INDIA RAILWAYS PSU
2026-05-05 23:23:09 | INFO     | pipeline.parsers.mw | MarketWatchParser result: 17 constituents
2026-05-05 23:23:09 | INFO     | pipeline.parsers.mw | MarketWatchParser: MW-NIFTY-INDIA-RAILWAYS-PSU-06-Apr-2026.csv
2026-05-05 23:23:09 | INFO     | pipeline.parsers.mw | Index name: NIFTY INDIA RAILWAYS PSU
2026-05-05 23:23:09 | INFO     | pipeline.parsers.mw | MarketWatchParser result: 17 constituents
2026-05-05 23:23:09 | INFO     | pipeline.parsers.mw | MarketWatchParser: MW-NIFTY-INDIA-RAILWAYS-PSU-07-Apr-2026.csv
2026-05-05 23:23:09 | INFO     | pipeline.parsers.mw | Index name: NIFTY INDIA RAILWAYS PSU
2026-05-05 23:23:09 | INFO     | pipeline.parsers.mw | MarketWatchParser result: 17 constituents
2026-05-05 23:23:10 | INFO     | pipeline.parsers.mw | MarketWatchParser: MW-NIFTY-INDIA-RAILWAYS-PSU-08-Apr-2026.csv
2026-05-05 23:23:10 | INFO     | pipeline.parsers.mw | Index name: NIFTY INDIA RAILWAYS PSU
2026-05-05 23:23:10 | INFO     | pipeline.parsers.mw | MarketWatchParser result: 17 constituents
2026-05-05 23:23:10 | INFO     | pipeline.parsers.mw | MarketWatchParser: MW-NIFTY-INDIA-RAILWAYS-PSU-09-Apr-2026.csv
2026-05-05 23:23:10 | INFO     | pipeline.parsers.mw | Index name: NIFTY INDIA RAILWAYS PSU
2026-05-05 23:23:10 | INFO     | pipeline.parsers.mw | MarketWatchParser result: 17 constituents
2026-05-05 23:23:10 | INFO     | pipeline.parsers.mw | MarketWatchParser: MW-NIFTY-INDIA-RAILWAYS-PSU-10-Apr-2026.csv
2026-05-05 23:23:10 | INFO     | pipeline.parsers.mw | Index name: NIFTY INDIA RAILWAYS PSU
2026-05-05 23:23:10 | INFO     | pipeline.parsers.mw | MarketWatchParser result: 17 constituents
2026-05-05 23:23:10 | INFO     | pipeline.parsers.mw | MarketWatchParser: MW-NIFTY-INDIA-RAILWAYS-PSU-14-Apr-2026.csv
2026-05-05 23:23:10 | INFO     | pipeline.parsers.mw | Index name: NIFTY INDIA RAILWAYS PSU
2026-05-05 23:23:10 | INFO     | pipeline.parsers.mw | MarketWatchParser result: 17 constituents
2026-05-05 23:23:10 | INFO     | pipeline.parsers.mw | MarketWatchParser: MW-NIFTY-INDIA-RAILWAYS-PSU-15-Apr-2026.csv
2026-05-05 23:23:10 | INFO     | pipeline.parsers.mw | Index name: NIFTY INDIA RAILWAYS PSU
2026-05-05 23:23:10 | INFO     | pipeline.parsers.mw | MarketWatchParser result: 17 constituents
2026-05-05 23:23:10 | INFO     | pipeline.parsers.mw | MarketWatchParser: MW-NIFTY-INDIA-RAILWAYS-PSU-16-Apr-2026.csv
2026-05-05 23:23:10 | INFO     | pipeline.parsers.mw | Index name: NIFTY INDIA RAILWAYS PSU
2026-05-05 23:23:10 | INFO     | pipeline.parsers.mw | MarketWatchParser result: 17 constituents
2026-05-05 23:23:10 | INFO     | pipeline.parsers.mw | MarketWatchParser: MW-NIFTY-INDIA-RAILWAYS-PSU-17-Apr-2026.csv
2026-05-05 23:23:10 | INFO     | pipeline.parsers.mw | Index name: NIFTY INDIA RAILWAYS PSU
2026-05-05 23:23:10 | INFO     | pipeline.parsers.mw | MarketWatchParser result: 17 constituents
2026-05-05 23:23:10 | INFO     | pipeline.parsers.mw | MarketWatchParser: MW-NIFTY-INDIA-RAILWAYS-PSU-22-Apr-2026 (1).csv
2026-05-05 23:23:10 | INFO     | pipeline.parsers.mw | Index name: NIFTY INDIA RAILWAYS PSU 22 Apr 2026 (1)
2026-05-05 23:23:10 | INFO     | pipeline.parsers.mw | MarketWatchParser result: 17 constituents
2026-05-05 23:23:10 | INFO     | pipeline.parsers.mw | MarketWatchParser: MW-NIFTY-INDIA-RAILWAYS-PSU-22-Apr-2026.csv
2026-05-05 23:23:10 | INFO     | pipeline.parsers.mw | Index name: NIFTY INDIA RAILWAYS PSU
2026-05-05 23:23:10 | INFO     | pipeline.parsers.mw | MarketWatchParser result: 17 constituents
2026-05-05 23:23:10 | INFO     | pipeline.parsers.mw | MarketWatchParser: MW-NIFTY-INDIA-RAILWAYS-PSU-23-Apr-2026.csv
2026-05-05 23:23:10 | INFO     | pipeline.parsers.mw | Index name: NIFTY INDIA RAILWAYS PSU
2026-05-05 23:23:10 | INFO     | pipeline.parsers.mw | MarketWatchParser result: 17 constituents
2026-05-05 23:23:10 | INFO     | pipeline.parsers.mw | MarketWatchParser: MW-NIFTY-INDIA-RAILWAYS-PSU-24-Apr-2026.csv
2026-05-05 23:23:10 | INFO     | pipeline.parsers.mw | Index name: NIFTY INDIA RAILWAYS PSU
2026-05-05 23:23:10 | INFO     | pipeline.parsers.mw | MarketWatchParser result: 17 constituents
2026-05-05 23:23:10 | INFO     | pipeline.parsers.mw | MarketWatchParser: MW-NIFTY-INDIA-RAILWAYS-PSU-24-Mar-2026.csv
2026-05-05 23:23:10 | INFO     | pipeline.parsers.mw | Index name: NIFTY INDIA RAILWAYS PSU
2026-05-05 23:23:10 | INFO     | pipeline.parsers.mw | MarketWatchParser result: 16 constituents
2026-05-05 23:23:10 | INFO     | pipeline.parsers.mw | MarketWatchParser: MW-NIFTY-INDIA-RAILWAYS-PSU-27-Apr-2026.csv
2026-05-05 23:23:10 | INFO     | pipeline.parsers.mw | Index name: NIFTY INDIA RAILWAYS PSU
2026-05-05 23:23:10 | INFO     | pipeline.parsers.mw | MarketWatchParser result: 17 constituents
2026-05-05 23:23:10 | INFO     | pipeline.parsers.mw | MarketWatchParser: MW-NIFTY-INDIA-RAILWAYS-PSU-27-Mar-2026.csv
2026-05-05 23:23:10 | INFO     | pipeline.parsers.mw | Index name: NIFTY INDIA RAILWAYS PSU
2026-05-05 23:23:10 | INFO     | pipeline.parsers.mw | MarketWatchParser result: 16 constituents
2026-05-05 23:23:10 | INFO     | pipeline.parsers.mw | MarketWatchParser: MW-NIFTY-INDIA-RAILWAYS-PSU-28-Apr-2026.csv
2026-05-05 23:23:10 | INFO     | pipeline.parsers.mw | Index name: NIFTY INDIA RAILWAYS PSU
2026-05-05 23:23:10 | INFO     | pipeline.parsers.mw | MarketWatchParser result: 17 constituents
2026-05-05 23:23:10 | INFO     | pipeline.parsers.mw | MarketWatchParser: MW-NIFTY-INDIA-RAILWAYS-PSU-29-Apr-2026.csv
2026-05-05 23:23:10 | INFO     | pipeline.parsers.mw | Index name: NIFTY INDIA RAILWAYS PSU
2026-05-05 23:23:10 | INFO     | pipeline.parsers.mw | MarketWatchParser result: 17 constituents
2026-05-05 23:23:10 | INFO     | pipeline.parsers.mw | MarketWatchParser: MW-NIFTY-INDIA-RAILWAYS-PSU-30-Mar-2026.csv
2026-05-05 23:23:10 | INFO     | pipeline.parsers.mw | Index name: NIFTY INDIA RAILWAYS PSU
2026-05-05 23:23:10 | INFO     | pipeline.parsers.mw | MarketWatchParser result: 16 constituents
2026-05-05 23:23:10 | INFO     | pipeline.parsers.mw | MarketWatchParser: MW-NIFTY-INFRASTRUCTURE-03-Apr-2026.csv
2026-05-05 23:23:10 | INFO     | pipeline.parsers.mw | Index name: NIFTY INFRASTRUCTURE
2026-05-05 23:23:10 | INFO     | pipeline.parsers.mw | MarketWatchParser result: 30 constituents
2026-05-05 23:23:10 | INFO     | pipeline.parsers.mw | MarketWatchParser: MW-NIFTY-INFRASTRUCTURE-06-Apr-2026.csv
2026-05-05 23:23:10 | INFO     | pipeline.parsers.mw | Index name: NIFTY INFRASTRUCTURE
2026-05-05 23:23:10 | INFO     | pipeline.parsers.mw | MarketWatchParser result: 30 constituents
2026-05-05 23:23:10 | INFO     | pipeline.parsers.mw | MarketWatchParser: MW-NIFTY-INFRASTRUCTURE-07-Apr-2026.csv
2026-05-05 23:23:10 | INFO     | pipeline.parsers.mw | Index name: NIFTY INFRASTRUCTURE
2026-05-05 23:23:10 | INFO     | pipeline.parsers.mw | MarketWatchParser result: 30 constituents
2026-05-05 23:23:10 | INFO     | pipeline.parsers.mw | MarketWatchParser: MW-NIFTY-INFRASTRUCTURE-08-Apr-2026.csv
2026-05-05 23:23:10 | INFO     | pipeline.parsers.mw | Index name: NIFTY INFRASTRUCTURE
2026-05-05 23:23:11 | INFO     | pipeline.parsers.mw | MarketWatchParser result: 30 constituents
2026-05-05 23:23:11 | INFO     | pipeline.parsers.mw | MarketWatchParser: MW-NIFTY-INFRASTRUCTURE-09-Apr-2026.csv
2026-05-05 23:23:11 | INFO     | pipeline.parsers.mw | Index name: NIFTY INFRASTRUCTURE
2026-05-05 23:23:11 | INFO     | pipeline.parsers.mw | MarketWatchParser result: 30 constituents
2026-05-05 23:23:11 | INFO     | pipeline.parsers.mw | MarketWatchParser: MW-NIFTY-INFRASTRUCTURE-10-Apr-2026.csv
2026-05-05 23:23:11 | INFO     | pipeline.parsers.mw | Index name: NIFTY INFRASTRUCTURE
2026-05-05 23:23:11 | INFO     | pipeline.parsers.mw | MarketWatchParser result: 30 constituents
2026-05-05 23:23:11 | INFO     | pipeline.parsers.mw | MarketWatchParser: MW-NIFTY-INFRASTRUCTURE-14-Apr-2026.csv
2026-05-05 23:23:11 | INFO     | pipeline.parsers.mw | Index name: NIFTY INFRASTRUCTURE
2026-05-05 23:23:11 | INFO     | pipeline.parsers.mw | MarketWatchParser result: 30 constituents
2026-05-05 23:23:11 | INFO     | pipeline.parsers.mw | MarketWatchParser: MW-NIFTY-INFRASTRUCTURE-15-Apr-2026.csv
2026-05-05 23:23:11 | INFO     | pipeline.parsers.mw | Index name: NIFTY INFRASTRUCTURE
2026-05-05 23:23:11 | INFO     | pipeline.parsers.mw | MarketWatchParser result: 30 constituents
2026-05-05 23:23:11 | INFO     | pipeline.parsers.mw | MarketWatchParser: MW-NIFTY-INFRASTRUCTURE-16-Apr-2026.csv
2026-05-05 23:23:11 | INFO     | pipeline.parsers.mw | Index name: NIFTY INFRASTRUCTURE
2026-05-05 23:23:11 | INFO     | pipeline.parsers.mw | MarketWatchParser result: 30 constituents
2026-05-05 23:23:11 | INFO     | pipeline.parsers.mw | MarketWatchParser: MW-NIFTY-INFRASTRUCTURE-17-Apr-2026.csv
2026-05-05 23:23:11 | INFO     | pipeline.parsers.mw | Index name: NIFTY INFRASTRUCTURE
2026-05-05 23:23:11 | INFO     | pipeline.parsers.mw | MarketWatchParser result: 30 constituents
2026-05-05 23:23:11 | INFO     | pipeline.parsers.mw | MarketWatchParser: MW-NIFTY-INFRASTRUCTURE-22-Apr-2026 (1).csv
2026-05-05 23:23:11 | INFO     | pipeline.parsers.mw | Index name: NIFTY INFRASTRUCTURE 22 Apr 2026 (1)
2026-05-05 23:23:11 | INFO     | pipeline.parsers.mw | MarketWatchParser result: 30 constituents
2026-05-05 23:23:11 | INFO     | pipeline.parsers.mw | MarketWatchParser: MW-NIFTY-INFRASTRUCTURE-22-Apr-2026.csv
2026-05-05 23:23:11 | INFO     | pipeline.parsers.mw | Index name: NIFTY INFRASTRUCTURE
2026-05-05 23:23:11 | INFO     | pipeline.parsers.mw | MarketWatchParser result: 30 constituents
2026-05-05 23:23:11 | INFO     | pipeline.parsers.mw | MarketWatchParser: MW-NIFTY-INFRASTRUCTURE-23-Apr-2026.csv
2026-05-05 23:23:11 | INFO     | pipeline.parsers.mw | Index name: NIFTY INFRASTRUCTURE
2026-05-05 23:23:11 | INFO     | pipeline.parsers.mw | MarketWatchParser result: 30 constituents
2026-05-05 23:23:11 | INFO     | pipeline.parsers.mw | MarketWatchParser: MW-NIFTY-INFRASTRUCTURE-24-Apr-2026.csv
2026-05-05 23:23:11 | INFO     | pipeline.parsers.mw | Index name: NIFTY INFRASTRUCTURE
2026-05-05 23:23:11 | INFO     | pipeline.parsers.mw | MarketWatchParser result: 30 constituents
2026-05-05 23:23:11 | INFO     | pipeline.parsers.mw | MarketWatchParser: MW-NIFTY-INFRASTRUCTURE-24-Mar-2026.csv
2026-05-05 23:23:11 | INFO     | pipeline.parsers.mw | Index name: NIFTY INFRASTRUCTURE
2026-05-05 23:23:11 | INFO     | pipeline.parsers.mw | MarketWatchParser result: 30 constituents
2026-05-05 23:23:11 | INFO     | pipeline.parsers.mw | MarketWatchParser: MW-NIFTY-INFRASTRUCTURE-27-Apr-2026.csv
2026-05-05 23:23:11 | INFO     | pipeline.parsers.mw | Index name: NIFTY INFRASTRUCTURE
2026-05-05 23:23:11 | INFO     | pipeline.parsers.mw | MarketWatchParser result: 30 constituents
2026-05-05 23:23:11 | INFO     | pipeline.parsers.mw | MarketWatchParser: MW-NIFTY-INFRASTRUCTURE-27-Mar-2026.csv
2026-05-05 23:23:11 | INFO     | pipeline.parsers.mw | Index name: NIFTY INFRASTRUCTURE
2026-05-05 23:23:11 | INFO     | pipeline.parsers.mw | MarketWatchParser result: 30 constituents
2026-05-05 23:23:11 | INFO     | pipeline.parsers.mw | MarketWatchParser: MW-NIFTY-INFRASTRUCTURE-28-Apr-2026.csv
2026-05-05 23:23:11 | INFO     | pipeline.parsers.mw | Index name: NIFTY INFRASTRUCTURE
2026-05-05 23:23:11 | INFO     | pipeline.parsers.mw | MarketWatchParser result: 30 constituents
2026-05-05 23:23:11 | INFO     | pipeline.parsers.mw | MarketWatchParser: MW-NIFTY-INFRASTRUCTURE-29-Apr-2026.csv
2026-05-05 23:23:11 | INFO     | pipeline.parsers.mw | Index name: NIFTY INFRASTRUCTURE
2026-05-05 23:23:11 | INFO     | pipeline.parsers.mw | MarketWatchParser result: 30 constituents
2026-05-05 23:23:11 | INFO     | pipeline.parsers.mw | MarketWatchParser: MW-NIFTY-INFRASTRUCTURE-30-Mar-2026.csv
2026-05-05 23:23:11 | INFO     | pipeline.parsers.mw | Index name: NIFTY INFRASTRUCTURE
2026-05-05 23:23:11 | INFO     | pipeline.parsers.mw | MarketWatchParser result: 30 constituents
2026-05-05 23:23:11 | INFO     | pipeline.parsers.mw | MarketWatchParser: MW-NIFTY-NON-CYCLICAL-CONSUMER-03-Apr-2026.csv
2026-05-05 23:23:11 | INFO     | pipeline.parsers.mw | Index name: NIFTY NON CYCLICAL CONSUMER
2026-05-05 23:23:11 | INFO     | pipeline.parsers.mw | MarketWatchParser result: 30 constituents
2026-05-05 23:23:11 | INFO     | pipeline.parsers.mw | MarketWatchParser: MW-NIFTY-NON-CYCLICAL-CONSUMER-06-Apr-2026.csv
2026-05-05 23:23:11 | INFO     | pipeline.parsers.mw | Index name: NIFTY NON CYCLICAL CONSUMER
2026-05-05 23:23:11 | INFO     | pipeline.parsers.mw | MarketWatchParser result: 30 constituents
2026-05-05 23:23:11 | INFO     | pipeline.parsers.mw | MarketWatchParser: MW-NIFTY-NON-CYCLICAL-CONSUMER-07-Apr-2026.csv
2026-05-05 23:23:11 | INFO     | pipeline.parsers.mw | Index name: NIFTY NON CYCLICAL CONSUMER
2026-05-05 23:23:11 | INFO     | pipeline.parsers.mw | MarketWatchParser result: 30 constituents
2026-05-05 23:23:12 | INFO     | pipeline.parsers.mw | MarketWatchParser: MW-NIFTY-NON-CYCLICAL-CONSUMER-08-Apr-2026.csv
2026-05-05 23:23:12 | INFO     | pipeline.parsers.mw | Index name: NIFTY NON CYCLICAL CONSUMER
2026-05-05 23:23:12 | INFO     | pipeline.parsers.mw | MarketWatchParser result: 30 constituents
2026-05-05 23:23:12 | INFO     | pipeline.parsers.mw | MarketWatchParser: MW-NIFTY-NON-CYCLICAL-CONSUMER-09-Apr-2026.csv
2026-05-05 23:23:12 | INFO     | pipeline.parsers.mw | Index name: NIFTY NON CYCLICAL CONSUMER
2026-05-05 23:23:12 | INFO     | pipeline.parsers.mw | MarketWatchParser result: 30 constituents
2026-05-05 23:23:12 | INFO     | pipeline.parsers.mw | MarketWatchParser: MW-NIFTY-NON-CYCLICAL-CONSUMER-10-Apr-2026.csv
2026-05-05 23:23:12 | INFO     | pipeline.parsers.mw | Index name: NIFTY NON CYCLICAL CONSUMER
2026-05-05 23:23:12 | INFO     | pipeline.parsers.mw | MarketWatchParser result: 30 constituents
2026-05-05 23:23:12 | INFO     | pipeline.parsers.mw | MarketWatchParser: MW-NIFTY-NON-CYCLICAL-CONSUMER-14-Apr-2026.csv
2026-05-05 23:23:12 | INFO     | pipeline.parsers.mw | Index name: NIFTY NON CYCLICAL CONSUMER
2026-05-05 23:23:12 | INFO     | pipeline.parsers.mw | MarketWatchParser result: 30 constituents
2026-05-05 23:23:12 | INFO     | pipeline.parsers.mw | MarketWatchParser: MW-NIFTY-NON-CYCLICAL-CONSUMER-15-Apr-2026.csv
2026-05-05 23:23:12 | INFO     | pipeline.parsers.mw | Index name: NIFTY NON CYCLICAL CONSUMER
2026-05-05 23:23:12 | INFO     | pipeline.parsers.mw | MarketWatchParser result: 30 constituents
2026-05-05 23:23:12 | INFO     | pipeline.parsers.mw | MarketWatchParser: MW-NIFTY-NON-CYCLICAL-CONSUMER-16-Apr-2026.csv
2026-05-05 23:23:12 | INFO     | pipeline.parsers.mw | Index name: NIFTY NON CYCLICAL CONSUMER
2026-05-05 23:23:12 | INFO     | pipeline.parsers.mw | MarketWatchParser result: 30 constituents
2026-05-05 23:23:12 | INFO     | pipeline.parsers.mw | MarketWatchParser: MW-NIFTY-NON-CYCLICAL-CONSUMER-17-Apr-2026.csv
2026-05-05 23:23:12 | INFO     | pipeline.parsers.mw | Index name: NIFTY NON CYCLICAL CONSUMER
2026-05-05 23:23:12 | INFO     | pipeline.parsers.mw | MarketWatchParser result: 30 constituents
2026-05-05 23:23:12 | INFO     | pipeline.parsers.mw | MarketWatchParser: MW-NIFTY-NON-CYCLICAL-CONSUMER-22-Apr-2026 (1).csv
2026-05-05 23:23:12 | INFO     | pipeline.parsers.mw | Index name: NIFTY NON CYCLICAL CONSUMER 22 Apr 2026 (1)
2026-05-05 23:23:12 | INFO     | pipeline.parsers.mw | MarketWatchParser result: 30 constituents
2026-05-05 23:23:12 | INFO     | pipeline.parsers.mw | MarketWatchParser: MW-NIFTY-NON-CYCLICAL-CONSUMER-22-Apr-2026.csv
2026-05-05 23:23:12 | INFO     | pipeline.parsers.mw | Index name: NIFTY NON CYCLICAL CONSUMER
2026-05-05 23:23:12 | INFO     | pipeline.parsers.mw | MarketWatchParser result: 30 constituents
2026-05-05 23:23:12 | INFO     | pipeline.parsers.mw | MarketWatchParser: MW-NIFTY-NON-CYCLICAL-CONSUMER-23-Apr-2026.csv
2026-05-05 23:23:12 | INFO     | pipeline.parsers.mw | Index name: NIFTY NON CYCLICAL CONSUMER
2026-05-05 23:23:12 | INFO     | pipeline.parsers.mw | MarketWatchParser result: 30 constituents
2026-05-05 23:23:12 | INFO     | pipeline.parsers.mw | MarketWatchParser: MW-NIFTY-NON-CYCLICAL-CONSUMER-24-Apr-2026.csv
2026-05-05 23:23:12 | INFO     | pipeline.parsers.mw | Index name: NIFTY NON CYCLICAL CONSUMER
2026-05-05 23:23:12 | INFO     | pipeline.parsers.mw | MarketWatchParser result: 30 constituents
2026-05-05 23:23:12 | INFO     | pipeline.parsers.mw | MarketWatchParser: MW-NIFTY-NON-CYCLICAL-CONSUMER-24-Mar-2026.csv
2026-05-05 23:23:12 | INFO     | pipeline.parsers.mw | Index name: NIFTY NON CYCLICAL CONSUMER
2026-05-05 23:23:12 | INFO     | pipeline.parsers.mw | MarketWatchParser result: 30 constituents
2026-05-05 23:23:12 | INFO     | pipeline.parsers.mw | MarketWatchParser: MW-NIFTY-NON-CYCLICAL-CONSUMER-27-Apr-2026.csv
2026-05-05 23:23:12 | INFO     | pipeline.parsers.mw | Index name: NIFTY NON CYCLICAL CONSUMER
2026-05-05 23:23:12 | INFO     | pipeline.parsers.mw | MarketWatchParser result: 30 constituents
2026-05-05 23:23:12 | INFO     | pipeline.parsers.mw | MarketWatchParser: MW-NIFTY-NON-CYCLICAL-CONSUMER-27-Mar-2026.csv
2026-05-05 23:23:12 | INFO     | pipeline.parsers.mw | Index name: NIFTY NON CYCLICAL CONSUMER
2026-05-05 23:23:12 | INFO     | pipeline.parsers.mw | MarketWatchParser result: 30 constituents
2026-05-05 23:23:12 | INFO     | pipeline.parsers.mw | MarketWatchParser: MW-NIFTY-NON-CYCLICAL-CONSUMER-28-Apr-2026.csv
2026-05-05 23:23:12 | INFO     | pipeline.parsers.mw | Index name: NIFTY NON CYCLICAL CONSUMER
2026-05-05 23:23:12 | INFO     | pipeline.parsers.mw | MarketWatchParser result: 30 constituents
2026-05-05 23:23:12 | INFO     | pipeline.parsers.mw | MarketWatchParser: MW-NIFTY-NON-CYCLICAL-CONSUMER-29-Apr-2026.csv
2026-05-05 23:23:12 | INFO     | pipeline.parsers.mw | Index name: NIFTY NON CYCLICAL CONSUMER
2026-05-05 23:23:12 | INFO     | pipeline.parsers.mw | MarketWatchParser result: 30 constituents
2026-05-05 23:23:13 | INFO     | pipeline.parsers.mw | MarketWatchParser: MW-NIFTY-NON-CYCLICAL-CONSUMER-30-Mar-2026.csv
2026-05-05 23:23:13 | INFO     | pipeline.parsers.mw | Index name: NIFTY NON CYCLICAL CONSUMER
2026-05-05 23:23:13 | INFO     | pipeline.parsers.mw | MarketWatchParser result: 30 constituents
2026-05-05 23:23:13 | INFO     | pipeline.parsers.mw | MarketWatchParser: MW-NIFTY-PSE-03-Apr-2026.csv
2026-05-05 23:23:13 | INFO     | pipeline.parsers.mw | Index name: NIFTY PSE
2026-05-05 23:23:13 | INFO     | pipeline.parsers.mw | MarketWatchParser result: 20 constituents
2026-05-05 23:23:13 | INFO     | pipeline.parsers.mw | MarketWatchParser: MW-NIFTY-PSE-06-Apr-2026.csv
2026-05-05 23:23:13 | INFO     | pipeline.parsers.mw | Index name: NIFTY PSE
2026-05-05 23:23:13 | INFO     | pipeline.parsers.mw | MarketWatchParser result: 20 constituents
2026-05-05 23:23:13 | INFO     | pipeline.parsers.mw | MarketWatchParser: MW-NIFTY-PSE-07-Apr-2026.csv
2026-05-05 23:23:13 | INFO     | pipeline.parsers.mw | Index name: NIFTY PSE
2026-05-05 23:23:13 | INFO     | pipeline.parsers.mw | MarketWatchParser result: 20 constituents
2026-05-05 23:23:13 | INFO     | pipeline.parsers.mw | MarketWatchParser: MW-NIFTY-PSE-08-Apr-2026.csv
2026-05-05 23:23:13 | INFO     | pipeline.parsers.mw | Index name: NIFTY PSE
2026-05-05 23:23:13 | INFO     | pipeline.parsers.mw | MarketWatchParser result: 20 constituents
2026-05-05 23:23:13 | INFO     | pipeline.parsers.mw | MarketWatchParser: MW-NIFTY-PSE-09-Apr-2026.csv
2026-05-05 23:23:13 | INFO     | pipeline.parsers.mw | Index name: NIFTY PSE
2026-05-05 23:23:13 | INFO     | pipeline.parsers.mw | MarketWatchParser result: 20 constituents
2026-05-05 23:23:13 | INFO     | pipeline.parsers.mw | MarketWatchParser: MW-NIFTY-PSE-10-Apr-2026.csv
2026-05-05 23:23:13 | INFO     | pipeline.parsers.mw | Index name: NIFTY PSE
2026-05-05 23:23:13 | INFO     | pipeline.parsers.mw | MarketWatchParser result: 20 constituents
2026-05-05 23:23:13 | INFO     | pipeline.parsers.mw | MarketWatchParser: MW-NIFTY-PSE-14-Apr-2026.csv
2026-05-05 23:23:13 | INFO     | pipeline.parsers.mw | Index name: NIFTY PSE
2026-05-05 23:23:13 | INFO     | pipeline.parsers.mw | MarketWatchParser result: 20 constituents
2026-05-05 23:23:13 | INFO     | pipeline.parsers.mw | MarketWatchParser: MW-NIFTY-PSE-15-Apr-2026.csv
2026-05-05 23:23:13 | INFO     | pipeline.parsers.mw | Index name: NIFTY PSE
2026-05-05 23:23:13 | INFO     | pipeline.parsers.mw | MarketWatchParser result: 20 constituents
2026-05-05 23:23:13 | INFO     | pipeline.parsers.mw | MarketWatchParser: MW-NIFTY-PSE-16-Apr-2026.csv
2026-05-05 23:23:13 | INFO     | pipeline.parsers.mw | Index name: NIFTY PSE
2026-05-05 23:23:13 | INFO     | pipeline.parsers.mw | MarketWatchParser result: 20 constituents
2026-05-05 23:23:13 | INFO     | pipeline.parsers.mw | MarketWatchParser: MW-NIFTY-PSE-17-Apr-2026.csv
2026-05-05 23:23:13 | INFO     | pipeline.parsers.mw | Index name: NIFTY PSE
2026-05-05 23:23:13 | INFO     | pipeline.parsers.mw | MarketWatchParser result: 20 constituents
2026-05-05 23:23:13 | INFO     | pipeline.parsers.mw | MarketWatchParser: MW-NIFTY-PSE-22-Apr-2026 (1).csv
2026-05-05 23:23:13 | INFO     | pipeline.parsers.mw | Index name: NIFTY PSE 22 Apr 2026 (1)
2026-05-05 23:23:13 | INFO     | pipeline.parsers.mw | MarketWatchParser result: 20 constituents
2026-05-05 23:23:13 | INFO     | pipeline.parsers.mw | MarketWatchParser: MW-NIFTY-PSE-22-Apr-2026.csv
2026-05-05 23:23:13 | INFO     | pipeline.parsers.mw | Index name: NIFTY PSE
2026-05-05 23:23:13 | INFO     | pipeline.parsers.mw | MarketWatchParser result: 20 constituents
2026-05-05 23:23:13 | INFO     | pipeline.parsers.mw | MarketWatchParser: MW-NIFTY-PSE-23-Apr-2026.csv
2026-05-05 23:23:13 | INFO     | pipeline.parsers.mw | Index name: NIFTY PSE
2026-05-05 23:23:13 | INFO     | pipeline.parsers.mw | MarketWatchParser result: 20 constituents
2026-05-05 23:23:13 | INFO     | pipeline.parsers.mw | MarketWatchParser: MW-NIFTY-PSE-24-Apr-2026.csv
2026-05-05 23:23:13 | INFO     | pipeline.parsers.mw | Index name: NIFTY PSE
2026-05-05 23:23:13 | INFO     | pipeline.parsers.mw | MarketWatchParser result: 20 constituents
2026-05-05 23:23:13 | INFO     | pipeline.parsers.mw | MarketWatchParser: MW-NIFTY-PSE-24-Mar-2026.csv
2026-05-05 23:23:13 | INFO     | pipeline.parsers.mw | Index name: NIFTY PSE
2026-05-05 23:23:13 | INFO     | pipeline.parsers.mw | MarketWatchParser result: 20 constituents
2026-05-05 23:23:13 | INFO     | pipeline.parsers.mw | MarketWatchParser: MW-NIFTY-PSE-27-Apr-2026.csv
2026-05-05 23:23:13 | INFO     | pipeline.parsers.mw | Index name: NIFTY PSE
2026-05-05 23:23:13 | INFO     | pipeline.parsers.mw | MarketWatchParser result: 20 constituents
2026-05-05 23:23:13 | INFO     | pipeline.parsers.mw | MarketWatchParser: MW-NIFTY-PSE-27-Mar-2026.csv
2026-05-05 23:23:13 | INFO     | pipeline.parsers.mw | Index name: NIFTY PSE
2026-05-05 23:23:13 | INFO     | pipeline.parsers.mw | MarketWatchParser result: 20 constituents
2026-05-05 23:23:13 | INFO     | pipeline.parsers.mw | MarketWatchParser: MW-NIFTY-PSE-28-Apr-2026.csv
2026-05-05 23:23:13 | INFO     | pipeline.parsers.mw | Index name: NIFTY PSE
2026-05-05 23:23:14 | INFO     | pipeline.parsers.mw | MarketWatchParser result: 20 constituents
2026-05-05 23:23:14 | INFO     | pipeline.parsers.mw | MarketWatchParser: MW-NIFTY-PSE-29-Apr-2026.csv
2026-05-05 23:23:14 | INFO     | pipeline.parsers.mw | Index name: NIFTY PSE
2026-05-05 23:23:14 | INFO     | pipeline.parsers.mw | MarketWatchParser result: 20 constituents
2026-05-05 23:23:14 | INFO     | pipeline.parsers.mw | MarketWatchParser: MW-NIFTY-PSE-30-Mar-2026.csv
2026-05-05 23:23:14 | INFO     | pipeline.parsers.mw | Index name: NIFTY PSE
2026-05-05 23:23:14 | INFO     | pipeline.parsers.mw | MarketWatchParser result: 20 constituents
2026-05-05 23:23:14 | INFO     | pipeline.parsers.mw | MarketWatchParser: MW-NIFTY-RURAL-03-Apr-2026.csv
2026-05-05 23:23:14 | INFO     | pipeline.parsers.mw | Index name: NIFTY RURAL
2026-05-05 23:23:14 | INFO     | pipeline.parsers.mw | MarketWatchParser result: 75 constituents
2026-05-05 23:23:14 | INFO     | pipeline.parsers.mw | MarketWatchParser: MW-NIFTY-RURAL-06-Apr-2026.csv
2026-05-05 23:23:14 | INFO     | pipeline.parsers.mw | Index name: NIFTY RURAL
2026-05-05 23:23:14 | INFO     | pipeline.parsers.mw | MarketWatchParser result: 75 constituents
2026-05-05 23:23:14 | INFO     | pipeline.parsers.mw | MarketWatchParser: MW-NIFTY-RURAL-07-Apr-2026.csv
2026-05-05 23:23:14 | INFO     | pipeline.parsers.mw | Index name: NIFTY RURAL
2026-05-05 23:23:14 | INFO     | pipeline.parsers.mw | MarketWatchParser result: 75 constituents
2026-05-05 23:23:14 | INFO     | pipeline.parsers.mw | MarketWatchParser: MW-NIFTY-RURAL-08-Apr-2026.csv
2026-05-05 23:23:14 | INFO     | pipeline.parsers.mw | Index name: NIFTY RURAL
2026-05-05 23:23:14 | INFO     | pipeline.parsers.mw | MarketWatchParser result: 75 constituents
2026-05-05 23:23:14 | INFO     | pipeline.parsers.mw | MarketWatchParser: MW-NIFTY-RURAL-09-Apr-2026.csv
2026-05-05 23:23:14 | INFO     | pipeline.parsers.mw | Index name: NIFTY RURAL
2026-05-05 23:23:14 | INFO     | pipeline.parsers.mw | MarketWatchParser result: 75 constituents
2026-05-05 23:23:14 | INFO     | pipeline.parsers.mw | MarketWatchParser: MW-NIFTY-RURAL-10-Apr-2026.csv
2026-05-05 23:23:14 | INFO     | pipeline.parsers.mw | Index name: NIFTY RURAL
2026-05-05 23:23:14 | INFO     | pipeline.parsers.mw | MarketWatchParser result: 75 constituents
2026-05-05 23:23:14 | INFO     | pipeline.parsers.mw | MarketWatchParser: MW-NIFTY-RURAL-14-Apr-2026.csv
2026-05-05 23:23:14 | INFO     | pipeline.parsers.mw | Index name: NIFTY RURAL
2026-05-05 23:23:14 | INFO     | pipeline.parsers.mw | MarketWatchParser result: 75 constituents
2026-05-05 23:23:14 | INFO     | pipeline.parsers.mw | MarketWatchParser: MW-NIFTY-RURAL-15-Apr-2026.csv
2026-05-05 23:23:14 | INFO     | pipeline.parsers.mw | Index name: NIFTY RURAL
2026-05-05 23:23:14 | INFO     | pipeline.parsers.mw | MarketWatchParser result: 75 constituents
2026-05-05 23:23:14 | INFO     | pipeline.parsers.mw | MarketWatchParser: MW-NIFTY-RURAL-16-Apr-2026.csv
2026-05-05 23:23:14 | INFO     | pipeline.parsers.mw | Index name: NIFTY RURAL
2026-05-05 23:23:14 | INFO     | pipeline.parsers.mw | MarketWatchParser result: 75 constituents
2026-05-05 23:23:14 | INFO     | pipeline.parsers.mw | MarketWatchParser: MW-NIFTY-RURAL-17-Apr-2026.csv
2026-05-05 23:23:14 | INFO     | pipeline.parsers.mw | Index name: NIFTY RURAL
2026-05-05 23:23:14 | INFO     | pipeline.parsers.mw | MarketWatchParser result: 75 constituents
2026-05-05 23:23:14 | INFO     | pipeline.parsers.mw | MarketWatchParser: MW-NIFTY-RURAL-22-Apr-2026 (1).csv
2026-05-05 23:23:14 | INFO     | pipeline.parsers.mw | Index name: NIFTY RURAL 22 Apr 2026 (1)
2026-05-05 23:23:14 | INFO     | pipeline.parsers.mw | MarketWatchParser result: 75 constituents
2026-05-05 23:23:14 | INFO     | pipeline.parsers.mw | MarketWatchParser: MW-NIFTY-RURAL-22-Apr-2026.csv
2026-05-05 23:23:14 | INFO     | pipeline.parsers.mw | Index name: NIFTY RURAL
2026-05-05 23:23:14 | INFO     | pipeline.parsers.mw | MarketWatchParser result: 75 constituents
2026-05-05 23:23:14 | INFO     | pipeline.parsers.mw | MarketWatchParser: MW-NIFTY-RURAL-23-Apr-2026.csv
2026-05-05 23:23:14 | INFO     | pipeline.parsers.mw | Index name: NIFTY RURAL
2026-05-05 23:23:14 | INFO     | pipeline.parsers.mw | MarketWatchParser result: 75 constituents
2026-05-05 23:23:15 | INFO     | pipeline.parsers.mw | MarketWatchParser: MW-NIFTY-RURAL-24-Apr-2026.csv
2026-05-05 23:23:15 | INFO     | pipeline.parsers.mw | Index name: NIFTY RURAL
2026-05-05 23:23:15 | INFO     | pipeline.parsers.mw | MarketWatchParser result: 75 constituents
2026-05-05 23:23:15 | INFO     | pipeline.parsers.mw | MarketWatchParser: MW-NIFTY-RURAL-24-Mar-2026.csv
2026-05-05 23:23:15 | INFO     | pipeline.parsers.mw | Index name: NIFTY RURAL
2026-05-05 23:23:15 | INFO     | pipeline.parsers.mw | MarketWatchParser result: 75 constituents
2026-05-05 23:23:15 | INFO     | pipeline.parsers.mw | MarketWatchParser: MW-NIFTY-RURAL-27-Apr-2026.csv
2026-05-05 23:23:15 | INFO     | pipeline.parsers.mw | Index name: NIFTY RURAL
2026-05-05 23:23:15 | INFO     | pipeline.parsers.mw | MarketWatchParser result: 75 constituents
2026-05-05 23:23:15 | INFO     | pipeline.parsers.mw | MarketWatchParser: MW-NIFTY-RURAL-27-Mar-2026.csv
2026-05-05 23:23:15 | INFO     | pipeline.parsers.mw | Index name: NIFTY RURAL
2026-05-05 23:23:15 | INFO     | pipeline.parsers.mw | MarketWatchParser result: 75 constituents
2026-05-05 23:23:15 | INFO     | pipeline.parsers.mw | MarketWatchParser: MW-NIFTY-RURAL-28-Apr-2026.csv
2026-05-05 23:23:15 | INFO     | pipeline.parsers.mw | Index name: NIFTY RURAL
2026-05-05 23:23:15 | INFO     | pipeline.parsers.mw | MarketWatchParser result: 75 constituents
2026-05-05 23:23:15 | INFO     | pipeline.parsers.mw | MarketWatchParser: MW-NIFTY-RURAL-29-Apr-2026.csv
2026-05-05 23:23:15 | INFO     | pipeline.parsers.mw | Index name: NIFTY RURAL
2026-05-05 23:23:15 | INFO     | pipeline.parsers.mw | MarketWatchParser result: 75 constituents
2026-05-05 23:23:15 | INFO     | pipeline.parsers.mw | MarketWatchParser: MW-NIFTY-RURAL-30-Mar-2026.csv
2026-05-05 23:23:15 | INFO     | pipeline.parsers.mw | Index name: NIFTY RURAL
2026-05-05 23:23:15 | INFO     | pipeline.parsers.mw | MarketWatchParser result: 75 constituents
2026-05-05 23:23:15 | INFO     | pipeline.parsers.mw | MarketWatchParser: MW-NIFTY-SERVICES-SECTOR-03-Apr-2026.csv
2026-05-05 23:23:15 | INFO     | pipeline.parsers.mw | Index name: NIFTY SERVICES SECTOR
2026-05-05 23:23:15 | INFO     | pipeline.parsers.mw | MarketWatchParser result: 30 constituents
2026-05-05 23:23:15 | INFO     | pipeline.parsers.mw | MarketWatchParser: MW-NIFTY-SERVICES-SECTOR-06-Apr-2026.csv
2026-05-05 23:23:15 | INFO     | pipeline.parsers.mw | Index name: NIFTY SERVICES SECTOR
2026-05-05 23:23:15 | INFO     | pipeline.parsers.mw | MarketWatchParser result: 30 constituents
2026-05-05 23:23:15 | INFO     | pipeline.parsers.mw | MarketWatchParser: MW-NIFTY-SERVICES-SECTOR-07-Apr-2026.csv
2026-05-05 23:23:15 | INFO     | pipeline.parsers.mw | Index name: NIFTY SERVICES SECTOR
2026-05-05 23:23:15 | INFO     | pipeline.parsers.mw | MarketWatchParser result: 30 constituents
2026-05-05 23:23:15 | INFO     | pipeline.parsers.mw | MarketWatchParser: MW-NIFTY-SERVICES-SECTOR-08-Apr-2026.csv
2026-05-05 23:23:15 | INFO     | pipeline.parsers.mw | Index name: NIFTY SERVICES SECTOR
2026-05-05 23:23:15 | INFO     | pipeline.parsers.mw | MarketWatchParser result: 30 constituents
2026-05-05 23:23:15 | INFO     | pipeline.parsers.mw | MarketWatchParser: MW-NIFTY-SERVICES-SECTOR-09-Apr-2026.csv
2026-05-05 23:23:15 | INFO     | pipeline.parsers.mw | Index name: NIFTY SERVICES SECTOR
2026-05-05 23:23:15 | INFO     | pipeline.parsers.mw | MarketWatchParser result: 30 constituents
2026-05-05 23:23:15 | INFO     | pipeline.parsers.mw | MarketWatchParser: MW-NIFTY-SERVICES-SECTOR-10-Apr-2026.csv
2026-05-05 23:23:15 | INFO     | pipeline.parsers.mw | Index name: NIFTY SERVICES SECTOR
2026-05-05 23:23:15 | INFO     | pipeline.parsers.mw | MarketWatchParser result: 30 constituents
2026-05-05 23:23:15 | INFO     | pipeline.parsers.mw | MarketWatchParser: MW-NIFTY-SERVICES-SECTOR-14-Apr-2026.csv
2026-05-05 23:23:15 | INFO     | pipeline.parsers.mw | Index name: NIFTY SERVICES SECTOR
2026-05-05 23:23:15 | INFO     | pipeline.parsers.mw | MarketWatchParser result: 30 constituents
2026-05-05 23:23:15 | INFO     | pipeline.parsers.mw | MarketWatchParser: MW-NIFTY-SERVICES-SECTOR-15-Apr-2026.csv
2026-05-05 23:23:15 | INFO     | pipeline.parsers.mw | Index name: NIFTY SERVICES SECTOR
2026-05-05 23:23:15 | INFO     | pipeline.parsers.mw | MarketWatchParser result: 30 constituents
2026-05-05 23:23:15 | INFO     | pipeline.parsers.mw | MarketWatchParser: MW-NIFTY-SERVICES-SECTOR-16-Apr-2026.csv
2026-05-05 23:23:15 | INFO     | pipeline.parsers.mw | Index name: NIFTY SERVICES SECTOR
2026-05-05 23:23:15 | INFO     | pipeline.parsers.mw | MarketWatchParser result: 30 constituents
2026-05-05 23:23:16 | INFO     | pipeline.parsers.mw | MarketWatchParser: MW-NIFTY-SERVICES-SECTOR-17-Apr-2026.csv
2026-05-05 23:23:16 | INFO     | pipeline.parsers.mw | Index name: NIFTY SERVICES SECTOR
2026-05-05 23:23:16 | INFO     | pipeline.parsers.mw | MarketWatchParser result: 30 constituents
2026-05-05 23:23:16 | INFO     | pipeline.parsers.mw | MarketWatchParser: MW-NIFTY-SERVICES-SECTOR-22-Apr-2026 (1).csv
2026-05-05 23:23:16 | INFO     | pipeline.parsers.mw | Index name: NIFTY SERVICES SECTOR 22 Apr 2026 (1)
2026-05-05 23:23:16 | INFO     | pipeline.parsers.mw | MarketWatchParser result: 30 constituents
2026-05-05 23:23:16 | INFO     | pipeline.parsers.mw | MarketWatchParser: MW-NIFTY-SERVICES-SECTOR-22-Apr-2026.csv
2026-05-05 23:23:16 | INFO     | pipeline.parsers.mw | Index name: NIFTY SERVICES SECTOR
2026-05-05 23:23:16 | INFO     | pipeline.parsers.mw | MarketWatchParser result: 30 constituents
2026-05-05 23:23:16 | INFO     | pipeline.parsers.mw | MarketWatchParser: MW-NIFTY-SERVICES-SECTOR-23-Apr-2026.csv
2026-05-05 23:23:16 | INFO     | pipeline.parsers.mw | Index name: NIFTY SERVICES SECTOR
2026-05-05 23:23:16 | INFO     | pipeline.parsers.mw | MarketWatchParser result: 30 constituents
2026-05-05 23:23:16 | INFO     | pipeline.parsers.mw | MarketWatchParser: MW-NIFTY-SERVICES-SECTOR-24-Apr-2026.csv
2026-05-05 23:23:16 | INFO     | pipeline.parsers.mw | Index name: NIFTY SERVICES SECTOR
2026-05-05 23:23:16 | INFO     | pipeline.parsers.mw | MarketWatchParser result: 30 constituents
2026-05-05 23:23:16 | INFO     | pipeline.parsers.mw | MarketWatchParser: MW-NIFTY-SERVICES-SECTOR-24-Mar-2026.csv
2026-05-05 23:23:16 | INFO     | pipeline.parsers.mw | Index name: NIFTY SERVICES SECTOR
2026-05-05 23:23:16 | INFO     | pipeline.parsers.mw | MarketWatchParser result: 30 constituents
2026-05-05 23:23:16 | INFO     | pipeline.parsers.mw | MarketWatchParser: MW-NIFTY-SERVICES-SECTOR-27-Apr-2026.csv
2026-05-05 23:23:16 | INFO     | pipeline.parsers.mw | Index name: NIFTY SERVICES SECTOR
2026-05-05 23:23:16 | INFO     | pipeline.parsers.mw | MarketWatchParser result: 30 constituents
2026-05-05 23:23:16 | INFO     | pipeline.parsers.mw | MarketWatchParser: MW-NIFTY-SERVICES-SECTOR-27-Mar-2026.csv
2026-05-05 23:23:16 | INFO     | pipeline.parsers.mw | Index name: NIFTY SERVICES SECTOR
2026-05-05 23:23:16 | INFO     | pipeline.parsers.mw | MarketWatchParser result: 30 constituents
2026-05-05 23:23:16 | INFO     | pipeline.parsers.mw | MarketWatchParser: MW-NIFTY-SERVICES-SECTOR-28-Apr-2026 (1).csv
2026-05-05 23:23:16 | INFO     | pipeline.parsers.mw | Index name: NIFTY SERVICES SECTOR 28 Apr 2026 (1)
2026-05-05 23:23:16 | INFO     | pipeline.parsers.mw | MarketWatchParser result: 30 constituents
2026-05-05 23:23:16 | INFO     | pipeline.parsers.mw | MarketWatchParser: MW-NIFTY-SERVICES-SECTOR-28-Apr-2026.csv
2026-05-05 23:23:16 | INFO     | pipeline.parsers.mw | Index name: NIFTY SERVICES SECTOR
2026-05-05 23:23:16 | INFO     | pipeline.parsers.mw | MarketWatchParser result: 30 constituents
2026-05-05 23:23:16 | INFO     | pipeline.parsers.mw | MarketWatchParser: MW-NIFTY-SERVICES-SECTOR-29-Apr-2026.csv
2026-05-05 23:23:16 | INFO     | pipeline.parsers.mw | Index name: NIFTY SERVICES SECTOR
2026-05-05 23:23:16 | INFO     | pipeline.parsers.mw | MarketWatchParser result: 30 constituents
2026-05-05 23:23:16 | INFO     | pipeline.parsers.mw | MarketWatchParser: MW-NIFTY-SERVICES-SECTOR-30-Mar-2026.csv
2026-05-05 23:23:16 | INFO     | pipeline.parsers.mw | Index name: NIFTY SERVICES SECTOR
2026-05-05 23:23:16 | INFO     | pipeline.parsers.mw | MarketWatchParser result: 30 constituents
2026-05-05 23:23:16 | INFO     | pipeline.parsers.mw | MarketWatchParser: MW-NIFTY-TRANSPORTATION-&-LOGISTICS-03-Apr-2026.csv
2026-05-05 23:23:16 | INFO     | pipeline.parsers.mw | Index name: NIFTY TRANSPORTATION & LOGISTICS
2026-05-05 23:23:16 | INFO     | pipeline.parsers.mw | MarketWatchParser result: 30 constituents
2026-05-05 23:23:16 | INFO     | pipeline.parsers.mw | MarketWatchParser: MW-NIFTY-TRANSPORTATION-&-LOGISTICS-06-Apr-2026.csv
2026-05-05 23:23:16 | INFO     | pipeline.parsers.mw | Index name: NIFTY TRANSPORTATION & LOGISTICS
2026-05-05 23:23:16 | INFO     | pipeline.parsers.mw | MarketWatchParser result: 30 constituents
2026-05-05 23:23:16 | INFO     | pipeline.parsers.mw | MarketWatchParser: MW-NIFTY-TRANSPORTATION-&-LOGISTICS-07-Apr-2026.csv
2026-05-05 23:23:16 | INFO     | pipeline.parsers.mw | Index name: NIFTY TRANSPORTATION & LOGISTICS
2026-05-05 23:23:16 | INFO     | pipeline.parsers.mw | MarketWatchParser result: 30 constituents
2026-05-05 23:23:16 | INFO     | pipeline.parsers.mw | MarketWatchParser: MW-NIFTY-TRANSPORTATION-&-LOGISTICS-08-Apr-2026.csv
2026-05-05 23:23:16 | INFO     | pipeline.parsers.mw | Index name: NIFTY TRANSPORTATION & LOGISTICS
2026-05-05 23:23:16 | INFO     | pipeline.parsers.mw | MarketWatchParser result: 30 constituents
2026-05-05 23:23:16 | INFO     | pipeline.parsers.mw | MarketWatchParser: MW-NIFTY-TRANSPORTATION-&-LOGISTICS-09-Apr-2026.csv
2026-05-05 23:23:16 | INFO     | pipeline.parsers.mw | Index name: NIFTY TRANSPORTATION & LOGISTICS
2026-05-05 23:23:16 | INFO     | pipeline.parsers.mw | MarketWatchParser result: 30 constituents
2026-05-05 23:23:16 | INFO     | pipeline.parsers.mw | MarketWatchParser: MW-NIFTY-TRANSPORTATION-&-LOGISTICS-10-Apr-2026.csv
2026-05-05 23:23:16 | INFO     | pipeline.parsers.mw | Index name: NIFTY TRANSPORTATION & LOGISTICS
2026-05-05 23:23:16 | INFO     | pipeline.parsers.mw | MarketWatchParser result: 30 constituents
2026-05-05 23:23:16 | INFO     | pipeline.parsers.mw | MarketWatchParser: MW-NIFTY-TRANSPORTATION-&-LOGISTICS-14-Apr-2026.csv
2026-05-05 23:23:16 | INFO     | pipeline.parsers.mw | Index name: NIFTY TRANSPORTATION & LOGISTICS
2026-05-05 23:23:17 | INFO     | pipeline.parsers.mw | MarketWatchParser result: 30 constituents
2026-05-05 23:23:17 | INFO     | pipeline.parsers.mw | MarketWatchParser: MW-NIFTY-TRANSPORTATION-&-LOGISTICS-15-Apr-2026.csv
2026-05-05 23:23:17 | INFO     | pipeline.parsers.mw | Index name: NIFTY TRANSPORTATION & LOGISTICS
2026-05-05 23:23:17 | INFO     | pipeline.parsers.mw | MarketWatchParser result: 30 constituents
2026-05-05 23:23:17 | INFO     | pipeline.parsers.mw | MarketWatchParser: MW-NIFTY-TRANSPORTATION-&-LOGISTICS-16-Apr-2026.csv
2026-05-05 23:23:17 | INFO     | pipeline.parsers.mw | Index name: NIFTY TRANSPORTATION & LOGISTICS
2026-05-05 23:23:17 | INFO     | pipeline.parsers.mw | MarketWatchParser result: 30 constituents
2026-05-05 23:23:17 | INFO     | pipeline.parsers.mw | MarketWatchParser: MW-NIFTY-TRANSPORTATION-&-LOGISTICS-17-Apr-2026.csv
2026-05-05 23:23:17 | INFO     | pipeline.parsers.mw | Index name: NIFTY TRANSPORTATION & LOGISTICS
2026-05-05 23:23:17 | INFO     | pipeline.parsers.mw | MarketWatchParser result: 30 constituents
2026-05-05 23:23:17 | INFO     | pipeline.parsers.mw | MarketWatchParser: MW-NIFTY-TRANSPORTATION-&-LOGISTICS-22-Apr-2026 (1).csv
2026-05-05 23:23:17 | INFO     | pipeline.parsers.mw | Index name: NIFTY TRANSPORTATION & LOGISTICS 22 Apr 2026 (1)
2026-05-05 23:23:17 | INFO     | pipeline.parsers.mw | MarketWatchParser result: 30 constituents
2026-05-05 23:23:17 | INFO     | pipeline.parsers.mw | MarketWatchParser: MW-NIFTY-TRANSPORTATION-&-LOGISTICS-22-Apr-2026.csv
2026-05-05 23:23:17 | INFO     | pipeline.parsers.mw | Index name: NIFTY TRANSPORTATION & LOGISTICS
2026-05-05 23:23:17 | INFO     | pipeline.parsers.mw | MarketWatchParser result: 30 constituents
2026-05-05 23:23:17 | INFO     | pipeline.parsers.mw | MarketWatchParser: MW-NIFTY-TRANSPORTATION-&-LOGISTICS-23-Apr-2026.csv
2026-05-05 23:23:17 | INFO     | pipeline.parsers.mw | Index name: NIFTY TRANSPORTATION & LOGISTICS
2026-05-05 23:23:17 | INFO     | pipeline.parsers.mw | MarketWatchParser result: 30 constituents
2026-05-05 23:23:17 | INFO     | pipeline.parsers.mw | MarketWatchParser: MW-NIFTY-TRANSPORTATION-&-LOGISTICS-24-Apr-2026.csv
2026-05-05 23:23:17 | INFO     | pipeline.parsers.mw | Index name: NIFTY TRANSPORTATION & LOGISTICS
2026-05-05 23:23:17 | INFO     | pipeline.parsers.mw | MarketWatchParser result: 30 constituents
2026-05-05 23:23:17 | INFO     | pipeline.parsers.mw | MarketWatchParser: MW-NIFTY-TRANSPORTATION-&-LOGISTICS-24-Mar-2026.csv
2026-05-05 23:23:17 | INFO     | pipeline.parsers.mw | Index name: NIFTY TRANSPORTATION & LOGISTICS
2026-05-05 23:23:17 | INFO     | pipeline.parsers.mw | MarketWatchParser result: 30 constituents
2026-05-05 23:23:17 | INFO     | pipeline.parsers.mw | MarketWatchParser: MW-NIFTY-TRANSPORTATION-&-LOGISTICS-27-Apr-2026.csv
2026-05-05 23:23:17 | INFO     | pipeline.parsers.mw | Index name: NIFTY TRANSPORTATION & LOGISTICS
2026-05-05 23:23:17 | INFO     | pipeline.parsers.mw | MarketWatchParser result: 30 constituents
2026-05-05 23:23:17 | INFO     | pipeline.parsers.mw | MarketWatchParser: MW-NIFTY-TRANSPORTATION-&-LOGISTICS-27-Mar-2026.csv
2026-05-05 23:23:17 | INFO     | pipeline.parsers.mw | Index name: NIFTY TRANSPORTATION & LOGISTICS
2026-05-05 23:23:17 | INFO     | pipeline.parsers.mw | MarketWatchParser result: 30 constituents
2026-05-05 23:23:17 | INFO     | pipeline.parsers.mw | MarketWatchParser: MW-NIFTY-TRANSPORTATION-&-LOGISTICS-28-Apr-2026.csv
2026-05-05 23:23:17 | INFO     | pipeline.parsers.mw | Index name: NIFTY TRANSPORTATION & LOGISTICS
2026-05-05 23:23:17 | INFO     | pipeline.parsers.mw | MarketWatchParser result: 30 constituents
2026-05-05 23:23:17 | INFO     | pipeline.parsers.mw | MarketWatchParser: MW-NIFTY-TRANSPORTATION-&-LOGISTICS-29-Apr-2026.csv
2026-05-05 23:23:17 | INFO     | pipeline.parsers.mw | Index name: NIFTY TRANSPORTATION & LOGISTICS
2026-05-05 23:23:17 | INFO     | pipeline.parsers.mw | MarketWatchParser result: 30 constituents
2026-05-05 23:23:17 | INFO     | pipeline.parsers.mw | MarketWatchParser: MW-NIFTY-TRANSPORTATION-&-LOGISTICS-30-Mar-2026.csv
2026-05-05 23:23:17 | INFO     | pipeline.parsers.mw | Index name: NIFTY TRANSPORTATION & LOGISTICS
2026-05-05 23:23:17 | INFO     | pipeline.parsers.mw | MarketWatchParser result: 30 constituents
